﻿levelType,code,catalogType,name,description,emissionsFactorGroup.factorCode
CATEGORY,Pedestrian Lighting,ITEM,Pedestrian Lighting,Category code for Pedestrian Lighting,
CATEGORY,Downlights,ITEM,Downlights,Category code for Downlights,Fabricated metal products
CATEGORY,Bulbs,ITEM,Bulbs,Category code for Bulbs,"Electrical equipment, appliances, other"
CATEGORY,Controllers,ITEM,Controllers,Category code for Controllers,Computer and electronic products
CATEGORY,Enclosures,ITEM,Enclosures,Category code for Enclosures,Fabricated metal products
CATEGORY,High Voltage Electrical,ITEM,High Voltage Electrical,Category code for High Voltage Electrical,"Electrical equipment, appliances, other"
CATEGORY,Lenses,ITEM,Lenses,Category code for Lenses,Nonmetallic mineral products
CATEGORY,Luminaire,ITEM,Luminaire,Category code for Luminaire,"Electrical equipment, appliances, other"
CATEGORY,Mechanicals,ITEM,Mechanicals,Category code for Mechanicals,Machinery
CATEGORY,Primary Chassis,ITEM,Primary Chassis,Category code for Primary Chassis,Fabricated metal products
CATEGORY,Primary Foundation,ITEM,Primary Foundation,Category code for Primary Foundation,Fabricated metal products
CATEGORY,Secondary Chassis,ITEM,Secondary Chassis,Category code for Secondary Chassis,Fabricated metal products
CATEGORY,Electrical,ITEM,Electrical,Category code for Electrical, 
CATEGORY,Fiber Optics,ITEM,Fiber Optics,Category code for Fiber Optics,Nonmetallic mineral products
