﻿partNumber,productType,category.code,value,valueCurrency,name,description
BBG-3256,ITEM,Bulbs,14,USD,RGBW Module,Compact module with RGBW LEDs for versatile color-changing and decorative lighting applications.
HBS-8201,ITEM,Bulbs,18,USD,RGBW Neon Flex,Flexible RGBW LED neon flex that offers vibrant color-changing and decorative lighting solutions.
LGC-1234,ITEM,Bulbs,17,USD,RGBW Neon Tube,Flexible RGBW LED neon tube that offers versatile color-changing and decorative lighting possibilities.
LCD-9387,ITEM,Bulbs,17,USD,RGBW Strip,Flexible LED strip with RGBW color output
ICB-3456,ITEM,Bulbs,5,USD,UV LED Strip,Flexible LED strip that emits UV light for various applications
HCC-9065,ITEM,Bulbs,5,USD,Neon Flex,Flexible neon lighting solution that offers the look and feel of traditional neon with enhanced flexibility and durability.
HFL-1294,ITEM,Bulbs,11,USD,Color Changing Bulb,Bulb that offers a wide range of color options and color-changing capabilities for dynamic lighting effects.
RAS-5287,ITEM,Bulbs,7,USD,OLED Display,Flexible OLED display module that integrates lighting controls and information display functionalities.
PAD-9012,ITEM,Bulbs,18,USD,Neon Tube,Flexible neon tube that mimics the look and glow of traditional neon lighting
IAS-4359,ITEM,Bulbs,19,USD,RGBW Neon Tape,Flexible RGBW LED neon tape that allows for creative and decorative lighting installations.
IAW-5748,ITEM,Bulbs,6,USD,LED Neon Tube,Flexible LED neon tube that replicates the look and feel of traditional neon lighting with enhanced energy efficiency.
LBF-6789,ITEM,Bulbs,6,USD,RGB Strip,Flexible LED strip with RGB color output for dynamic and customizable lighting effects.
PBL-7985,ITEM,Bulbs,10,USD,RGB Tape,Flexible LED tape with RGB color-changing capabilities
29000462,ITEM,Bulbs,95,USD,NaHP-TC Sodium Bulb 480V,Bulbs - NaHP-TC Sodium Bulb 480V
29000469,ITEM,Bulbs,108,USD,NaHP-TC Sodium Bulb 600v,Bulbs - NaHP-TC Sodium Bulb 600v
LEB-5306,ITEM,Controllers,48,USD,Wi-Fi Dimmer,Dimmer module with built-in Wi-Fi connectivity for wireless and remote dimming control of lighting fixtures.
RFU-6803,ITEM,Controllers,35,USD,Wireless Wall Controller,Battery-operated wall controller for wireless control of lighting fixtures and scenes.
RFH-2486,ITEM,Controllers,14,USD,Wireless Wall Dimmer,Battery-operated wall dimmer for wireless and convenient control of lighting intensity.
BFC-3942,ITEM,Controllers,24,USD,Wireless Wall Dimmer Switch,Battery-powered wireless wall dimmer switch for convenient control of lighting intensity.
BFI-3726,ITEM,Controllers,47,USD,Wireless Wall Keypad,Battery-operated wall keypad for wireless control and scene selection in lighting systems.
BFM-8943,ITEM,Controllers,19,USD,Wireless Remote Control,Handheld remote control for wireless operation and adjustment of lighting scenes and settings.
BFS-3698,ITEM,Controllers,21,USD,Wireless Wall Switch,Battery-powered wireless wall switch for convenient control and operation of lighting fixtures.
PFS-9435,ITEM,Controllers,22,USD,Wireless Touch Panel,Touch-sensitive panel for wireless control and adjustment of lighting scenes and intensity.
RGF-8902,ITEM,Controllers,23,USD,Z-Wave Dimmer,Dimmer module compatible with Z-Wave protocol for wireless dimming control of lighting fixtures.
HFL-9452,ITEM,Controllers,34,USD,Z-Wave Gateway,Gateway device that enables Z-Wave communication and integration of lighting control systems.
HCP-5203,ITEM,Controllers,41,USD,Ambient Light Sensor,Sensor module that detects ambient light levels and adjusts lighting accordingly for energy efficiency.
RVC-5802,ITEM,Controllers,30,USD,Color Controller,Controller module that allows precise adjustment and control of color parameters for customizable lighting.
BCM-4567,ITEM,Controllers,33,USD,Daylight Sensor,Sensor module that detects natural daylight levels and adjusts artificial lighting accordingly for energy efficiency.
RFC-5023,ITEM,Controllers,29,USD,Control Module,Intelligent control module for seamless integration and precise control of LED lighting systems.
LCF-7852,ITEM,Controllers,45,USD,Light Level Sensor,Sensor module that detects ambient light levels and triggers lighting adjustments for energy efficiency.
LCP-6205,ITEM,Controllers,40,USD,Motion Sensor,Motion-activated sensor that detects movement and triggers lighting fixtures
LCT-9273,ITEM,Controllers,13,USD,Motion Sensor,Motion sensor module that detects movement and triggers lighting
LCW-6138,ITEM,Controllers,46,USD,Neon Sign Module,LED module designed for creating neon-like signs and displays
HDC-5709,ITEM,Controllers,35,USD,Occupancy Sensor,Occupancy sensor that detects human presence and triggers lighting
HDD-2468,ITEM,Controllers,30,USD,Overheat Sensor,Sensor that detects excessive heat in lighting fixtures
BDG-8514,ITEM,Controllers,22,USD,Illumination Sensor,High-precision sensor that measures and adjusts light levels in real-time for optimal illumination control.
RDS-4952,ITEM,Controllers,49,USD,PIR Sensor,Passive infrared (PIR) sensor that detects human presence and triggers lighting
LDF-9376,ITEM,Controllers,48,USD,RGBW Pixel Module,Pixel-based lighting module with RGBW color output for pixel mapping and dynamic lighting effects.
LDL-7890,ITEM,Controllers,24,USD,Scene Controller,Controller module with preset scene options for easy and convenient lighting scene selection and customization.
HDL-8612,ITEM,Controllers,28,USD,LED Panel,Ultra-thin LED panel designed for sleek and modern lighting installations.
GSD-2814,ITEM,Controllers,25,USD,Smart Lighting Controller,Intelligent lighting controller with advanced automation features for seamless control of lighting systems.
PDM-5847,ITEM,Controllers,15,USD,Sound-Activated Module,Module that synchronizes lighting effects with sound or music
GDS-8365,ITEM,Controllers,46,USD,RGB Controller,Advanced RGB controller that enables precise color tuning and dynamic lighting effects.
GDT-3587,ITEM,Controllers,22,USD,Touch Panel Dimmer,User-friendly touch panel dimmer with intuitive controls for effortless lighting adjustment.
GDT-2147,ITEM,Controllers,40,USD,Wireless Touch Keypad,Touch-sensitive keypad for wireless control and adjustment of lighting scenes and settings.
FET-1357,ITEM,Controllers,42,USD,Wi-Fi Controller,Controller module with Wi-Fi connectivity for convenient and wireless control of lighting fixtures and scenes.
7900128,ITEM,Controllers,320,USD,"Lighting Controller, Base Mounted, 480volt, 200amp","Controllers - Lighting Controller, Base Mounted, 480volt, 200amp"
82500380,ITEM,Controllers,350,USD,"Lighting Controller, Base Mounted, 600volt, 200amp","Controllers - Lighting Controller, Base Mounted, 600volt, 200amp"
LGC-3871,ITEM,Downlights,10,USD,Architectural Spotlight,Architectural spotlight fixture that offers precise and focused lighting for highlighting architectural details.
RGH-6349,ITEM,Downlights,29,USD,Architectural Wall Light,Wall-mounted lighting fixture with architectural design for enhancing the aesthetics of indoor spaces.
RGS-3490,ITEM,Downlights,41,USD,Recessed Downlight,Recessed downlight with adjustable beam angles for precise and focused illumination.
RCH-8743,ITEM,Downlights,15,USD,Picture Light,Picture light designed to illuminate artwork and photographs with adjustable beam angles and focused lighting.
RHC-9183,ITEM,Downlights,35,USD,Track Spotlight,Track-mounted spotlight that offers adjustable and focused lighting for highlighting artwork and displays.
RHS-0123,ITEM,Downlights,23,USD,Linear Track Light,Linear track lighting fixture with adjustable beam angles for directional and focused lighting.
RFC-7241,ITEM,Downlights,32,USD,Track Lighting Kit,Complete track lighting kit with adjustable beam angles for versatile and customizable lighting setups.
HSP-5283,ITEM,Downlights,32,USD,CCT Downlight,Recessed downlight with adjustable color temperature (CCT) settings for versatile and adaptable lighting solutions.
LHC-4023,ITEM,Downlights,44,USD,Glass Chandelier,Exquisite glass chandelier that adds a touch of sophistication and elegance to any space.
PHD-2659,ITEM,Downlights,42,USD,Pendant Cluster,Clustered pendant lights that create a visually striking centerpiece
PIS-6781,ITEM,Downlights,14,USD,Pendant Light,Pendant light with a spherical design that creates a soft and diffused lighting effect.
HSI-8901,ITEM,Downlights,33,USD,Pendant Fixture,Stylish pendant light fixture featuring a spherical design for modern and elegant lighting installations.
GJB-2861,ITEM,Downlights,10,USD,RGBW Spot Light,Spotlight fixture with RGBW color output for versatile and dynamic lighting applications.
RLP-5891,ITEM,Electrical,8,USD,Light Guide Panel,Ultra-thin light guide panel that uniformly distributes light with high efficiency and minimal light loss.
ILT-5316,ITEM,Electrical,12,USD,Smart Strip,Flexible LED strip with integrated smart features
RCK-2053,ITEM,Electrical,8,USD,Bluetooth Speaker Light,Combination of a Bluetooth speaker and a lighting fixture for multi-functional and space-saving solutions.
PLP-8492,ITEM,Electrical,3,USD,Bluetooth Gateway,Gateway device that enables Bluetooth communication and integration of lighting control systems.
LFD-4563,ITEM,Electrical,5,USD,RGBW Chip,High-performance RGBW LED chip with precise color mixing capabilities for vibrant and accurate color rendering.
LNT-1849,ITEM,Electrical,15,USD,High-CRI LED Chip,LED chip engineered for high color rendering index (CRI) values
LSP-3125,ITEM,Electrical,11,USD,DMX Merger,Device that merges multiple DMX signals into a single output
PGD-8287,ITEM,Electrical,8,USD,DMX Splitter,DMX splitter device that distributes DMX signals to multiple lighting fixtures
PLF-3297,ITEM,Electrical,15,USD,DMX Terminator,Device used to terminate DMX signal lines
LLP-2315,ITEM,Electrical,9,USD,DMX Tester,Portable device for testing and troubleshooting DMX lighting systems
LGR-7015,ITEM,Electrical,12,USD,Emergency Battery Pack,Battery pack module that provides backup power in case of power outages
RLS-9637,ITEM,Electrical,14,USD,Circuit Board,Flexible circuit board with integrated illumination components
RPL-7854,ITEM,Electrical,10,USD,LED Driver,Flexible LED driver with customizable output profiles for versatile lighting applications.
PSL-9487,ITEM,Electrical,15,USD,RGBW Wall Panel,Wall-mounted panel with RGBW LED lights for creating colorful and dynamic lighting displays.
RGS-7593,ITEM,Electrical,11,USD,EL Tape,Electroluminescent tape that emits a uniform glow
CLD-6478,ITEM,Electrical,4,USD,Graphene Heat Sink,Heat sink with a graphene layer that provides superior thermal conductivity and cooling performance.
CWL-4159,ITEM,Electrical,4,USD,Graphene Heat Spreader,Heat spreader with a graphene layer that efficiently distributes heat in lighting systems
CLL-6874,ITEM,Electrical,11,USD,Amplification Diode,Cutting-edge diode that efficiently amplifies photon energy for optimal lighting efficiency.
LLP-4045,ITEM,Electrical,13,USD,Capacitor,High-performance capacitor that emits a radiant glow when charged.
RCR-9375,ITEM,Enclosures,14,USD,UV-C Disinfection Module,Module that emits UV-C light for effective disinfection and sterilization
RLC-9402,ITEM,Enclosures,14,USD,Vapor Chamber,Vapor chamber cooling solution that enhances heat dissipation in high-performance lighting fixtures.
HMS-4681,ITEM,Enclosures,12,USD,Vapor Chamber Cooler,Vapor chamber cooler that efficiently dissipates heat from lighting fixtures for optimal performance.
RMS-7156,ITEM,Enclosures,13,USD,UV Disinfection Module,Module that emits UV light for effective disinfection of surfaces and air in various environments.
FNF-2136,ITEM,Enclosures,7,USD,UV Germicidal Module,Module that emits UV-C light for effective sterilization and disinfection
FNS-6179,ITEM,Enclosures,6,USD,Plant Growth Module,Module that emits specialized wavelengths of light to support plant growth in indoor gardening applications.
GNT-2871,ITEM,Enclosures,9,USD,UV Inspection Module,Module that emits UV light for inspection and verification of UV-reactive markings and materials.
ROS-8491,ITEM,Enclosures,5,USD,Light Module,High-intensity light module for professional-grade lighting applications with exceptional brightness.
LOD-7690,ITEM,Enclosures,15,USD,Laser Projection Module,Module that projects laser patterns and images
BOL-3519,ITEM,Enclosures,5,USD,UV Sterilization Module,Module that emits UV-C light for powerful and efficient sterilization of surfaces and air in various environments.
IOF-9154,ITEM,Enclosures,11,USD,UV-C LED Strip,LED strip that emits UV-C light for effective germicidal and sterilization purposes in various applications.
7900063,ITEM,Enclosures,50,USD,"Junction Box 8"" X 24"" X 10""","Enclosures - Junction Box 8"" X 24"" X 10"""
IWW-5273,ITEM,Fiber Optics,4,USD,Fiber Optic Cable,Fiber optic cable designed for efficient light transmission
HOS-1932,ITEM,Fiber Optics,14,USD,Fiber Optic Illuminator,Illuminator module that provides light source for fiber optic lighting installations
LPC-5749,ITEM,Fiber Optics,10,USD,Fiber Optic Module,Fiber optic lighting module that efficiently delivers light over long distances with minimal light loss.
LPF-6793,ITEM,Fiber Optics,9,USD,Fiber Optic Spotlight,Spotlight fixture that utilizes fiber optic technology for precise and focused lighting in architectural and artistic applications.
LPL-6218,ITEM,Fiber Optics,9,USD,Fiber Optic Star Ceiling Kit,Kit that creates a stunning starry effect on ceilings using fiber optic lighting
LRC-3590,ITEM,High Voltage Electrical,81,USD,Wireless Hub,Central hub device that connects and synchronizes multiple wireless lighting control systems in a single network.
LSC-9842,ITEM,High Voltage Electrical,31,USD,Wireless Motion Sensor,Battery-powered wireless motion sensor that triggers lighting based on detected movement for convenience and energy savings.
LRS-7291,ITEM,High Voltage Electrical,40,USD,Wireless Motion Dimmer,Battery-powered wireless motion dimmer that adjusts lighting intensity based on detected movement
IRT-7821,ITEM,High Voltage Electrical,50,USD,Wireless Wall Plate,Battery-powered wireless wall plate for convenient control and synchronization of lighting systems.
PRC-9627,ITEM,High Voltage Electrical,66,USD,Wireless Receiver,Wireless receiver module that enables synchronized control and coordination of multiple lighting fixtures.
LCL-1726,ITEM,High Voltage Electrical,94,USD,Wireless Transmitter,Wireless transmitter module that enables synchronized control of multiple lighting fixtures and systems.
LRD-2897,ITEM,High Voltage Electrical,39,USD,Wireless Lighting Hub,Central hub device that wirelessly controls and synchronizes multiple lighting fixtures and systems.
LRL-2194,ITEM,High Voltage Electrical,83,USD,Zigbee Dimmer,Dimmer module compatible with Zigbee protocol for wireless and synchronized dimming control of lighting fixtures.
LRM-2168,ITEM,High Voltage Electrical,25,USD,Zigbee Dimmable Driver,Dimmable driver module compatible with Zigbee protocol for wireless dimming control of lighting fixtures.
RNF-3276,ITEM,High Voltage Electrical,87,USD,Zigbee Gateway,Gateway device that enables communication and control of Zigbee-based lighting systems.
2510188,ITEM,High Voltage Electrical,412,USD,U/G Supply To Pole-Mounted Luminaire,High Voltage Electrical - U/G Supply To Pole-Mounted Luminaire
9665304,ITEM,High Voltage Electrical,422,USD,U/G Supply To Pole-Mounted Luminaire At The,High Voltage Electrical - U/G Supply To Pole-Mounted Luminaire At The
23000362,ITEM,High Voltage Electrical,455,USD,"Electric Cable In Conduit, 600v","High Voltage Electrical - Electric Cable In Conduit, 600v"
81028220,ITEM,High Voltage Electrical,122,USD,"Underground Conduit, Galvanized Steel, 3"" Dia.","High Voltage Electrical - Underground Conduit, Galvanized Steel, 3"" Dia."
81603000,ITEM,High Voltage Electrical,55,USD,"Unit Duct, 600v, 2-1c No. 8, 1/C No. 8 Ground, (Xlp-Type Use),","High Voltage Electrical - Unit Duct, 600v, 2-1c No. 8, 1/C No. 8 Ground, (Xlp-Type Use),"
81603030,ITEM,High Voltage Electrical,55,USD,"Unit Duct, 600v, 2-1c No. 4, 1/C No. 6 Ground, (Xlp-Type Use),","High Voltage Electrical - Unit Duct, 600v, 2-1c No. 4, 1/C No. 6 Ground, (Xlp-Type Use),"
86000121,ITEM,High Voltage Electrical,55,USD,"Unit Duct, 600v, 4-1c No.6, 1/C No.6 Ground","High Voltage Electrical - Unit Duct, 600v, 4-1c No.6, 1/C No.6 Ground"
86000123,ITEM,High Voltage Electrical,55,USD,"Unit Duct, 600v, 2-1c No.4, 1/C No.6 Ground","High Voltage Electrical - Unit Duct, 600v, 2-1c No.4, 1/C No.6 Ground"
86000124,ITEM,High Voltage Electrical,55,USD,"Unit Duct, 600v, 2-1c No.2, 1/C No.4 Ground","High Voltage Electrical - Unit Duct, 600v, 2-1c No.2, 1/C No.4 Ground"
HPL-9023,ITEM,High Voltage Electrical,36,USD,High-Efficiency Driver,Driver module with advanced efficiency features to maximize the performance of high-power LEDs.
RPS-6931,ITEM,High Voltage Electrical,62,USD,DALI Controller,Controller module that enables DALI (Digital Addressable Lighting Interface) control and management of lighting systems.
PPG-9284,ITEM,High Voltage Electrical,89,USD,DALI Dimmer,DALI-compatible dimmer module that enables smooth and precise dimming control in DALI lighting systems.
PPF-2037,ITEM,High Voltage Electrical,35,USD,DALI Gateway,Gateway device that enables DALI (Digital Addressable Lighting Interface) control and integration.
GPC-2345,ITEM,High Voltage Electrical,41,USD,Junction Box,Junction box designed for secure electrical connections in lighting installations.
GPB-8291,ITEM,High Voltage Electrical,84,USD,Power Distribution Bar,Distribution bar for organized power distribution and connection of lighting fixtures in a centralized manner.
GPB-6742,ITEM,High Voltage Electrical,33,USD,Power Distribution Block,Distribution block for efficient and organized electrical power distribution in lighting systems.
GPU-4759,ITEM,High Voltage Electrical,60,USD,Power Converter,State-of-the-art power converter for seamless conversion and regulation of electrical energy.
GPC-3046,ITEM,High Voltage Electrical,67,USD,Power Extension Cable,Extension cable designed to extend the reach of power connections in lighting setups.
GEC-6752,ITEM,High Voltage Electrical,46,USD,Power Extension Cord,Extension cord designed to extend the reach of power connections in lighting installations.
CPD-6705,ITEM,High Voltage Electrical,61,USD,Power Distribution Unit,Centralized power distribution unit for efficient and organized power supply to multiple lighting fixtures.
CPD-2348,ITEM,High Voltage Electrical,40,USD,RF Dimmer,RF (radio frequency) dimmer module for wireless and synchronized dimming control of lighting fixtures.
CPL-8026,ITEM,High Voltage Electrical,29,USD,RF Dimmer Switch,Dimmer switch module with RF (radio frequency) technology for wireless and synchronized dimming control.
IPL-5418,ITEM,High Voltage Electrical,49,USD,RF Gateway,Gateway device that enables RF (radio frequency) communication and integration of lighting control systems.
LRD-7361,ITEM,High Voltage Electrical,97,USD,RF Gateway,Gateway device that enables RF (radio frequency) communication and integration of lighting control systems.
RRM-5678,ITEM,High Voltage Electrical,32,USD,RF Remote Controller,Remote controller with RF (radio frequency) technology for wireless and long-range control of lighting fixtures.
BRD-5048,ITEM,High Voltage Electrical,78,USD,Smart Dimmer,Intelligent dimmer module with integrated smart features for seamless dimming and energy-saving capabilities.
BRD-6105,ITEM,High Voltage Electrical,68,USD,Surge Protector,Protective device that safeguards lighting systems against power surges and voltage fluctuations.
BRG-8312,ITEM,High Voltage Electrical,20,USD,DMX Decoder,DMX decoder module that receives and decodes DMX signals for precise and synchronized control of lighting fixtures.
RSE-7025,ITEM,Lenses,40,USD,UV Filter Glass,Glass filter that selectively blocks UV radiation while allowing visible light to pass through
LSD-2398,ITEM,Lenses,30,USD,Polarizing Film,Polarizing film accessory that controls and enhances light polarization for specific lighting requirements.
LSC-8126,ITEM,Lenses,14,USD,Light Shaping Lens,Lens accessory that shapes and directs light output for precise and controlled lighting effects.
LFS-8240,ITEM,Lenses,31,USD,Beam Shaping Lens,Lens accessory that shapes light beams into specific patterns or spreads for artistic lighting effects.
BSM-7130,ITEM,Lenses,21,USD,Light Shield,Protective shield designed to minimize light spill and glare
PGP-9652,ITEM,Lenses,33,USD,UV Filter,UV filter designed to selectively filter out harmful UV radiation while allowing visible light to pass through.
LTL-5847,ITEM,Lenses,28,USD,Prismatic Diffuser,Prismatic diffuser that enhances light dispersion and creates captivating lighting patterns and effects.
RTM-3681,ITEM,Lenses,29,USD,Prismatic Lens,Prismatic lens that enhances light diffusion and creates captivating lighting patterns and visual effects.
RTP-5094,ITEM,Lenses,10,USD,Prism Diffuser,Diffuser panel with prism pattern designed to refract light
LTP-5674,ITEM,Lenses,47,USD,Zoom Lens,Variable zoom lens that allows for adjustable beam angles
39000221,ITEM,Lenses,190,USD,230 cm Acrylic Street Lamp Lens,Lenses - 230 cm Acrylic Street Lamp Lens
39000224,ITEM,Lenses,203,USD,340 cm Acrylic Street Lamp Lens,Lenses - 340 cm Acrylic Street Lamp Lens
LNT-4293,ITEM,Lenses,49,USD,Beam Focuser,Precision beam focuser that enables accurate directionality and beam control.
RNT-5129,ITEM,Lenses,20,USD,Optical Lens,Optical lens with specialized optics for precisely shaping and focusing light beams.
LRM-5961,ITEM,Lenses,43,USD,Projection Lens,Specialized lens for creating sharp and focused light projections in architectural and entertainment lighting.
IRS-6291,ITEM,Lenses,11,USD,Reflector Module,Advanced reflector module designed to enhance and amplify light output.
LFS-4637,ITEM,Lenses,45,USD,Diffusion Lens,Clear lens with optimized diffusion properties for uniform light dispersion.
IWP-3586,ITEM,Lenses,35,USD,Color Changing Panel,LED panel that offers a wide range of color options and color-changing capabilities for vibrant and dynamic lighting displays.
LWW-8024,ITEM,Lenses,26,USD,Light Diffuser,Diffuser accessory designed to provide even light distribution and minimize glare in lighting applications.
LSC-6182,ITEM,Lenses,32,USD,Light Filter,Light filter accessory that modifies and controls the spectral output of light sources for precise color manipulation.
2000287,ITEM,Luminaire,112,USD,"Luminaire, Metal Halide, Horizontal Mount, 70 Watt, Special","Luminaire - Luminaire, Metal Halide, Horizontal Mount, 70 Watt, Special"
8210677,ITEM,Luminaire,189,USD,"Luminaire, Metal Halide, Horizontal Mount, 400 Watt, Special","Luminaire - Luminaire, Metal Halide, Horizontal Mount, 400 Watt, Special"
9665303,ITEM,Luminaire,950,USD,Cobra Head Luminaire,Luminaire - Cobra Head Luminaire
45000222,ITEM,Luminaire,774,USD,"Luminaire, Sodium Vapor, Horizontal Mount, 400 Watt","Luminaire - Luminaire, Sodium Vapor, Horizontal Mount, 400 Watt"
45000223,ITEM,Luminaire,774,USD,"Luminaire, Sodium Vapor, Horizontal Mount, 600 Watt","Luminaire - Luminaire, Sodium Vapor, Horizontal Mount, 600 Watt"
45000225,ITEM,Luminaire,774,USD,"Luminaire, Sodium Vapor, Horizontal Mount, 800 Watt","Luminaire - Luminaire, Sodium Vapor, Horizontal Mount, 800 Watt"
45000226,ITEM,Luminaire,774,USD,"Luminaire, Sodium Vapor, Horizontal Mount, 1000 Watt","Luminaire - Luminaire, Sodium Vapor, Horizontal Mount, 1000 Watt"
PUI-8357,ITEM,Luminaire,29,USD,Linear Pendant,Linear pendant light fixture with a sleek and modern design
UVS-6019,ITEM,Luminaire,30,USD,RGBW Downlight,Recessed downlight with RGBW color output for creating colorful and immersive lighting atmospheres.
PUV-3826,ITEM,Luminaire,45,USD,RGBW Linear Light,Linear lighting fixture with RGBW color output for dynamic and colorful lighting displays and installations.
RUV-6093,ITEM,Luminaire,27,USD,Tunable White Bulb,Bulb with tunable white light output
UVS-8326,ITEM,Luminaire,23,USD,Tunable White Panel,LED panel with tunable white light output
PUC-6593,ITEM,Luminaire,12,USD,Tunable White Strip,Flexible LED strip with tunable white light output
RVC-5823,ITEM,Luminaire,42,USD,RGBW Wall Washer,Wall-mounted lighting fixture that delivers wide-angle and uniform RGBW color washes for captivating visual effects.
LTK-1842,ITEM,Luminaire,27,USD,Linear Pendant,Linear pendant light fixture with a sleek design that provides focused and uniform illumination.
RTP-4926,ITEM,Luminaire,19,USD,Track Pendant,Pendant light fixture designed for track systems
ITS-1356,ITEM,Luminaire,47,USD,Outdoor Wall Washer,Outdoor wall-mounted lighting fixture that delivers wide-angle and uniform light washes for architectural and decorative lighting.
HTF-4297,ITEM,Luminaire,49,USD,Wall Washer,Wall-mounted lighting fixture that provides wide-angle and uniform light washes for architectural and decorative lighting.
LTW-1265,ITEM,Luminaire,45,USD,RGBW Cove Light,Linear lighting fixture designed for cove lighting applications
LTP-4873,ITEM,Luminaire,13,USD,Decorative Filament,Decorative filament with unique patterns and designs
LTS-1482,ITEM,Luminaire,50,USD,Filament,Specialty filament designed to emit a warm and radiant glow reminiscent of vintage lighting.
PDM-5479,ITEM,Luminaire,30,USD,Wall Sconce,Wall-mounted sconce with a warm and inviting glow
GUV-1267,ITEM,Luminaire,17,USD,Wall Wash Sconce,Wall-mounted sconce that delivers a soft and uniform wash of light
PFG-4951,ITEM,Luminaire,35,USD,Illuminator,Unique illuminator that creates a captivating halo effect around the light source.
PUG-9482,ITEM,Luminaire,22,USD,Linear Diffuser,Linear diffuser with specialized design for even light distribution and reduced hotspots in linear lighting fixtures.
PIC-7206,ITEM,Luminaire,49,USD,Linear Lens,Linear lens with specific optics for precise light distribution and uniform illumination in linear lighting fixtures.
7900012,ITEM,Mechanicals,5,USD,"Bolt Machine 5/8"" X 10""- 11 Unc Square Head And Nut","Mechanicals - Bolt Machine 5/8"" X 10""- 11 Unc Square Head And Nut"
7900014,ITEM,Mechanicals,19,USD,"Buckle 3/4"" Banding Steel","Mechanicals - Buckle 3/4"" Banding Steel"
7900015,ITEM,Mechanicals,3,USD,"Washer Curved Square Galv 2"" X 2"" For 4"" Bolt","Mechanicals - Washer Curved Square Galv 2"" X 2"" For 4"" Bolt"
9664144,ITEM,Mechanicals,24,USD,"Banding Stainless Steel 0.030"" X 100' Roll","Mechanicals - Banding Stainless Steel 0.030"" X 100' Roll"
9665306,ITEM,Mechanicals,3,USD,"Washer Galv Square 2"" X 2"" For 3"" Bolt","Mechanicals - Washer Galv Square 2"" X 2"" For 3"" Bolt"
RVCC-5309,ITEM,Mechanicals,54,USD,Heat Sink Fan Combo,Combination of a heat sink and fan for efficient heat dissipation in lighting fixtures.
RCK-2073,ITEM,Mechanicals,38,USD,Fan Filter Unit,Filter unit with an integrated fan that provides filtered airflow for cooling and dust protection in lighting fixtures.
RVS-3582,ITEM,Mechanicals,60,USD,Heat Pipe Cooler,Heat pipe cooler that efficiently dissipates heat from lighting components
LWS-4275,ITEM,Mechanicals,27,USD,Silicone Encapsulant,Protective silicone encapsulant that enhances durability and resistance to environmental factors in lighting components.
LWS-8124,ITEM,Mechanicals,32,USD,Thermal Interface Material,High-performance thermal interface material that enhances heat transfer between lighting components and heat sinks.
HWL-7219,ITEM,Mechanicals,60,USD,Heat Spreader Plate,Heat spreader plate that efficiently distributes heat in lighting systems
GWC-4593,ITEM,Mechanicals,20,USD,UV Ink Curing Module,Module that emits UV light for rapid curing of UV-sensitive inks in printing and manufacturing processes.
LWC-1468,ITEM,Mechanicals,45,USD,UV-LED Curing Module,Module that emits UV-LED light for rapid curing of adhesives
GWJ-9315,ITEM,Pedestrian Lighting,38,USD,Display Light,Lighting fixture designed for illuminating displays and exhibits with focused and adjustable lighting.
PWC-7182,ITEM,Pedestrian Lighting,113,USD,Outdoor Floodlight,Outdoor floodlight with a powerful beam for illuminating large areas and architectural features.
PWD-5371,ITEM,Pedestrian Lighting,115,USD,Adjustable Floor Lamp,Adjustable floor lamp that provides versatile and directional lighting for various settings.
GWG-7634,ITEM,Pedestrian Lighting,135,USD,Floor Lamp,Stylish and adjustable floor lamp that provides focused and directional lighting for various settings.
BWH-7132,ITEM,Pedestrian Lighting,49,USD,Tripod Floor Lamp,Floor lamp with a tripod base that provides stability and adjustable lighting angles.
LWH-6413,ITEM,Pedestrian Lighting,102,USD,Crystal Ceiling Fan,Ceiling fan with crystal accents that combines airflow and lighting in an elegant design.
GMD-2468,ITEM,Pedestrian Lighting,155,USD,Crystal Table Lamp,Table lamp adorned with crystals that refract light
GMS-2498,ITEM,Pedestrian Lighting,27,USD,Crystal Pendant,Elegant pendant light featuring a crystal design that creates a stunning play of light and shadow.
HWR-8246,ITEM,Pedestrian Lighting,127,USD,Crystal Wall Sconce,Wall-mounted sconce with crystal embellishments that refract light
LRC-8361,ITEM,Pedestrian Lighting,171,USD,Table Lamp,Table lamp that emits a warm and inviting glow
2530003,ITEM,Primary Chassis,1290,USD,Pole Concrete 35' Round Class C Direct Buried,Primary Chassis - Pole Concrete 35' Round Class C Direct Buried
2530020,ITEM,Primary Chassis,1180,USD,Pole Concrete 30' Round Class C Direct Buried,Primary Chassis - Pole Concrete 30' Round Class C Direct Buried
7903986,ITEM,Primary Chassis,990,USD,Pole Concrete 25' Round Class C Base Mounted,Primary Chassis - Pole Concrete 25' Round Class C Base Mounted
8220072,ITEM,Primary Chassis,1452,USD,Pole Concrete 40' Round Class C Direct Buried,Primary Chassis - Pole Concrete 40' Round Class C Direct Buried
83008200,ITEM,Primary Chassis,2398,USD,"Light Pole, Aluminum, 40 Ft. M.H., 6 Ft. Mast Arm Each 17","Primary Chassis - Light Pole, Aluminum, 40 Ft. M.H., 6 Ft. Mast Arm Each 17"
83008300,ITEM,Primary Chassis,4592,USD,"Light Pole, Aluminum, 40 Ft. M.H., 8 Ft. Mast Arm Each 7","Primary Chassis - Light Pole, Aluminum, 40 Ft. M.H., 8 Ft. Mast Arm Each 7"
83008400,ITEM,Primary Chassis,5530,USD,"Light Pole, Aluminum, 40 Ft. M.H., 10 Ft. Mast Arm Each 37","Primary Chassis - Light Pole, Aluminum, 40 Ft. M.H., 10 Ft. Mast Arm Each 37"
89820200,ITEM,Primary Chassis,2349,USD,"Light Pole, Galvanized Steel, 50 Ft. M.H., 12 Ft. Mast Arm, Twin","Primary Chassis - Light Pole, Galvanized Steel, 50 Ft. M.H., 12 Ft. Mast Arm, Twin"
83600200,ITEM,Primary Foundation,1287,USD,"Light Pole Foundation, 24"" Diameter","Primary Foundation - Light Pole Foundation, 24"" Diameter"
83600300,ITEM,Primary Foundation,1456,USD,"Light Pole Foundation, 30"" Diameter","Primary Foundation - Light Pole Foundation, 30"" Diameter"
LTK-4962,ITEM,Secondary Chassis,32,USD,Cooling Fan,High-performance cooling fan designed to maintain optimal operating temperatures for lighting fixtures.
LTP-9674,ITEM,Secondary Chassis,14,USD,Liquid Cooling Kit,Comprehensive liquid cooling kit for efficient heat dissipation in high-performance lighting systems.
BWT-1054,ITEM,Secondary Chassis,46,USD,Vapor Cooling Kit,Comprehensive vapor cooling kit for efficient heat dissipation in high-temperature lighting systems.
LWC-6012,ITEM,Secondary Chassis,76,USD,Heat Pipe,Heat pipe solution for effective and efficient heat dissipation in high-temperature lighting environments.
LWD-9612,ITEM,Secondary Chassis,45,USD,Liquid Cooling Radiator,Radiator component for liquid cooling systems that efficiently dissipates heat from lighting fixtures.
LWD-2374,ITEM,Secondary Chassis,22,USD,Fanless Heat Sink,Fanless heat sink solution for silent and efficient heat dissipation in noise-sensitive environments.
LWK-2746,ITEM,Secondary Chassis,60,USD,Liquid Cooling System,Comprehensive liquid cooling system for effective heat dissipation in high-powered lighting setups.
GWP-7501,ITEM,Secondary Chassis,17,USD,Vapor Cooling System,Vapor cooling system for efficient heat dissipation in high-power and high-temperature lighting applications.
LWS-7912,ITEM,Secondary Chassis,56,USD,Heat Sink,Efficient heat sink with advanced thermal management capabilities for dissipating excess heat.
BZD-5938,ITEM,Secondary Chassis,23,USD,Thermal Pad,High-performance thermal pad designed to efficiently transfer heat away from lighting components for thermal management.
BZD-5197,ITEM,Secondary Chassis,74,USD,Waterproof Connector,Waterproof connector designed to ensure secure and reliable connections in outdoor lighting setups.
BZG-1462,ITEM,Secondary Chassis,59,USD,Waveform Controller,Controller module that generates dynamic lighting waveforms for creating stunning visual effects and patterns.
BMZ-5779,ITEM,Secondary Chassis,20,USD,Linear Light Guide,Linear light guide designed to distribute light evenly and efficiently in linear lighting applications.
BZD-3569,ITEM,Secondary Chassis,29,USD,Light Guide Rod,Light guide rod for efficient and uniform light distribution in lighting fixtures and displays.
BZG-6809,ITEM,Secondary Chassis,60,USD,Weatherproof Junction Box,Durable and weatherproof junction box for secure electrical connections in outdoor lighting applications.
9664145,ITEM,Secondary Chassis,833,USD,Bracket Al Tapered 6' Reach,Secondary Chassis - Bracket Al Tapered 6' Reach
9664146,ITEM,Secondary Chassis,1032,USD,Bracket Al Tapered 8' Reach,Secondary Chassis - Bracket Al Tapered 8' Reach
9664147,ITEM,Secondary Chassis,976,USD,Bracket Al Tapered 7' Rise,Secondary Chassis - Bracket Al Tapered 7' Rise
