﻿locationIdentifier,locationType,locationName,country
AFX - El Paso,CARRIER,Air Freight Express - El Paso,USA
Alumi-lux - Nashua,SUPPLIER,Alumi-lux Metal Products - Nashua,USA
Amos - Philadelphia,SUPPLIER,Amos Wire Products Inc - Philadelphia,USA
Autonomic - Morgantown,SUPPLIER,Autonomic Specialties - Morgantown,USA
Benchmark - Wheaton,SUPPLIER,Benchmark Lighting - Wheaton,USA
Brewers - Phoenix,SUPPLIER,Brewers Manufacturing - Phoenix,USA
Core - Saranac Lake,SUPPLIER,Core Components of North America - Saranac Lake,USA
Corporal - Tulsa,SUPPLIER,Corporal Brass - Tulsa,USA
Dunham - Centralia,CARRIER,Dunham Lines - Centralia,USA
EM - Hemphill,SUPPLIER,Engineered Materials - Hemphill,USA
Exclusive - Billings,SUPPLIER,Exclusive Plastics - Billings,USA
F & M - Columbus,SUPPLIER,F & M Metals - Columbus,USA
Flexilux - Worcester,SUPPLIER,Flexilux Industries - Worcester,USA
Gaylor - Ocean Springs,SUPPLIER,Gaylor Design - Ocean Springs,USA
Gemini - Dallas,SUPPLIER,Gemini Design Technology - Dallas,USA
Glickman - Waterford,SUPPLIER,Glickman Lighting - Waterford,USA
Groulsh - Charleston,SUPPLIER,Groulsh Industries - Charleston,USA
Hardy - Salina,SUPPLIER,Hardy Industries - Salina,USA
Holloway - Phoenix,SUPPLIER,Holloway Lighting Parts - Phoenix,USA
Howard - Vineyard Haven,SUPPLIER,Howard Plastics - Vineyard Haven,USA
Interalloy - Bozeman,SUPPLIER,Interalloy Corporation - Bozeman,USA
J&R - Montgomery,SUPPLIER,J&R Plastics - Montgomery,USA
Lex - Ocean Pines,SUPPLIER,Lex Filters - Ocean Pines,USA
LightLens - Ipswich ,SUPPLIER,LightLens Industries - Ipswich ,GBR
Litesource - San Antonio,SUPPLIER,Litesource Chrystal - San Antonio,USA
Lorel - Sioux Falls,SUPPLIER,Lorel Lamps Parts - Sioux Falls,USA
LT-1,OPERATIONS,LightTree Plant 1 Birmingham,USA
LT-10,OPERATIONS,LightTree Plant 10 Barcelona,ESP
LT-2,OPERATIONS,LightTree Plant 2 Tuscaloosa,USA
LT-3,OPERATIONS,LightTree Plant 3 Atlanta,USA
LT-4,OPERATIONS,LightTree Plant 4 Austin,USA
LT-5,OPERATIONS,LightTree Plant 5 Toronto,CAN
LT-6,OPERATIONS,LightTree Plant 6 Vancouver,CAN
LT-7,OPERATIONS,LightTree Plant 7 Mexico City,MEX
LT-8,OPERATIONS,LightTree Plant 8 Monterrey,MEX
LT-9,OPERATIONS,LightTree Plant 9 Berlin,DEU
Luminar - Palm Beach Gardens,SUPPLIER,Luminar Lines - Palm Beach Gardens,USA
McGrey - Mt Sterling,SUPPLIER,McGrey Electrical - Mt Sterling,USA
Mueller - Pittsburgh,SUPPLIER,Mueller OEM - Pittsburgh,USA
NatEx - Pawtucket,CARRIER,NatEx - Pawtucket,USA
Paltronix - Wilmington,SUPPLIER,Paltronix - Wilmington,USA
Plastico - Glen Allen,SUPPLIER,Plastico - Glen Allen,USA
Plastilite - Scottsdale,SUPPLIER,Plastilite Corporation - Scottsdale,USA
Plexilux - Springfield,SUPPLIER,Plexilux - Springfield,USA
Press - Albany,SUPPLIER,Press Lite Industries - Albany,USA
R.G.D. - Oxon Hill,SUPPLIER,R.G.D. Lighting Components - Oxon Hill,USA
R&J - Vancouver,SUPPLIER,R&J Lamp Supply - Vancouver,USA
Ripley - Trenton,SUPPLIER,Ripley Controls - Trenton,USA
RLP - Troy,SUPPLIER,RLP Lighting Components - Troy,USA
Robinson - Sacramento,SUPPLIER,Robinson Glass - Sacramento,USA
RPS - Philadelphia,CARRIER,RPS - Philadelphia,USA
RSQ - Narragansett,SUPPLIER,RSQ Lighting - Narragansett,USA
Rylo - Spiro,SUPPLIER,Rylo Thermic Shields - Spiro,USA
SA - Loretto,SUPPLIER,SA Lighting - Loretto,USA
Salco - Atlanta,SUPPLIER,Salco - Atlanta,USA
SilverOptics - Dover,SUPPLIER,SilverOptics - Dover,USA
Southwestern - Woodland,SUPPLIER,Southwestern Louver Company - Woodland,USA
Special - Southlake,SUPPLIER,Special Effects Light Co - Southlake,USA
Thermal - Cincinnati,SUPPLIER,Thermal Surface Systems - Cincinnati,USA
Total Source - Waukesha,SUPPLIER,Total Source Extrusion Corporation - Waukesha,USA
TranEx - Kansas City,CARRIER,TranEx - Kansas City,USA
TransOceanic - Slater,CARRIER,TransOceanic - Slater,USA
UXS - Madison,CARRIER,UXS - Madison,USA
Venice - Artesia,SUPPLIER,Venice Lamp and Shade - Artesia,USA
