﻿organizationIdentifier,orgType,name,primaryContact.contactIdentifier
Alumi-lux,SUPPLIER,Alumi-lux Metal Products,Alumi-luxJohnWarren
Amos,SUPPLIER,Amos Wire Products Inc,AmosSophiaCarter
Autonomic,SUPPLIER,Autonomic Specialties,AutonomicVirgilioRichmond
Benchmark,SUPPLIER,Benchmark Lighting,BenchmarkJuanCunningham
Brewers,SUPPLIER,Brewers Manufacturing,BrewersViolaWiggins
Core,SUPPLIER,Core Components of North America,CoreAlexanderGamble
Corporal,SUPPLIER,Corporal Brass,CorporalGastonLawson
EM,SUPPLIER,Engineered Materials,EMLeonaBeltran
Exclusive,SUPPLIER,Exclusive Plastics,ExclusiveEthanRamirez
F & M,SUPPLIER,F & M Metals,F & MMargaretHarrell
Flexilux,SUPPLIER,Flexilux Industries,FlexiluxMackRogers
Gaylor,SUPPLIER,Gaylor Design,GaylorMillardMorales
Gemini,SUPPLIER,Gemini Design Technology,GeminiCourtneyQuinn
Glickman,SUPPLIER,Glickman Lighting,GlickmanElnoraPrice
Groulsh,SUPPLIER,Groulsh Industries,GroulshMillieIbarra
Hardy,SUPPLIER,Hardy Industries,HardyDelBaird
Holloway,SUPPLIER,Holloway Lighting Parts,HollowayOliviaBennett
Howard,SUPPLIER,Howard Plastics,HowardPearlSpears
Interalloy,SUPPLIER,Interalloy Corporation,InteralloyBufordStokes
J&R,SUPPLIER,J&R Plastics,J&RTristanFaulkner
Lex,SUPPLIER,Lex Filters,LexBonitaMatthews
LightLens,SUPPLIER,LightLens Industries,LightLensEmilyWalker
Litesource,SUPPLIER,Litesource Chrystal,LitesourceNicholeMckay
Lorel,SUPPLIER,Lorel Lamps Parts,LorelSebastianMullen
Luminar,SUPPLIER,Luminar Lines,LuminarTaniaWoods
McGrey,SUPPLIER,McGrey Electrical,McGreyMarcusJohnson
Mueller,SUPPLIER,Mueller OEM,MuellerNataliaBallard
Paltronix,SUPPLIER,Paltronix,PaltronixTrinaHerrera
Plastico,SUPPLIER,Plastico,PlasticoAdalbertoColeman
Plastilite,SUPPLIER,Plastilite Corporation,PlastiliteKermitDay
Plexilux,SUPPLIER,Plexilux,PlexiluxGranvilleHenry
Press,SUPPLIER,Press Lite Industries,PressMalcomSanders
R&J,SUPPLIER,R&J Lamp Supply,R&JJuanitaLong
R.G.D.,SUPPLIER,R.G.D. Lighting Components,R.G.D.GarthHuynh
Ripley,SUPPLIER,Ripley Controls,RipleyFredrickJordan
RLP,SUPPLIER,RLP Lighting Components,RLPHoustonOsborne
Robinson,SUPPLIER,Robinson Glass,RobinsonPauletteWilkinson
RSQ,SUPPLIER,RSQ Lighting,RSQIsaiasHodges
Rylo,SUPPLIER,Rylo Thermic Shields,RyloLeifBright
SA,SUPPLIER,SA Lighting,SAJerrellRaymond
Salco,SUPPLIER,Salco,SalcoRodrigoRandall
SilverOptics,SUPPLIER,SilverOptics,SilverOpticsHeribertoKnox
Southwestern,SUPPLIER,Southwestern Louver Company,SouthwesternStephanieGeorge
Special,SUPPLIER,Special Effects Light Co,SpecialStacieCampos
Thermal,SUPPLIER,Thermal Surface Systems,ThermalDavidGreen
Total Source,SUPPLIER,Total Source Extrusion Corporation,Total SourceNumbersHuff
Venice,SUPPLIER,Venice Lamp and Shade,VeniceZacharyWoodward
AFX,CARRIER,Air Freight Express,AFXPabloHenson
Dunham,CARRIER,Dunham Lines,DunhamLennyHardy
NatEx,CARRIER,NatEx,NatExLynnHawkins
TransOceanic,CARRIER,TransOceanic,TransOceanicIrvingChung
UXS,CARRIER,UXS,UXSDouglassPitts
TranEx,CARRIER,TranEx,TranExLeannBrewer
RPS,CARRIER,RPS,RPSEdwinaKhan
LightTree,OPERATIONS,LightTree,LightTreeJordonMorgan
