﻿contactIdentifier,firstName,lastName,emailAddress
Alumi-luxJohnWarren,John,Warren,john.warren@alumi-lux.com
AmosSophiaCarter,Sophia,Carter,sophia.carter@amos.com
AutonomicVirgilioRichmond,Virgilio,Richmond,virgilio.richmond@autonomic.com
BenchmarkJuanCunningham,Juan,Cunningham,juan.cunningham@benchmark.com
BrewersViolaWiggins,Viola,Wiggins,viola.wiggins@brewers.com
CoreAlexanderGamble,Alexander,Gamble,alexander.gamble@core.com
CorporalGastonLawson,Gaston,Lawson,gaston.lawson@corporal.com
EMLeonaBeltran,Leona,Beltran,leona.beltran@em.com
ExclusiveEthanRamirez,Ethan,Ramirez,ethan.ramirez@exclusive.com
F & MMargaretHarrell,Margaret,Harrell,margaret.harrell@f & m.com
FlexiluxMackRogers,Mack,Rogers,mack.rogers@flexilux.com
GaylorMillardMorales,Millard,Morales,millard.morales@gaylor.com
GeminiCourtneyQuinn,Courtney,Quinn,courtney.quinn@gemini.com
GlickmanElnoraPrice,Elnora,Price,elnora.price@glickman.com
GroulshMillieIbarra,Millie,Ibarra,millie.ibarra@groulsh.com
HardyDelBaird,Del,Baird,del.baird@hardy.com
HollowayOliviaBennett,Olivia,Bennett,olivia.bennett@holloway.com
HowardPearlSpears,Pearl,Spears,pearl.spears@howard.com
InteralloyBufordStokes,Buford,Stokes,buford.stokes@interalloy.com
J&RTristanFaulkner,Tristan,Faulkner,tristan.faulkner@j&r.com
LexBonitaMatthews,Bonita,Matthews,bonita.matthews@lex.com
LightLensEmilyWalker,Emily,Walker,emily.walker@lightlens.com
LitesourceNicholeMckay,Nichole,Mckay,nichole.mckay@litesource.com
LorelSebastianMullen,Sebastian,Mullen,sebastian.mullen@lorel.com
LuminarTaniaWoods,Tania,Woods,tania.woods@luminar.com
McGreyMarcusJohnson,Marcus,Johnson,marcus.johnson@mcgrey.com
MuellerNataliaBallard,Natalia,Ballard,natalia.ballard@mueller.com
PaltronixTrinaHerrera,Trina,Herrera,trina.herrera@paltronix.com
PlasticoAdalbertoColeman,Adalberto,Coleman,adalberto.coleman@plastico.com
PlastiliteKermitDay,Kermit,Day,kermit.day@plastilite.com
PlexiluxGranvilleHenry,Granville,Henry,granville.henry@plexilux.com
PressMalcomSanders,Malcom,Sanders,malcom.sanders@press.com
R&JJuanitaLong,Juanita,Long,juanita.long@r&j.com
R.G.D.GarthHuynh,Garth,Huynh,garth.huynh@r.g.d..com
RipleyFredrickJordan,Fredrick,Jordan,fredrick.jordan@ripley.com
RLPHoustonOsborne,Houston,Osborne,houston.osborne@rlp.com
RobinsonPauletteWilkinson,Paulette,Wilkinson,paulette.wilkinson@robinson.com
RSQIsaiasHodges,Isaias,Hodges,isaias.hodges@rsq.com
RyloLeifBright,Leif,Bright,leif.bright@rylo.com
SAJerrellRaymond,Jerrell,Raymond,jerrell.raymond@sa.com
SalcoRodrigoRandall,Rodrigo,Randall,rodrigo.randall@salco.com
SilverOpticsHeribertoKnox,Heriberto,Knox,heriberto.knox@silveroptics.com
SouthwesternStephanieGeorge,Stephanie,George,stephanie.george@southwestern.com
SpecialStacieCampos,Stacie,Campos,stacie.campos@special.com
ThermalDavidGreen,David,Green,david.green@thermal.com
Total SourceNumbersHuff,Numbers,Huff,numbers.huff@total source.com
VeniceZacharyWoodward,Zachary,Woodward,zachary.woodward@venice.com
AFXPabloHenson,Pablo,Henson,pablo.henson@afx.com
DunhamLennyHardy,Lenny,Hardy,lenny.hardy@dunham.com
NatExLynnHawkins,Lynn,Hawkins,lynn.hawkins@natex.com
TransOceanicIrvingChung,Irving,Chung,irving.chung@transoceanic.com
UXSDouglassPitts,Douglass,Pitts,douglass.pitts@uxs.com
TranExLeannBrewer,Leann,Brewer,leann.brewer@tranex.com
RPSEdwinaKhan,Edwina,Khan,edwina.khan@rps.com
LightTreeJordonMorgan,Jordon,Morgan,jordon.morgan@lighttree.com
