supplier.organizationIdentifier,complianceRecordType,sourceType,product.partNumber,recordIdentifier,validFrom,validTo,score,scoreCalculationMethod,scorePrimaryDataRatio,scoreVariance,sourceUrlLink.url
Holloway,PCF,Supplier,HDD-2468,2023-06-01T00:00:00Z,2023-06-01T00:00:00Z,,22.9,Sector LCA,0.34,0.03,https://lighttree.com/pcf/HDD-2468
Holloway,PCF,Supplier,LCW-6138,2023-06-01T00:00:00Z,2023-06-01T00:00:00Z,,482.9,Commodity data,0,0.21,https://lighttree.com/pcf/LCW-6138
Holloway,PCF,Supplier,LDF-9376,2023-06-01T00:00:00Z,2023-06-01T00:00:00Z,,31.6,Sub-commodity data,0,0.04,https://lighttree.com/pcf/LDF-9376
Holloway,PCF,Supplier,BDG-8514,2023-06-01T00:00:00Z,2023-06-01T00:00:00Z,,15.7,Supplier LCA,0.26,0.75,https://lighttree.com/pcf/BDG-8514
Holloway,PCF,Supplier,RDS-4952,2023-06-01T00:00:00Z,2023-06-01T00:00:00Z,,21.2,Sector LCA,0.31,0.75,https://lighttree.com/pcf/RDS-4952
Holloway,PCF,Supplier,HDC-5709,2023-06-01T00:00:00Z,2023-06-01T00:00:00Z,,24,Sector LCA,0.38,0.75,https://lighttree.com/pcf/HDC-5709
