supplier.organizationIdentifier,complianceRecordType,sourceType,product.partNumber,recordIdentifier,validFrom,validTo,score,scoreCalculationMethod,scorePrimaryDataRatio,scoreVariance,sourceUrlLink.url
Litesource,PCF,Supplier,GUV-1267,2023-02-02T00:00:00Z,2023-02-02T00:00:00Z,,18.2,Supplier LCA,0.96,0.15,https://lighttree.com/pcf/GUV-1267
Litesource,PCF,Supplier,HTF-4297,2023-02-02T00:00:00Z,2023-02-02T00:00:00Z,,51.5,Sub-commodity data,0,0.14,https://lighttree.com/pcf/HTF-4297
Litesource,PCF,Supplier,IRS-6291,2023-02-02T00:00:00Z,2023-02-02T00:00:00Z,,1.2,Commodity data,0,0.1,https://lighttree.com/pcf/IRS-6291
Litesource,PCF,Supplier,ITS-1356,2023-02-02T00:00:00Z,2023-02-02T00:00:00Z,,46.1,Supplier LCA,0.81,0.01,https://lighttree.com/pcf/ITS-1356
Litesource,PCF,Supplier,LFS-4637,2023-02-02T00:00:00Z,2023-02-02T00:00:00Z,,1.1,Commodity data,0,0.1,https://lighttree.com/pcf/LFS-4637
Litesource,PCF,Supplier,LRM-5961,2023-02-02T00:00:00Z,2023-02-02T00:00:00Z,,1,Commodity data,0,0.1,https://lighttree.com/pcf/LRM-5961
Litesource,PCF,Supplier,LTK-1842,2023-02-02T00:00:00Z,2023-02-02T00:00:00Z,,13.2,Supplier LCA,0.98,0.19,https://lighttree.com/pcf/LTK-1842
Litesource,PCF,Supplier,LTP-4873,2023-02-02T00:00:00Z,2023-02-02T00:00:00Z,,70.1,Supplier LCA,0.6,0.01,https://lighttree.com/pcf/LTP-4873
Litesource,PCF,Supplier,LTS-1482,2023-02-02T00:00:00Z,2023-02-02T00:00:00Z,,51,Supplier LCA,0.95,0.14,https://lighttree.com/pcf/LTS-1482
Litesource,PCF,Supplier,LTW-1265,2023-02-02T00:00:00Z,2023-02-02T00:00:00Z,,52.7,Supplier LCA,0.87,0.19,https://lighttree.com/pcf/LTW-1265
Litesource,PCF,Supplier,PDM-5479,2023-02-02T00:00:00Z,2023-02-02T00:00:00Z,,30.3,Sector LCA,0.45,0.75,https://lighttree.com/pcf/PDM-5479
Litesource,PCF,Supplier,PFG-4951,2023-02-02T00:00:00Z,2023-02-02T00:00:00Z,,6.7,Supplier LCA,0.86,0.01,https://lighttree.com/pcf/PFG-4951
Litesource,PCF,Supplier,PIC-7206,2023-02-02T00:00:00Z,2023-02-02T00:00:00Z,,14.5,Supplier LCA,0.55,0.19,https://lighttree.com/pcf/PIC-7206
Litesource,PCF,Supplier,PUG-9482,2023-02-02T00:00:00Z,2023-02-02T00:00:00Z,,9.7,Supplier LCA,0.86,0.03,https://lighttree.com/pcf/PUG-9482
Litesource,PCF,Supplier,RTP-4926,2023-02-02T00:00:00Z,2023-02-02T00:00:00Z,,47.8,Commodity data,0,0.09,https://lighttree.com/pcf/RTP-4926
