supplier.organizationIdentifier,complianceRecordType,sourceType,product.partNumber,recordIdentifier,validFrom,validTo,score,scoreCalculationMethod,scorePrimaryDataRatio,scoreVariance,sourceUrlLink.url
McGrey,PCF,Supplier,2530003,2023-05-15T00:00:00Z,2023-05-15T00:00:00Z,,131.75,Sub-commodity data,0,0.36,https://lighttree.com/pcf/2530003
McGrey,PCF,Supplier,2530020,2023-05-15T00:00:00Z,2023-05-15T00:00:00Z,,113.375,Sub-commodity data,0,0.38,https://lighttree.com/pcf/2530020
McGrey,PCF,Supplier,7903986,2023-05-15T00:00:00Z,2023-05-15T00:00:00Z,,102.25,Sub-commodity data,0,0.24,https://lighttree.com/pcf/7903986
McGrey,PCF,Supplier,8220072,2023-05-15T00:00:00Z,2023-05-15T00:00:00Z,,182.5,Sub-commodity data,0,0.34,https://lighttree.com/pcf/8220072
McGrey,PCF,Supplier,23000362,2023-05-15T00:00:00Z,2023-05-15T00:00:00Z,,13.875,Sub-commodity data,0,0.24,https://lighttree.com/pcf/23000362
McGrey,PCF,Supplier,81028220,2023-05-15T00:00:00Z,2023-05-15T00:00:00Z,,4.125,Sub-commodity data,0,0.08,https://lighttree.com/pcf/81028220
McGrey,PCF,Supplier,81603000,2023-05-15T00:00:00Z,2023-05-15T00:00:00Z,,6,Sub-commodity data,0,0.82,https://lighttree.com/pcf/81603000
McGrey,PCF,Supplier,81603030,2023-05-15T00:00:00Z,2023-05-15T00:00:00Z,,1.5,Sub-commodity data,0,0.68,https://lighttree.com/pcf/81603030
McGrey,PCF,Supplier,86000121,2023-05-15T00:00:00Z,2023-05-15T00:00:00Z,,1.625,Sub-commodity data,0,1.12,https://lighttree.com/pcf/86000121
McGrey,PCF,Supplier,86000123,2023-05-15T00:00:00Z,2023-05-15T00:00:00Z,,4.375,Supplier LCA,0.95,0.03,https://lighttree.com/pcf/86000123
McGrey,PCF,Supplier,86000124,2023-05-15T00:00:00Z,2023-05-15T00:00:00Z,,6,Sub-commodity data,0,0.48,https://lighttree.com/pcf/86000124
McGrey,PCF,Supplier,GPC-2345,2023-05-15T00:00:00Z,2023-05-15T00:00:00Z,,18.125,Sub-commodity data,0,0.34,https://lighttree.com/pcf/GPC-2345
McGrey,PCF,Supplier,PPF-2037,2023-05-15T00:00:00Z,2023-05-15T00:00:00Z,,2.875,Supplier LCA,0.76,0.06,https://lighttree.com/pcf/PPF-2037
McGrey,PCF,Supplier,PPG-9284,2023-05-15T00:00:00Z,2023-05-15T00:00:00Z,,2.875,Sub-commodity data,0,0.42,https://lighttree.com/pcf/PPG-9284
McGrey,PCF,Supplier,RPL-7854,2023-05-15T00:00:00Z,2023-05-15T00:00:00Z,,91.375,Supplier LCA,0.65,0.03,https://lighttree.com/pcf/RPL-7854
McGrey,PCF,Supplier,RPS-6931,2023-05-15T00:00:00Z,2023-05-15T00:00:00Z,,2.25,Supplier LCA,0.85,0.05,https://lighttree.com/pcf/RPS-6931
