Supplier ID,Product ID,Product carbon footprint,Calculation method,Valid from,validTo,Primary data share,Variance,Third party verified,Verification details,Status
Holloway,HDD-2468,22.9,Sector LCA,2023-06-02,,0.34,0.03,Yes,Verified by third party,APPROVED
Holloway,LCW-6138,482.9,Commodity data,2023-06-02,,0,0.21,Yes,Verified by third party,APPROVED
Holloway,LDF-9376,31.6,Sub-commodity data,2023-06-02,,0,0.04,Yes,Verified by third party,RETURNED
Holloway,BDG-8514,15.7,Supplier LCA,2023-06-02,,0.26,0.75,Yes,Verified by third party,PENDING_APPROVAL
Holloway,RDS-4952,21.2,Sector LCA,2023-06-02,,0.31,0.75,No,,APPROVED
Holloway,HDC-5709,24,Sector LCA,2023-06-02,,0.38,0.75,No,,APPROVED
McGrey,2530003,131.75,Sub-commodity data,2023-05-16,,0,0.36,No,,APPROVED
McGrey,2530020,113.375,Sub-commodity data,2023-05-16,,0,0.38,No,,RETURNED
McGrey,7903986,102.25,Sub-commodity data,2023-05-16,,0,0.24,No,,RETURNED
McGrey,8220072,182.5,Sub-commodity data,2023-05-16,,0,0.34,No,,APPROVED
McGrey,23000362,13.875,Sub-commodity data,2023-05-16,,0,0.24,No,,APPROVED
McGrey,81028220,4.125,Sub-commodity data,2023-05-16,,0,0.08,No,,APPROVED
McGrey,81603000,6,Sub-commodity data,2023-05-16,,0,0.82,No,,APPROVED
McGrey,81603030,1.5,Sub-commodity data,2023-05-16,,0,0.68,No,,APPROVED
McGrey,86000121,1.625,Sub-commodity data,2023-05-16,,0,1.12,No,,PENDING_APPROVAL
McGrey,86000123,4.375,Supplier LCA,2023-05-16,,0.95,0.03,No,,APPROVED
McGrey,86000124,6,Sub-commodity data,2023-05-16,,0,0.48,Yes,Verified by third party,APPROVED
McGrey,GPC-2345,18.125,Sub-commodity data,2023-05-16,,0,0.34,Yes,Verified by third party,APPROVED
McGrey,PPF-2037,2.875,Supplier LCA,2023-05-16,,0.76,0.06,Yes,Verified by third party,APPROVED
McGrey,PPG-9284,2.875,Sub-commodity data,2023-05-16,,0,0.42,Yes,Verified by third party,PENDING_APPROVAL
McGrey,RPL-7854,91.375,Supplier LCA,2023-05-16,,0.65,0.03,Yes,Verified by third party,APPROVED
McGrey,RPS-6931,2.25,Supplier LCA,2023-05-16,,0.85,0.05,Yes,Verified by third party,PENDING_APPROVAL
Litesource,GUV-1267,18.2,Supplier LCA,2023-02-03,,0.96,0.15,Yes,Verified by third party,APPROVED
Litesource,HTF-4297,51.5,Sub-commodity data,2023-02-03,,0,0.14,No,,APPROVED
Litesource,IRS-6291,1.2,Commodity data,2023-02-03,,0,0.1,No,,APPROVED
Litesource,ITS-1356,46.1,Supplier LCA,2023-02-03,,0.81,0.01,No,,APPROVED
Litesource,LFS-4637,1.1,Commodity data,2023-02-03,,0,0.1,No,,PENDING_APPROVAL
Litesource,LRM-5961,1,Commodity data,2023-02-03,,0,0.1,No,,PENDING_APPROVAL
Litesource,LTK-1842,13.2,Supplier LCA,2023-02-03,,0.98,0.19,No,,APPROVED
Litesource,LTP-4873,70.1,Supplier LCA,2023-02-03,,0.6,0.01,No,,APPROVED
Litesource,LTS-1482,51,Supplier LCA,2023-02-03,,0.95,0.14,No,,APPROVED
Litesource,LTW-1265,52.7,Supplier LCA,2023-02-03,,0.87,0.19,No,,RETURNED
Litesource,PDM-5479,30.3,Sector LCA,2023-02-03,,0.45,0.75,No,,RETURNED
Litesource,PFG-4951,6.7,Supplier LCA,2023-02-03,,0.86,0.01,No,,APPROVED
Litesource,PIC-7206,14.5,Supplier LCA,2023-02-03,,0.55,0.19,No,,APPROVED
Litesource,PUG-9482,9.7,Supplier LCA,2023-02-03,,0.86,0.03,No,,APPROVED
Litesource,RTP-4926,47.8,Commodity data,2023-02-03,,0,0.09,No,,APPROVED
