﻿Location ID,Name,Address,City,State-province,Postal code,Country,Region,Coordinates
LT-1,LightTree Plant 1 Birmingham,451 24th St N,Birmingham,AL,35203,USA,Americas,"33.5206608, -86.80249"
LT-10,LightTree Plant 10 Barcelona,345 La Rambla,Barcelona,Catalonia,8001,ESP,EMEA,"41.3851, 2.1734"
LT-2,LightTree Plant 2 Tuscaloosa,2436 University Blvd,Tuscaloosa,AL,35401,USA,Americas,"33.2098407, -87.5691735"
LT-3,LightTree Plant 3 Atlanta,123 Peachtree St NW,Atlanta,Georgia,30301,USA,Americas,"33.749, -84.388"
LT-4,LightTree Plant 4 Austin,456 Congress Ave,Austin,Texas,78701,USA,Americas,"30.2672, -97.7431"
LT-5,LightTree Plant 5 Toronto,789 Yonge St,Toronto,Ontario,M5V 1H1,CAN,Americas,"43.65107, -79.347015"
LT-6,LightTree Plant 6 Vancouver,567 Granville St,Vancouver,British Columbia,V6B 1A1,CAN,Americas,"49.2827, -123.1207"
LT-7,LightTree Plant 7 Mexico City,321 Reforma Ave,Mexico City,Ciudad de México,1000,MEX,Americas,"19.4326, -99.1332"
LT-8,LightTree Plant 8 Monterrey,234 Juárez St,Monterrey,Nuevo León,64000,MEX,Americas,"25.6866, -100.3161"
LT-9,LightTree Plant 9 Berlin,12 Unter den Linden,Berlin,Berlin,10115,DEU,EMEA,"52.52, 13.405"
