﻿Supplier ID,Product ID,Response due date
Holloway,LSC-9842,2024-11-30
Holloway,PRC-9627,2024-11-30
Holloway,BDG-8514,2024-11-30
Holloway,GDT-2147,2024-11-30
Holloway,LRD-2897,2024-11-30
Holloway,LDF-9376,2027-12-31
Holloway,LCW-6138,2027-12-31
Holloway,HDD-2468,2027-12-31
Holloway,HDC-5709,2027-12-31
Holloway,FET-1357,2027-12-31
Holloway,RDS-4952,2027-12-31
Holloway,GSD-2814,2027-12-31
Holloway,GDS-8365,2027-12-31
Holloway,LRM-2168,2027-12-31
Holloway,IRT-7821,2027-12-31
Holloway,LRS-7291,2027-12-31
Holloway,LRC-3590,2027-12-31
Holloway,LCL-1726,2027-12-31
Holloway,RNF-3276,2027-12-31
Holloway,LRL-2194,2027-12-31
Litesource,39000224,2024-11-30
Litesource,HTF-4297,2024-11-30
Litesource,RTP-4926,2027-12-31
Litesource,PDM-5479,2027-12-31
Litesource,PFG-4951,2027-12-31
Litesource,LTP-4873,2027-12-31
Litesource,PUG-9482,2027-12-31
Litesource,39000221,2027-12-31
Litesource,ITS-1356,2027-12-31
Litesource,LRM-5961,2027-12-31
Litesource,LTS-1482,2027-12-31
Litesource,PIC-7206,2027-12-31
Litesource,IRS-6291,2027-12-31
Litesource,LNT-4293,2027-12-31
Litesource,GUV-1267,2027-12-31
Litesource,LFS-4637,2027-12-31
Litesource,LTK-1842,2027-12-31
Litesource,LTW-1265,2027-12-31
Litesource,RNT-5129,2027-12-31
McGrey,RPS-6931,2024-11-30
McGrey,2510188,2024-11-30
McGrey,7903986,2024-11-30
McGrey,LGR-7015,2027-12-31
McGrey,86000123,2027-12-31
McGrey,RPL-7854,2027-12-31
McGrey,PPF-2037,2027-12-31
McGrey,81603030,2027-12-31
McGrey,86000121,2027-12-31
McGrey,LNT-1849,2027-12-31
McGrey,PPG-9284,2027-12-31
McGrey,81603000,2027-12-31
McGrey,86000124,2027-12-31
McGrey,GPC-2345,2027-12-31
McGrey,2530003,2027-12-31
McGrey,81028220,2027-12-31
McGrey,8220072,2027-12-31
McGrey,9665304,2027-12-31
McGrey,2530020,2027-12-31
McGrey,23000362,2027-12-31
