﻿Supplier ID,Sector,Industry,Country,Emissions reduction target,Validated by SBTi,Full target language,Scope 1,Scope 2,Scope 3,Scope 3 category,Target value,Type,Sub-type,Activity unit,Base year,Target year,Year type,Target progress,Year of the reported progress data,Target wording,Comments,Plans in place,Source ID
Alumi-lux,"Pharmaceuticals, Biotechnology and Life",,USA,Yes,FALSE,"Alumi-lux Metal Products commits to reduce absolute scope 1 and 2 GHG emissions 42% by 2030 from a 2020 base year*. Alumi-lux Metal Products also commits to reduce absolute scope 3 GHG emissions covering purchased goods and services, capital goods, fuel and energy related activities, and upstream transportation and distribution 25% within the same timeframe. *The target boundary includes land-related emissions and removals from bioenergy feedstocks.",TRUE,TRUE,FALSE,,42,Absolute,Reduction,,2020,2030,Calendar year,7,2022,Alumi-lux Metal Products commits to reduce absolute scope 1 and 2 GHG emissions 42% by 2030 from a 2020 base year*. *The target boundary includes land-related emissions and removals from bioenergy feedstocks.,,"Moving forward, key actions and strategies for making progress toward our SBTi climate targets will include: - Increasing renewable energy usage- Implementing energy-efficiency projects- Preventing refrigerant leaks and transitioning to greener refrigerants- Using alternative fuels and technologies- Leveraging infrastructure upgrades and utility replacement projects",SBTi
Amos,Media,,UKI,Yes,FALSE,Amos Wire Products Inc commits to reduce absolute scope 1 and 2 GHG emissions 50% by 2030 from a 2019 base year. Amos Wire Products Inc also commits to reduce absolute scope 3 GHG emissions from purchased goods and services and business travel 50% within the same timeframe.,TRUE,TRUE,FALSE,,50,Absolute,Reduction,,2019,2030,Calendar year,33,2021,Amos Wire Products Inc commits to reduce absolute scope 1 and 2 GHG emissions 50% by 2030 from a 2019 base year.,"Purchasing renewable electricity in our largest market, London","We will address scope 1 & 2 emissions (emissions from our operations) through moving to renewable tariffs, energy efficiency and behaviour change initiatives.",SBTi
Autonomic,"Hotels, Restaurants and Leisure, and Tourism Services",,CHE,Yes,FALSE,"Overall Net-Zero Target Autonomic Specialties commits to reach net-zero greenhouse gas emissions across the value chain by 2050 from a 2019 base year. Near-Term Targets Autonomic Specialties commits to reduce absolute scope 1 and 2 GHG emissions 46.2% by 2030 from a 2019 base year*. Autonomic Specialties also commits to reduce absolute scope 3 GHG emissions from purchased goods and services, business travel, and use of sold products 27.5% within the same timeframe. Long-Term Targets Autonomic Specialties commits to reduce Scope 1, 2, and 3 GHG emissions 90% by 2050 from a 2019 base year*. *The target boundary includes land-related emissions and removals from bioenergy feedstocks.",TRUE,TRUE,FALSE,,46,Absolute,Reduction,,2019,2030,Calendar year,53,2021,Autonomic Specialties commits to reduce absolute scope 1 and 2 GHG emissions 46.2% by 2030 from a 2019 base year*. *The target boundary includes land-related emissions and removals from bioenergy feedstocks.,,Our decarbonization plan is as follows:♦ Reduce energy use and transition to lowcarbon technology at our Red Carnation Hotels♦ Generate and utilize renewable energy across all offices and facilities♦ Reduce fuel emissions from our Uniworld ships♦  Secure zero emission vehicles for our Tour Brands♦ Reduce the carbon footprint of our trips in collaboration with our supply chain and destinations,SBTi
Autonomic,"Hotels, Restaurants and Leisure, and Tourism Services",,CHE,Yes,FALSE,"Overall Net-Zero Target Autonomic Specialties commits to reach net-zero greenhouse gas emissions across the value chain by 2050 from a 2019 base year. Near-Term Targets Autonomic Specialties commits to reduce absolute scope 1 and 2 GHG emissions 46.2% by 2030 from a 2019 base year*. Autonomic Specialties also commits to reduce absolute scope 3 GHG emissions from purchased goods and services, business travel, and use of sold products 27.5% within the same timeframe. Long-Term Targets Autonomic Specialties commits to reduce Scope 1, 2, and 3 GHG emissions 90% by 2050 from a 2019 base year*. *The target boundary includes land-related emissions and removals from bioenergy feedstocks.",TRUE,TRUE,TRUE,,90,Absolute,Reduction,,2019,2050,Calendar year,82,2021,"Autonomic Specialties commits to reduce Scope 1, 2, and 3 GHG emissions 90% by 2050 from a 2019 base year*. *The target boundary includes land-related emissions and removals from bioenergy feedstocks.",,,SBTi
Brewers,Food and Beverage Processing,,DNK,Yes,FALSE,Brewers Manufacturing commits to reduce absolute scope 1 and 2 GHG emissions 42% by FY2030 from a FY2020 base year*. Brewers Manufacturing also commits to reduce scope 3 GHG emissions 20% per kg of output produced within the same timeframe. *The target boundary includes land-related emissions and removals from bioenergy feedstocks,TRUE,TRUE,FALSE,,42,Absolute,Reduction,,2020,2030,Calendar year,7,2022,Brewers Manufacturing commits to reduce absolute scope 1 and 2 GHG emissions 42% by FY2030 from a FY2020 base year*. *The target boundary includes land-related emissions and removals from bioenergy feedstocks,,"Going forward, we will work to incorporate sustainability parameters into our investment decisions in order to strike the right balance between reduction initiatives and compensating for greenhouse gas emissions in our efforts to achieve our scope 1 and 2 emission targets.",SBTi
Core,"Textiles, Apparel, Footwear and Luxury Goods",,GBR,Yes,FALSE,Core Components of North America commits to reduce absolute scopes 1 and 2 GHG emissions 50% by FY2030 from a FY2019 base year. Core Components of North America also commits to reduce absolute scope 3 GHG emissions from purchased goods and services by 50% over the same timeframe.,TRUE,TRUE,FALSE,,50,Absolute,Reduction,,2019,2030,Calendar year,38,2022,Core Components of North America commits to reduce absolute scopes 1 and 2 GHG emissions 50% by FY2030 from a FY2019 base year.,,"We intend to utilize on-site solar power generation, renewable energy credits (RECs) and virtual power purchase agreements (VPPAs) to reduce our company’s direct emissions. We will also continue to implement energy efficiency initiatives across our directly operated facilities, prioritizing high-impact regions and locations to meet our goal.",SBTi
Corporal,"Healthcare Providers and Services, and Healthcare Technology",,SGP,Yes,FALSE,"Corporal Brass commits to reduce absolute scope 1 and 2 GHG emissions 42% by 2030 from a 2021 base year. Corporal Brass also commits to reduce absolute scope 3 GHG emissions from fuel and energy related activities, upstream transportation and distribution and waste generated in operations 25% within the same timeframe.",TRUE,TRUE,FALSE,,42,Absolute,Reduction,,2021,2030,Calendar year,24,2022,Corporal Brass commits to reduce absolute scope 1 and 2 GHG emissions 42% by 2030 from a 2021 base year.,,"We have mapped and will be looking at further opportunities to reduce our energy consumption, improve energy efficiency, increase the use of renewable energy and work with our suppliers to reduce our material value chain emissions.",SBTi
Corporal,"Healthcare Providers and Services, and Healthcare Technology",,SGP,Yes,FALSE,"Corporal Brass commits to reduce absolute scope 1 and 2 GHG emissions 42% by 2030 from a 2021 base year. Corporal Brass also commits to reduce absolute scope 3 GHG emissions from fuel and energy related activities, upstream transportation and distribution and waste generated in operations 25% within the same timeframe.",FALSE,FALSE,TRUE,"3, 4, 5",25,Absolute,Reduction,,2021,2030,Calendar year,33,2022,"Corporal Brass also commits to reduce absolute scope 3 GHG emissions from fuel and energy related activities, upstream transportation and distribution and waste generated in operations 25% within the same timeframe.",,"We have mapped and will be looking at further opportunities to reduce our energy consumption, improve energy efficiency, increase the use of renewable energy and work with our suppliers to reduce our material value chain emissions.",SBTi
EM,Construction Materials,,BEL,Yes,FALSE,"Engineered Materials commits to reduce scope 1 and 2 GHG emissions 5% yearon-year per euro revenue, equivalent to a 22.5% absolute reduction, by 2030 from a 2021 base year*. Engineered Materials commits that 68.9% of its suppliers and customers by emissions, covering 37% of upstream transportation and distribution emissions and 85% of processing of sold products emissions, will have science-based targets by 2026. *The target boundary includes biogenic emissions and removals from bioenergy feedstocks.",TRUE,TRUE,FALSE,,5,Intensity,Reduction,,2021,2030,Calendar year,0,2021,Engineered Materials commits to reduce scope 1 and 2 GHG emissions 5% yearon-year per euro revenue*. *The target boundary includes biogenic emissions and removals from bioenergy feedstocks.,,We will invest approximately €90 million in new technologies and operational excellence initiatives over the next nine years to help us achieve this goal.,SBTi
EM,Construction Materials,,BEL,Yes,FALSE,"Engineered Materials commits to reduce scope 1 and 2 GHG emissions 5% yearon-year per euro revenue, equivalent to a 22.5% absolute reduction, by 2030 from a 2021 base year*. Engineered Materials commits that 68.9% of its suppliers and customers by emissions, covering 37% of upstream transportation and distribution emissions and 85% of processing of sold products emissions, will have science-based targets by 2026. *The target boundary includes biogenic emissions and removals from bioenergy feedstocks.",TRUE,TRUE,FALSE,,23,Absolute,Reduction,,2021,2030,Calendar year,0,2021,"Equivalent to a 22.5% absolute reduction, by 2030 from a 2021 base year*. *The target boundary includes biogenic emissions and removals from bioenergy feedstocks.",,We will invest approximately €90 million in new technologies and operational excellence initiatives over the next nine years to help us achieve this goal.,SBTi
EM,Construction Materials,,BEL,Yes,FALSE,"Engineered Materials commits to reduce scope 1 and 2 GHG emissions 5% yearon-year per euro revenue, equivalent to a 22.5% absolute reduction, by 2030 from a 2021 base year*. Engineered Materials commits that 68.9% of its suppliers and customers by emissions, covering 37% of upstream transportation and distribution emissions and 85% of processing of sold products emissions, will have science-based targets by 2026. *The target boundary includes biogenic emissions and removals from bioenergy feedstocks.",FALSE,FALSE,TRUE,"4, 10",69,Engagement,Other,,2021,2026,Calendar year,16,2021,"Engineered Materials commits that 68.9% of its suppliers and customers by emissions, covering 37% of upstream transportation and distribution emissions and 85% of processing of sold products emissions, will have science-based targets by 2026.",,,SBTi
Exclusive,Automobiles and Components,,USA,Yes,FALSE,"Exclusive Plastics commits to reduce absolute scope 1 and 2 GHG emissions 75% by FY2030 from a FY2019 base year. Exclusive Plastics also commits to reduce absolute scope 3 GHG emissions covering purchased goods and services, fuel and energy related activities, upstream transportation and distribution, waste generated in activities and business travel 35% within the same timeframe",TRUE,TRUE,FALSE,,75,Absolute,Reduction,,2019,2030,Calendar year,25,2022,Exclusive Plastics commits to reduce absolute scope 1 and 2 GHG emissions 75% by FY2030 from a FY2019 base year.,"To meet our scope 1 and 2 emissions-reduction targets and help mitigate the dangerous effects of climate change, we’re focused on improving energy efficiency in our operations, transitioning to renewable energy, and reducing the carbon footprint of our finished products. We track and monitor environmental key performance indicators (KPIs) at all our locations as we work to reach these targets.","In fiscal year 2023, we plan to:Execute our renewable electricity action plan",SBTi
Exclusive,Automobiles and Components,,USA,Yes,FALSE,"Exclusive Plastics commits to reduce absolute scope 1 and 2 GHG emissions 75% by FY2030 from a FY2019 base year. Exclusive Plastics also commits to reduce absolute scope 3 GHG emissions covering purchased goods and services, fuel and energy related activities, upstream transportation and distribution, waste generated in activities and business travel 35% within the same timeframe",FALSE,FALSE,TRUE,"1, 3, 4, 5, 6",35,Absolute,Reduction,,2019,2030,Calendar year,12,2022,"Exclusive Plastics also commits to reduce absolute scope 3 GHG emissions covering purchased goods and services, fuel and energy related activities, upstream transportation and distribution, waste generated in activities and business travel 35% within the same timeframe","To decrease our scope 3 emissions, we began performing supply chain mapping and monitoring our suppliers’ environmental status and overall ESG actions in 2022. ","In fiscal year 2023, we plan to implement a new supplier due diligence tool, which will help us assess our suppliers’sustainability activities.",SBTi
F & M,"Consumer Durables, Household and Personal Products",,CHE,Yes,FALSE,"Overall Net-Zero Target F & M Metals commits to reach net-zero GHG emissions across the value chain by FY2050 from a FY2020 base year. Near-Term Targets F & M Metals commits to reduce absolute scope 1 GHG emissions 46% by FY2031 from a FY2020 base year. F & M Metals also commits to increase annual sourcing of renewable electricity from 40% in FY2020 to 100% by FY2026, and to continue annually sourcing 100% renewable electricity through FY2031. F & M Metals further commits to reduce scope 3 GHG emissions 55% per unit of value added by FY2031 from a FY2020 base year. Long-Term Targets F & M Metals commits to reduce absolute scope 1 and 2 GHG emissions 90% by FY2050 from a FY2020 base year. F & M Metals also commits to reduce scope 3 GHG emissions 97% per unit of value added by FY2050 from a FY2020 base year.",TRUE,FALSE,FALSE,,46,Absolute,Reduction,,2020,2031,Calendar year,2,2022,F & M Metals commits to reduce absolute scope 1 GHG emissions 46% by FY2031 from a FY2020 base year.,"As Scope 1 emissions are mainly due to the use of gas in our production sites, a gas transformation plan is underway, structured around 2 levers: the switch from natural gas to “green gas”(operated at the Manosque factory) and in parallel, an efficiency plan based on the implementation of production eco-processes, the optimisation of production series, pipe insulation and heatrecovery. To address emissions linked to fuel consumption of our fleet of vehicles, in 2021, we included in the travel policy the consideration of environmental impact to reduce the useof business cars and encourage people to switch progressively from thermic cars to hybrid or electric cars. These initiatives contributed to reducing our scope 1 emissions by 2% betweenFY2020 and FY2022.",,SBTi
F & M,"Consumer Durables, Household and Personal Products",,CHE,Yes,FALSE,"Overall Net-Zero Target F & M Metals commits to reach net-zero GHG emissions across the value chain by FY2050 from a FY2020 base year. Near-Term Targets F & M Metals commits to reduce absolute scope 1 GHG emissions 46% by FY2031 from a FY2020 base year. F & M Metals also commits to increase annual sourcing of renewable electricity from 40% in FY2020 to 100% by FY2026, and to continue annually sourcing 100% renewable electricity through FY2031. F & M Metals further commits to reduce scope 3 GHG emissions 55% per unit of value added by FY2031 from a FY2020 base year. Long-Term Targets F & M Metals commits to reduce absolute scope 1 and 2 GHG emissions 90% by FY2050 from a FY2020 base year. F & M Metals also commits to reduce scope 3 GHG emissions 97% per unit of value added by FY2050 from a FY2020 base year.",FALSE,TRUE,FALSE,,100,Renewable Electricity,Other,,2020,2026,Calendar year,95,2021,F & M Metals also commits to increase annual sourcing of renewable electricity from 40% in FY2020 to 100% by FY2026.,"In 2016 the Group joined the RE100 (Renewable Energy 100%) initiative, committing to achieving 100% renewable electricity by 2025 at all sites, including stores, offices, warehouses and factories. his commitment has been validated as a science-based target providing the scientific confirmation of its alignment with the objective to limit the increase in global temperature to 1.5°C.The Group is on track to achieve this target: in 2020, it had reached 80% of renewable electricity coverage. In the last calendar year (2021), the coverage increased considerably to 95%. This significant progress is the result of the transition towards renewable energies made by several countries, either through direct green electricity contracts, such as Spain, or through purchasing energy attribute certificates, for instance South Korea. The Group has three different ways of procuring renewable electricity: • Direct green contracts: this is the preferred option for facilities located in countries with green electricity providers and with control over their electricity procurement contracts. In 2021, 47% of the renewable electricity consumed by the Group was sourced this way. • Energy attribute certificates (EAC): each EAC purchased represents proof that 1 MWh of renewable electricity has been produced and injected into the network. The Group buys EACs to cover its conventional electricity consumption in countries where the renewable electricity market is not yet mature enough— where there are none or very few direct green electricity providers. Those certificates account for 53% of the Group’s renewable electricity coverage. • Self-generating electricity on site (solar panels, etc.): by the end of 2022, we plan to install solar panels in the F & M Metals au Brésil factory in Sao Paulo, which are expected to cover 100% of the site’s electricity consumption by 2023. In the Lagorce site, additional power capacity will be set up to obtain a 25% coverage through self-consumption by 2024.",,SBTi
F & M,"Consumer Durables, Household and Personal Products",,CHE,Yes,FALSE,"Overall Net-Zero Target F & M Metals commits to reach net-zero GHG emissions across the value chain by FY2050 from a FY2020 base year. Near-Term Targets F & M Metals commits to reduce absolute scope 1 GHG emissions 46% by FY2031 from a FY2020 base year. F & M Metals also commits to increase annual sourcing of renewable electricity from 40% in FY2020 to 100% by FY2026, and to continue annually sourcing 100% renewable electricity through FY2031. F & M Metals further commits to reduce scope 3 GHG emissions 55% per unit of value added by FY2031 from a FY2020 base year. Long-Term Targets F & M Metals commits to reduce absolute scope 1 and 2 GHG emissions 90% by FY2050 from a FY2020 base year. F & M Metals also commits to reduce scope 3 GHG emissions 97% per unit of value added by FY2050 from a FY2020 base year.",FALSE,FALSE,TRUE,,55,Intensity,Reduction,unit of value added,2020,2031,Calendar year,1,2022,F & M Metals further commits to reduce scope 3 GHG emissions 55% per unit of value added by FY2031 from a FY2020 base year.,"In FY2022, the Group’s scope 3 represents 99% of GHG emissions. The use of our sold products, raw materials, packaging and logistics are the main contributors. The Group economic carbonintensity on Scope 3 progressed by 1% from FY2020 baseline to FY2022. This progression is mainly linked to an improvement in the data collection processes on upstream and downstreamtransportation (responsible of a variation of + 11% on Scope 3 carbon intensity). Despite this progression of our Scope 3 economic intensity, a favorable trend can be highlighted on two ofour main hotspots (respectively -3% and -8%): purchases (on packaging, raw materials and merchandising) and use phase. The Group has been working on its environmental footprint forthe last decade, developing an eco-design approach on packaging and formula (see more in the Products section) which play an important role in reducing the Group’s GHG emissions.In FY2022, we launched a Green Supply Chain global taskforce and several Green Retail local taskforce in several countries to move forward on our action plan.",,SBTi
Flexilux,"Mining - Iron, Aluminum, Other Metals",,DEU,Yes,FALSE,Flexilux Industries commits to reduce absolute scope 1 and 2 GHG emissions 46.2% by 2030 from a 2019 base year. Flexilux Industries also commits to reduce absolute scope 3 GHG emissions from purchased goods and services 46.2% within the same timeframe.,TRUE,TRUE,FALSE,,46,Absolute,Reduction,,2019,2030,Calendar year,4,2021,Flexilux Industries commits to reduce absolute scope 1 and 2 GHG emissions 46.2% by 2030 from a 2019 base year.,,"Efficient energy management and the procurement of green energy are key factors in the quest to reduce Scope 1 and Scope 2 emissions. We therefore plan to cover more than one-third of the electricity needs of our European and US sites through long-term green power purchase agreements (PPAs) from fiscal year 2024/25. In addition to purchasing, the Flexilux Industries is continuing to expand its own electricity production. In the year under review, for example, photovoltaic systems were connected to the grid at our sites in Ulm (Germany) (0.75 MWp) and Singapore (2.2 MWp). Across the Group, Wieland intends to expand electricity production using photovoltaics up to 50 MWp in the coming years. In addition, wind energy projects are to contribute to our self-sufficiency in terms of energy supply. In addition, the Vöhringen (Germany) plant is investigating the technical framework for generating green hydrogen for its own use.",SBTi
Flexilux,"Mining - Iron, Aluminum, Other Metals",,DEU,Yes,FALSE,Flexilux Industries commits to reduce absolute scope 1 and 2 GHG emissions 46.2% by 2030 from a 2019 base year. Flexilux Industries also commits to reduce absolute scope 3 GHG emissions from purchased goods and services 46.2% within the same timeframe.,FALSE,FALSE,TRUE,1,46,Absolute,Reduction,,2019,2030,Calendar year,8,2021,Flexilux Industries also commits to reduce absolute scope 3 GHG emissions from purchased goods and services 46.2% within the same timeframe.,,"Efficient energy management and the procurement of green energy are key factors in the quest to reduce Scope 1 and Scope 2 emissions. We therefore plan to cover more than one-third of the electricity needs of our European and US sites through long-term green power purchase agreements (PPAs) from fiscal year 2024/25. In addition to purchasing, the Flexilux Industries is continuing to expand its own electricity production. In the year under review, for example, photovoltaic systems were connected to the grid at our sites in Ulm (Germany) (0.75 MWp) and Singapore (2.2 MWp). Across the Group, Wieland intends to expand electricity production using photovoltaics up to 50 MWp in the coming years. In addition, wind energy projects are to contribute to our self-sufficiency in terms of energy supply. In addition, the Vöhringen (Germany) plant is investigating the technical framework for generating green hydrogen for its own use.",SBTi
Gemini,Retailing,,POL,Yes,FALSE,"Gemini Design Technology commits to reduce absolute scope 1 and 2 GHG emissions 37.8% by 2030 from a 2021 base year. Gemini Design Technology also commits that 73% of its suppliers by spend covering purchased goods & services, capital goods, and downstream transportation and distribution will have science-based targets by 2027.",TRUE,TRUE,FALSE,,38,Absolute,Reduction,,2021,2030,Calendar year,-26,2022,Gemini Design Technology commits to reduce absolute scope 1 and 2 GHG emissions 37.8% by 2030 from a 2021 base year.,,,SBTi
Glickman,Construction and Engineering,,GBR,Yes,FALSE,"Glickman Lighting commits to reduce absolute scope 1 and 2 GHG emissions 50% by FY2031 from a FY2019 base year*. Glickman Lighting also commits that 75% of its suppliers by spend covering purchased goods and services and capital goods, will have science-based targets by FY2027. *The target boundary includes land-related emissions and removals from bioenergy feedstocks.",TRUE,TRUE,FALSE,,50,Absolute,Reduction,,2019,2031,Calendar year,19,2022,Glickman Lighting commits to reduce absolute scope 1 and 2 GHG emissions 50% by FY2031 from a FY2019 base year*. *The target boundary includes land-related emissions and removals from bioenergy feedstocks.,"We upgraded our commercial vehicle fleet to Euro VI engines and introduced 10 electric vans on contracts where charging infrastructure is readily available.  We have amended our company car choice to feature 100% plug-in hybrid and hybrid cars only, meaning that standard petrol and diesel vehicles will be removed from our fleet over time. Currently, 57% of our company car fleet is either a mild hybrid, hybrid or electric vehicle.  We have also implemented an emissions cap of 75gCO2/km on all new company car vehicles with the average emissions across the existing car fleet reaching 76gCO2/km",Continuing to increase the number of low and zero carbon vehicles within the company fleet with a goal to removing all ICE vehicles by early 2025.  Transitioning a proportion of our light commercial fleet to electric vehicles by 2025.,SBTi
Holloway,Telecommunication Services,,SWE,Yes,FALSE,"Holloway Lighting Parts commits to reduce absolute scope 1 and 2 GHG emissions 100% by 2030 from a 2020 base year*. Holloway Lighting Parts also commits to reduce absolute scope 3 GHG emissions from purchased goods and services, waste generated in operations and business travel 50% within the same timeframe. *The target boundary includes land-related emissions and removals from bioenergy feedstocks",FALSE,FALSE,TRUE,"1, 5, 6",50,Absolute,Reduction,,2020,2030,Calendar year,-21,2022,"Holloway Lighting Parts also commits to reduce absolute scope 3 GHG emissions from purchased goods and services, waste generated in operations and business travel 50% within the same timeframe.",,"(In Swedish) Indirekta utsläpp från inköpta tjänster. - Transtema Link. Närmare samarbete, hjälp med hållbarhetsdata och support till förbättrad miljöprestanda för underleverantörer. - Utbyte mot tjänster med kartlagda och låga klimatdeklarationer där möjligt. Indirekta utsläpp från inköpt material - Utbyte till material med kartlagda och låga klimatdeklarationer. - Prioritera leverantörer med SBTi-godkända miljömål.",SBTi
Holloway,Telecommunication Services,,SWE,Yes,FALSE,"Holloway Lighting Parts commits to reduce absolute scope 1 and 2 GHG emissions 100% by 2030 from a 2020 base year*. Holloway Lighting Parts also commits to reduce absolute scope 3 GHG emissions from purchased goods and services, waste generated in operations and business travel 50% within the same timeframe. *The target boundary includes land-related emissions and removals from bioenergy feedstocks",TRUE,FALSE,FALSE,,100,Absolute,Reduction,,2020,2030,Calendar year,25,2022,Holloway Lighting Parts commits to reduce absolute scope 1 and 2 GHG emissions 100% by 2030 from a 2020 base year*. *The target boundary includes land-related emissions and removals from bioenergy feedstocks,,"(In Swedish) Utsläpp från fordon - Fortsatt ökning av HVO-tankning. - Utbyte av fordon till eldrift. - Ruttoptimering, planering av jobb för synergier och minsta möjliga resor.",SBTi
Holloway,Telecommunication Services,,SWE,Yes,FALSE,"Holloway Lighting Parts commits to reduce absolute scope 1 and 2 GHG emissions 100% by 2030 from a 2020 base year*. Holloway Lighting Parts also commits to reduce absolute scope 3 GHG emissions from purchased goods and services, waste generated in operations and business travel 50% within the same timeframe. *The target boundary includes land-related emissions and removals from bioenergy feedstocks",FALSE,TRUE,FALSE,,100,Absolute,Reduction,,2020,2030,Calendar year,37,2022,Holloway Lighting Parts commits to reduce absolute scope 1 and 2 GHG emissions 100% by 2030 from a 2020 base year*. *The target boundary includes land-related emissions and removals from bioenergy feedstocks,,"(In Swedish) Utsläpp från fordon - Fortsatt ökning av HVO-tankning. - Utbyte av fordon till eldrift. - Ruttoptimering, planering av jobb för synergier och minsta möjliga resor.",SBTi
Litesource,Electrical Equipment and Machinery,,DNK,Yes,FALSE,Overall Net-Zero Target Litesource Industries commits to reach net-zero greenhouse gas emissions across the value chain by 2050 from a 2020 base year. Near-Term Targets Litesource Industries commits to reduce absolute scope 1 and 2 scopes GHG emissions 50% by 2030 from a 2020 base year. Litesource Industries also commits to reduce absolute scope 3 GHG emissions 25% within the same timeframe. Long-Term Targets Litesource Industries commits to reduce absolute scope 1 and 2 GHG emissions 90% by 2050 from a 2020 base year. Litesource Industries also commits to reduce absolute scope 3 GHG emissions 90% within the same timeframe.,TRUE,TRUE,FALSE,,50,Absolute,Reduction,,2020,2030,Calendar year,1,2022,Litesource commits to reduce absolute scope 1 and 2 scopes GHG emissions 50% by 2030 from a 2020 base year.,"We increased the investment in our water and energy related projects, allocating 50 million DKK to the reduction of our water withdrawal and Scope 1 and 2 emissions",For Scope 1 and 2 we will expand our efforts to improve our own production and facilities energy efficiency as well as secure onsite and offsite renewable energy supply.,SBTi
Litesource,Electrical Equipment and Machinery,,DNK,Yes,FALSE,Overall Net-Zero Target Litesource Industries commits to reach net-zero greenhouse gas emissions across the value chain by 2050 from a 2020 base year. Near-Term Targets Litesource Industries commits to reduce absolute scope 1 and 2 scopes GHG emissions 50% by 2030 from a 2020 base year. Litesource Industries also commits to reduce absolute scope 3 GHG emissions 25% within the same timeframe. Long-Term Targets Litesource Industries commits to reduce absolute scope 1 and 2 GHG emissions 90% by 2050 from a 2020 base year. Litesource Industries also commits to reduce absolute scope 3 GHG emissions 90% within the same timeframe.,FALSE,FALSE,TRUE,,25,Absolute,Reduction,,2020,2030,Calendar year,19,2022,Litesource also commits to reduce absolute scope 3 GHG emissions 25% within the same timeframe.,Reducing indirect emissions from our value chain through: · Accelerating development by transitioning to a highly efficient product portfolio · Expanding and enhancing digital solutions · Applying circular principles across our value chain · Enabling renewable energy products · Activating suppliers sustainability strategies · Optimising our business trave land transportation of goods policies,"The measurement process for Scope 3 emissions relating to the use of sold products was a key challenge in 2022. Going forward, we will continue to work with external organisations to improve the methodology for long lifecycle products and align it to a circular business model scenario",SBTi
Litesource,Electrical Equipment and Machinery,,DNK,Yes,FALSE,Overall Net-Zero Target Litesource Industries commits to reach net-zero greenhouse gas emissions across the value chain by 2050 from a 2020 base year. Near-Term Targets Litesource Industries commits to reduce absolute scope 1 and 2 scopes GHG emissions 50% by 2030 from a 2020 base year. Litesource Industries also commits to reduce absolute scope 3 GHG emissions 25% within the same timeframe. Long-Term Targets Litesource Industries commits to reduce absolute scope 1 and 2 GHG emissions 90% by 2050 from a 2020 base year. Litesource Industries also commits to reduce absolute scope 3 GHG emissions 90% within the same timeframe.,TRUE,TRUE,FALSE,,90,Absolute,Reduction,,2020,2050,Calendar year,1,2022,Litesource commits to reduce absolute scope 1 and 2 GHG emissions 90% by 2050 from a 2020 base year.,"We increased the investment in our water and energy related projects, allocating 50 million DKK to the reduction of our water withdrawal and Scope 1 and 2 emissions",For Scope 1 and 2 we will expand our efforts to improve our own production and facilities energy efficiency as well as secure onsite and offsite renewable energy supply.,SBTi
Litesource,Electrical Equipment and Machinery,,DNK,Yes,FALSE,Overall Net-Zero Target Litesource Industries commits to reach net-zero greenhouse gas emissions across the value chain by 2050 from a 2020 base year. Near-Term Targets Litesource Industries commits to reduce absolute scope 1 and 2 scopes GHG emissions 50% by 2030 from a 2020 base year. Litesource Industries also commits to reduce absolute scope 3 GHG emissions 25% within the same timeframe. Long-Term Targets Litesource Industries commits to reduce absolute scope 1 and 2 GHG emissions 90% by 2050 from a 2020 base year. Litesource Industries also commits to reduce absolute scope 3 GHG emissions 90% within the same timeframe.,FALSE,FALSE,TRUE,,90,Absolute,Reduction,,2020,2050,Calendar year,19,2022,Litesource also commits to reduce absolute scope 3 GHG emissions 90% within the same timeframe.,Reducing indirect emissions from our value chain through: · Accelerating development by transitioning to a highly efficient product portfolio · Expanding and enhancing digital solutions · Applying circular principles across our value chain · Enabling renewable energy products · Activating suppliers sustainability strategies · Optimising our business trave land transportation of goods policies,"The measurement process for Scope 3 emissions relating to the use of sold products was a key challenge in 2022. Going forward, we will continue to work with external organisations to improve the methodology for long lifecycle products and align it to a circular business model scenario",SBTi
McGrey,Professional Services,,GBR,Yes,FALSE,"McGrey Plastics commits to reduce absolute scope 1 and 2 GHG emissions 42% by 2030 from a 2021 base year. McGrey Plastics also commits to continue annually sourcing 100% renewable electricity through 2030. McGrey Plastics further commits to reduce scope 3 GHG emissions from purchased goods and services, capital goods, business travel, employee commuting, processing of sold products, and use of sold products 48% per value added by 2030 from a 2021 base year.",TRUE,TRUE,FALSE,,42,Absolute,Reduction,,2021,2030,Calendar year,0,2021,McGrey commits to reduce absolute scope 1 and 2 GHG emissions 42% by 2030 from a 2021 base year.,"Through market-based RECs we have already decreased our Scope 2 emissions 100% to zero. Outside of our SBTi commitment, we are taking immediate further action to advance our climate stewardship by continuing to purchase carbon offsets for Scope 1 and for Scope 3 employee travel",,SBTi
McGrey,Professional Services,,GBR,Yes,FALSE,"McGrey Plastics commits to reduce absolute scope 1 and 2 GHG emissions 42% by 2030 from a 2021 base year. McGrey Plastics also commits to continue annually sourcing 100% renewable electricity through 2030. McGrey Plastics further commits to reduce scope 3 GHG emissions from purchased goods and services, capital goods, business travel, employee commuting, processing of sold products, and use of sold products 48% per value added by 2030 from a 2021 base year.",FALSE,TRUE,FALSE,,100,Renewable Electricity,Maintenance,,2021,2030,Calendar year,100,2022,McGrey also commits to continue annually sourcing 100% renewable electricity through 2030.,Through market-based RECs we have already decreased our Scope 2 emissions 100% to zero.,,SBTi
