﻿Supplier ID,Supplier name,Contact email,Contact first name,Contact last name,Contact phone,Address,City,Postal code,State-province,Country,Region,Coordinates
Alumi-lux,Alumi-lux Metal Products,john.warren@alumi-lux.com,John,Warren,555-123-4567,5 Main St,Nashua,3064,NH,USA,AMERICAS,"42.7653662, -71.467566"
Amos,Amos Wire Products Inc,sophia.carter@amos.com,Sophia,Carter,555-123-4567,1500 PA-3,Philadelphia,19102,PA,USA,AMERICAS,"39.9525839, -75.1652215"
Autonomic,Autonomic Specialties,virgilio.richmond@autonomic.com,Virgilio,Richmond,555-123-4567,341-349 Oakland St,Morgantown,26505,WV,USA,AMERICAS,"39.6478662, -79.966415"
Benchmark,Benchmark Lighting,juan.cunningham@benchmark.com,Juan,Cunningham,555-123-4567,2100 Willow Run,Wheaton,60189,IL,USA,AMERICAS,"41.8461274, -88.1378685"
Brewers,Brewers Manufacturing,viola.wiggins@brewers.com,Viola,Wiggins,555-123-4567,22 W Washington St,Phoenix,85004,AZ,USA,AMERICAS,"33.4483771, -112.0740373"
Core,Core Components of North America,alexander.gamble@core.com,Alexander,Gamble,555-123-4567,272 Forest Hill Ave,Saranac Lake,12983,NY,USA,AMERICAS,"44.329257, -74.116497"
Corporal,Corporal Brass,gaston.lawson@corporal.com,Gaston,Lawson,555-123-4567,199 South Boulder Ave W,Tulsa,74103,OK,USA,AMERICAS,"36.1539816, -95.992775"
EM,Engineered Materials,leona.beltran@em.com,Leona,Beltran,555-123-4567,110 Market St,Hemphill,75948,TX,USA,AMERICAS,"31.4325167, -93.8466981"
Exclusive,Exclusive Plastics,ethan.ramirez@exclusive.com,Ethan,Ramirez,555-123-4567,2417 I-90BL,Billings,59101,MT,USA,AMERICAS,"45.7832856, -108.5006904"
F & M,F & M Metals,margaret.harrell@fandm.com,Margaret,Harrell,555-123-4567,37-39 US-33,Columbus,43215,OH,USA,AMERICAS,"39.9611755, -82.9987942"
Flexilux,Flexilux Industries,mack.rogers@flexilux.com,Mack,Rogers,555-123-4567,455 Main St,Worcester,1608,MA,USA,AMERICAS,"42.2625932, -71.8022934"
Gaylor,Gaylor Design,millard.morales@gaylor.com,Millard,Morales,555-123-4567,515 Washington Ave,Ocean Springs,39564,MS,USA,AMERICAS,"30.4113097, -88.8278057"
Gemini,Gemini Design Technology,courtney.quinn@gemini.com,Courtney,Quinn,555-123-4567,1502 Marilla St,Dallas,75201,TX,USA,AMERICAS,"32.7766642, -96.7969879"
Glickman,Glickman Lighting,elnora.price@glickman.com,Elnora,Price,555-123-4567,1218 Waterford Rd,Waterford,4088,ME,USA,AMERICAS,"44.2117358, -70.682008"
Groulsh,Groulsh Industries,millie.ibarra@groulsh.com,Millie,Ibarra,555-123-4567,201-299 Dickinson St,Charleston,25301,WV,USA,AMERICAS,"38.3498195, -81.6326234"
Hardy,Hardy Industries,del.baird@hardy.com,Del,Baird,555-123-4567,101-117 S 8th St,Salina,67401,KS,USA,AMERICAS,"38.8402805, -97.6114237"
Holloway,Holloway Lighting Parts,olivia.bennett@holloway.com,Olivia,Bennett,555-123-4567,4010 W Buckeye Rd,Phoenix,85009,AZ,USA,AMERICAS,"33.4376, -112.146079"
Howard,Howard Plastics,pearl.spears@howard.com,Pearl,Spears,555-123-4567,6 Sumner Cir,Vineyard Haven,2568,MA,USA,AMERICAS,"41.4403894, -70.6578064"
Interalloy,Interalloy Corporation,buford.stokes@interalloy.com,Buford,Stokes,555-123-4567,200-298 W Babcock St,Bozeman,59715,MT,USA,AMERICAS,"45.677978, -111.040723"
J&R,J&R Plastics,tristan.faulkner@jandr.com,Tristan,Faulkner,555-123-4567,801-851 AL-21,Montgomery,36104,AL,USA,AMERICAS,"32.3668052, -86.2999689"
Lex,Lex Filters,bonita.matthews@lex.com,Bonita,Matthews,555-123-4567,212 Mumford Landing Rd,Ocean Pines,21811,MD,USA,AMERICAS,"38.3885305, -75.1334013"
LightLens,LightLens Industries,emily.walker@lightlens.com,Emily,Walker,555-123-4567,12 Brazier's Wood Rd,Ipswich ,0RZ,IP3,GBR,UKI,"52.0305506, 1.1865023"
Litesource,Litesource Chrystal,nichole.mckay@litesource.com,Nichole,Mckay,555-123-4567,1777 I- 410 Access Rd,San Antonio,78217,TX,USA,AMERICAS,"29.5170299, -98.4364486"
Lorel,Lorel Lamps Parts,sebastian.mullen@lorel.com,Sebastian,Mullen,555-123-4567,312 S Minnesota Ave,Sioux Falls,57104,SD,USA,AMERICAS,"43.5445959, -96.7311034"
Luminar,Luminar Lines,tania.woods@luminar.com,Tania,Woods,555-123-4567,411 4th Terrace,Palm Beach Gardens,33418,FL,USA,AMERICAS,"26.8360229, -80.1342216"
McGrey,McGrey Electrical,marcus.johnson@mcgrey.com,Marcus,Johnson,555-123-4567,1221-1798 Cr-1024,Mt Sterling,40353,KY,USA,AMERICAS,"38.0740561, -83.9073128"
Mueller,Mueller OEM,natalia.ballard@mueller.com,Natalia,Ballard,555-123-4567,1101-1115 Wilhelm Ave,Pittsburgh,15236,PA,USA,AMERICAS,"40.3252558, -79.9889288"
Paltronix,Paltronix,trina.herrera@paltronix.com,Trina,Herrera,555-123-4567,719 S 3rd St,Wilmington,28401,NC,USA,AMERICAS,"34.2257255, -77.9447102"
Plastico,Plastico,adalberto.coleman@plastico.com,Adalberto,Coleman,555-123-4567,11699-11799 Bent Pine Rd,Glen Allen,23059,VA,USA,AMERICAS,"37.6768619, -77.4853955"
Plastilite,Plastilite Corporation,kermit.day@plastilite.com,Kermit,Day,555-123-4567,8000-8130 N 86th Pl,Scottsdale,85258,AZ,USA,AMERICAS,"33.5541151, -111.8954292"
Plexilux,Plexilux,granville.henry@plexilux.com,Granville,Henry,555-123-4567,3636 S Campbell Ave,Springfield,65807,MO,USA,AMERICAS,"37.1480273, -93.2946284"
Press,Press Lite Industries,malcom.sanders@press.com,Malcom,Sanders,555-123-4567,48-56 Washington Ave,Albany,12210,NY,USA,AMERICAS,"42.6525793, -73.7562317"
R&J,R&J Lamp Supply,juanita.long@randj.com,Juanita,Long,555-123-4567,5008-5100 Brookhaven Ct,Oxon Hill,20745,MD,USA,AMERICAS,"38.8197624, -76.9856127"
R.G.D.,R.G.D. Lighting Components,garth.huynh@rgd.com,Garth,Huynh,555-123-4567,16000 NE 22nd St,Vancouver,98684,WA,USA,AMERICAS,"45.6388512, -122.5080781"
Ripley,Ripley Controls,fredrick.jordan@ripley.com,Fredrick,Jordan,555-123-4567,572-598 Chambers St,Trenton,8609,NJ,USA,AMERICAS,"40.2170534, -74.7429384"
RLP,RLP Lighting Components,houston.osborne@rlp.com,Houston,Osborne,555-123-4567,5991 Livernois Rd,Troy,48098,MI,USA,AMERICAS,"42.6064095, -83.1497751"
Robinson,Robinson Glass,paulette.wilkinson@robinson.com,Paulette,Wilkinson,555-123-4567,900-924 9th St,Sacramento,95814,CA,USA,AMERICAS,"38.5815719, -121.4943996"
RSQ,RSQ Lighting,isaias.hodges@rsq.com,Isaias,Hodges,555-123-4567,5 Delray Dr,Narragansett,2882,RI,USA,AMERICAS,"41.4059065, -71.4900901"
Rylo,Rylo Thermic Shields,leif.bright@rylo.com,Leif,Bright,555-123-4567,23004 Co Rd E1260,Spiro,74959,OK,USA,AMERICAS,"35.1889858, -94.6607793"
SA,SA Lighting,jerrell.raymond@sa.com,Jerrell,Raymond,555-123-4567,85-299 Rabbit Town Rd,Loretto,38469,TN,USA,AMERICAS,"35.0341906, -87.3953137"
Salco,Salco,rodrigo.randall@salco.com,Rodrigo,Randall,555-123-4567,206 Washington St SW,Atlanta,30334,GA,USA,AMERICAS,"33.7489954, -84.3879824"
SilverOptics,SilverOptics,heriberto.knox@silveroptics.com,Heriberto,Knox,555-123-4567,201 S State St,Dover,19904,DE,USA,AMERICAS,"39.158168, -75.5243682"
Southwestern,Southwestern Louver Company,stephanie.george@southwestern.com,Stephanie,George,555-123-4567,300-308 East St,Woodland,95776,CA,USA,AMERICAS,"38.679113, -121.7659127"
Special,Special Effects Light Co,stacie.campos@special.com,Stacie,Campos,555-123-4567,3135-3145 Merrimac Ct,Southlake,76092,TX,USA,AMERICAS,"32.9300384, -97.1997656"
Thermal,Thermal Surface Systems,david.green@thermal.com,David,Green,555-123-4567,25-99 Gano St,Cincinnati,45202,OH,USA,AMERICAS,"39.1031182, -84.5120196"
Total Source,Total Source Extrusion Corporation,numbers.huff@totalsource.com,Numbers,Huff,555-123-4567,2 Brook St,Waukesha,53188,WI,USA,AMERICAS,"43.013853, -88.2341556"
Venice,Venice Lamp and Shade,zachary.woodward@venice.com,Zachary,Woodward,555-123-4567,207 N 5th St,Artesia,88210,NM,USA,AMERICAS,"32.843623, -104.40286"
