﻿Organization ID,Organization name,Organization L1,Organization L2,Organization L3
LightTree 1,LightTree division 1,LT-North America,LT-US,LT-South
LightTree 2,LightTree division 2,LT-North America,LT-US,LT-South
LightTree 3,LightTree division 3,LT-North America,LT-US,LT-South
LightTree 4,LightTree division 4,LT-North America,LT-US,LT-West
LightTree 5,LightTree division 5,LT-North America,LT-Canada,LT-Ontario
LightTree 6,LightTree division 6,LT-North America,LT-Canada,LT-Western Canada
LightTree 7,LightTree division 7,LT-North America,LT-Central America,LT-Mexico
LightTree 8,LightTree division 8,LT-North America,LT-Central America,LT-Mexico
LightTree 9,LightTree division 9,LT-EMEA,LT-Europe,LT-Western Europe
LightTree 10,LightTree division 10,LT-EMEA,LT-Europe,LT-Western Europe
