﻿Supplier ID,Year of the reported data,Revenue from fossil fuels,Revenue from high impact climate sectors,Energy consumption from non-renewable sources,Energy consumption from renewable sources,Energy production from non-renewable sources,Energy production from renewable sources,Energy production from other sources,Operations negatively affecting biodiversity-sensitive areas,Emissions to water - Nutrients and organic pollutants,Emissions to water - Acids,Emissions to water - Metals,Emissions to water - Pesticides and fertilizers,Waste - Radioactive,Waste - Hazardous (less radioactive),Violations of UN Global Compact and OECD Guidelines,Lack of compliance processes (UN and OECD),Mean gender pay gap,Male board members,Woman board members,Manufacture or sale of controversial weapons,Source ID,Status
Alumi-lux,2023,FALSE,100,210,61.4,0,0,,,0.01,,0.05,,0,,FALSE,,28,4,3,FALSE,MSCI,PENDING_APPROVAL
Amos,2023,FALSE,100,470,61.4,0,0,,,0.01,1.59,0.31,0.14,0,3229,FALSE,,28,7,3,FALSE,MSCI,APPROVED
Autonomic,2023,FALSE,75,83.5,1.2,0,0,,,,,0.1,0,0,,FALSE,,20,5,3,FALSE,MSCI,APPROVED
Brewers,2023,FALSE,100,316.3,61.4,0,0,,,0.22,0,1.3,0.1,0,,,,28,4,3,FALSE,MSCI,APPROVED
Core,2023,FALSE,98.7,30.4,7.2,,16936.3,,,0.01,0.01,5.19,0.41,0,6726,FALSE,,16.5,9,3,FALSE,MSCI,APPROVED
Corporal,2023,FALSE,100,439.3,93.6,0,0,,,90.45,70.92,30.05,22.86,0,,,,3.2,6,1,,MSCI,PENDING_APPROVAL
EM,2023,TRUE,92.7,494.6,34.7,0,0,,,54.03,14.73,2.42,1.56,0,,FALSE,,21.2,7,0,FALSE,MSCI,PENDING_APPROVAL
Exclusive,2023,FALSE,100,17.2,8.9,0,0,,,0.01,0.02,8.95,0.72,0,,FALSE,,16.5,6,2,FALSE,MSCI,APPROVED
F & M,2023,FALSE,71,1435.3,709.4,0,0,,,0.01,0.1,0.3,0.05,0,1057,,,0.4,11,3,FALSE,MSCI,APPROVED
Flexilux,2023,FALSE,100,439.3,93.6,0,0,,,1.02,0.09,1.07,1.12,0,,FALSE,,3.2,1,0,FALSE,MSCI,PENDING_APPROVAL
Gemini,2023,FALSE,76.2,328.8,0.4,0,0,,,28.38,25.81,3.67,1.05,0,1400,FALSE,,20,7,2,FALSE,MSCI,APPROVED
Glickman,2023,FALSE,100,439.3,93.6,0,0,,,205.66,186.04,9.89,6.51,0,,FALSE,,3.2,6,2,FALSE,MSCI,PENDING_APPROVAL
Holloway,2023,FALSE,55.9,2957.3,77.8,0,0,,,13.19,0.3,0.06,13.68,0,,FALSE,,0.4,8,2,FALSE,MSCI,PENDING_APPROVAL
Litesource,2023,TRUE,96,51286.7,29860,3859.6,4247.7,,,338.8,1574.84,54.77,20.19,0,117100,TRUE,,3.2,7,3,FALSE,MSCI,APPROVED
McGrey,2023,FALSE,45.9,1913.2,212.4,0,0,,,38.87,177.61,5.26,2.59,0,24950,FALSE,,20,6,4,FALSE,MSCI,APPROVED
