﻿Category L3 ID,Category L3 name,Category L2 ID,Category L1 ID,Emissions factor ID
PDLT,Pedestrian Lighting,Optical,Production,
DNLT,Downlights,Optical,Production,Fabricated metal products
BULB,Bulbs,Optical,Production,"Electrical equipment, appliances, other"
CNTR,Controllers,Electrical,Production,Computer and electronic products
ENCL,Enclosures,Mechanical,Production,Fabricated metal products
HVEL,High Voltage Electrical,Electrical,Production,"Electrical equipment, appliances, other"
LENS,Lenses,Optical,Production,Nonmetallic mineral products
LUMI,Luminaire,Optical,Production,"Electrical equipment, appliances, other"
MCHS,Mechanicals,Mechanical,Production,Machinery
PRCH,Primary Chassis,Mechanical,Production,Fabricated metal products
PRFD,Primary Foundation,Mechanical,Production,Fabricated metal products
SECH,Secondary Chassis,Mechanical,Production,Fabricated metal products
ECMP,Electrical Components,Electrical,Production, 
FIBR,Fiber Optics,Optical,Production,Nonmetallic mineral products
