﻿Supplier ID,Scope 1 emissions,Scope 2 emissions,Scope 3 emissions - upstream,Scope 3 emissions - downstream,Emissions calculation method,Emissions data as of date,Revenue,Currency,Financial year,Accounting year end date,Verification details,Address,City,State or Province,Postal code,Source ID,Status
Alumi-lux,910328624,969671376,20854175370,2158732494,"Emissions are calculated based on direct fuel consumption, including natural gas, diesel, and gasoline, using emission factors from EPA.",2024-12-01,17140806000,USD,2024,2024-09-30,Verified by 3rd party,5 Main St,Nashua,NH,3064,CDP,PENDING_APPROVAL
Amos,6612567,8575338,,,Emissions are calculated based on energy bills and meter analysis to estimate electricity consumption and calculate emissions using the average emissions intensity of sources.,2024-12-01,456747000,USD,2023,2023-12-31,Verified by 3rd party,1500 PA-3,Philadelphia,PA,19102,CDP,APPROVED
Autonomic,36146070,176214115,,,Emissions are calculated based on the GHG Protocol's Scope 1 and 2 calculators.,2024-12-01,3005446000,USD,2022,2022-12-31,Verified by 3rd party,341-349 Oakland St,Morgantown,WV,26505,CDP,PENDING_APPROVAL
Brewers,2331970,11114490,489388964,13755150,"Emissions are calculated based on on-site measurements of emissions from boilers, generators, and industrial processes using specialized equipment and techniques.",2024-12-01,2419662000,USD,2022,2022-12-31,Verified by 3rd party,22 W Washington St,Phoenix,AZ,85004,CDP,APPROVED
Core,245858414,867891000,2085055158,29165885000,"Emissions are calculated based on direct fuel consumption, including natural gas, diesel, and gasoline, using emission factors from EPA.",2024-12-01,6235721000,USD,2023,2023-12-31,Verified by 3rd party,272 Forest Hill Ave,Saranac Lake,NY,12983,CDP,PENDING_APPROVAL
Corporal,9147639,11343998,,,Emissions are calculated based on energy bills and meter analysis to estimate electricity consumption and calculate emissions using the average emissions intensity of sources.,2024-12-01,194248000,USD,2024,2024-09-30,Verified by 3rd party,199 South Boulder Ave W,Tulsa,OK,74103,CDP,PENDING_APPROVAL
EM,179942,3584904,13953615,477785,Emissions are calculated based on the GHG Protocol's Scope 1 and 2 calculators.,2024-12-01,472972000,USD,2024,2024-09-30,Verified by 3rd party,110 Market St,Hemphill,TX,75948,CDP,PENDING_APPROVAL
Exclusive,61164964,5668155,12187711,0,"Emissions are calculated based on on-site measurements of emissions from boilers, generators, and industrial processes using specialized equipment and techniques.",2024-12-01,110625000,USD,2023,2023-06-30,Verified by 3rd party,2417 I-90BL,Billings,MT,59101,CDP,PENDING_APPROVAL
F & M,308755000,591357000,,,"Emissions are calculated based on direct fuel consumption, including natural gas, diesel, and gasoline, using emission factors from EPA and energy bills and meter analysis to estimate electricity consumption and calculate emissions using the average emissions intensity of sources.",2024-12-01,6045277000,USD,2022,2022-12-31,Verified by 3rd party,37-39 US-33,Columbus,OH,43215,CDP,APPROVED
Flexilux,22650879,15896168,,,"Emissions are calculated based on the GHG Protocol's Scope 1 and 2 calculators and on-site measurements of emissions from boilers, generators, and industrial processes using specialized equipment and techniques.",2024-12-01,1385204000,USD,2022,2022-12-31,Verified by 3rd party,455 Main St,Worcester,MA,1608,CDP,PENDING_APPROVAL
Gemini,46848890,65024870,735878069,1538343195,"Emissions are calculated based on energy bills and meter analysis to estimate electricity consumption and calculate emissions using the average emissions intensity of sources and on-site measurements of emissions from boilers, generators, and industrial processes using specialized equipment and techniques.",2024-12-01,8951980000,USD,2023,2023-09-30,Verified by 3rd party,1502 Marilla St,Dallas,TX,75201,CDP,PENDING_APPROVAL
Glickman,270172643,136682825,,,"Emissions are calculated based on direct fuel consumption, including natural gas, diesel, and gasoline, using emission factors from EPA and the GHG Protocol's Scope 1 and 2 calculators.",2024-12-01,4039966000,USD,2024,2024-09-30,Verified by 3rd party,1218 Waterford Rd,Waterford,ME,4088,CDP,PENDING_APPROVAL
Litesource,2886738,13274119,124303624,81075783,"Emissions are calculated based on the GHG Protocol's Scope 1 and 2 calculators and on-site measurements of emissions from boilers, generators, and industrial processes using specialized equipment and techniques.",2024-12-01,1746126000,USD,2023,2023-09-30,Verified by 3rd party,101-117 S 8th St,Salina,KS,67401,CDP,PENDING_APPROVAL
Holloway,11337000,13616000,107610412,36972000,"Emissions are calculated based on energy bills and meter analysis to estimate electricity consumption and calculate emissions using the average emissions intensity of sources and on-site measurements of emissions from boilers, generators, and industrial processes using specialized equipment and techniques.",2024-12-01,1488745000,USD,2023,2023-12-31,Verified by 3rd party,4010 W Buckeye Rd,Phoenix,AZ,85009,CDP,PENDING_APPROVAL
McGrey,14391640360,654004150,4011300753,23444137000,"Emissions are calculated based on direct fuel consumption, including natural gas, diesel, and gasoline, using emission factors from EPA and the GHG Protocol's Scope 1 and 2 calculators.",2024-12-01,6318700000,USD,2023,2023-12-31,Verified by 3rd party,6 Sumner Cir,Vineyard Haven,MA,2568,CDP,PENDING_APPROVAL
Ripley,36146070,176214115,,,Emissions are calculated based on the GHG Protocol's Scope 1 and 2 calculators.,2024-12-01,3005446000,USD,2022,2022-12-31,Verified by 3rd party,572-598 Chambers St,Trenton,NJ,8609,CDP,APPROVED
