﻿Product ID,Supplier ID,Supplier product ID,Category L3,Category L2,Category L1,Name,Description,Default quantity units,Value,Currency,Measurement,Measurement unit,Status
BBG-3256,LightLens,960450,BULB,Optical,Production,RGBW Module,Compact module with RGBW LEDs for versatile color-changing and decorative lighting applications.,EA,14,USD,1.4,kg,ACTIVE
HBS-8201,LightLens,365608,BULB,Optical,Production,RGBW Neon Flex,Flexible RGBW LED neon flex that offers vibrant color-changing and decorative lighting solutions.,EA,18,USD,1.8,kg,ACTIVE
LGC-1234,LightLens,608492,BULB,Optical,Production,RGBW Neon Tube,Flexible RGBW LED neon tube that offers versatile color-changing and decorative lighting possibilities.,EA,17,USD,1.7,kg,ACTIVE
LCD-9387,LightLens,718655,BULB,Optical,Production,RGBW Strip,Flexible LED strip with RGBW color output,EA,17,USD,1.7,kg,ACTIVE
ICB-3456,LightLens,363593,BULB,Optical,Production,UV LED Strip,Flexible LED strip that emits UV light for various applications,EA,5,USD,0.5,kg,ACTIVE
HCC-9065,LightLens,962998,BULB,Optical,Production,Neon Flex,Flexible neon lighting solution that offers the look and feel of traditional neon with enhanced flexibility and durability.,EA,5,USD,0.5,kg,ACTIVE
HFL-1294,Lorel,449599,BULB,Optical,Production,Color Changing Bulb,Bulb that offers a wide range of color options and color-changing capabilities for dynamic lighting effects.,EA,11,USD,1.1,kg,ACTIVE
RAS-5287,Lorel,657695,BULB,Optical,Production,OLED Display,Flexible OLED display module that integrates lighting controls and information display functionalities.,EA,7,USD,0.7,kg,ACTIVE
PAD-9012,Lorel,542418,BULB,Optical,Production,Neon Tube,Flexible neon tube that mimics the look and glow of traditional neon lighting,EA,18,USD,1.8,kg,ACTIVE
IAS-4359,Lorel,576652,BULB,Optical,Production,RGBW Neon Tape,Flexible RGBW LED neon tape that allows for creative and decorative lighting installations.,EA,19,USD,1.9,kg,ACTIVE
IAW-5748,Lorel,602203,BULB,Optical,Production,LED Neon Tube,Flexible LED neon tube that replicates the look and feel of traditional neon lighting with enhanced energy efficiency.,EA,6,USD,0.6,kg,ACTIVE
LBF-6789,Lorel,173784,BULB,Optical,Production,RGB Strip,Flexible LED strip with RGB color output for dynamic and customizable lighting effects.,EA,6,USD,0.6,kg,ACTIVE
PBL-7985,Lorel,741947,BULB,Optical,Production,RGB Tape,Flexible LED tape with RGB color-changing capabilities,EA,10,USD,1,kg,ACTIVE
29000462,SilverOptics,735831,BULB,Optical,Production,NaHP-TC Sodium Bulb 480V,Bulbs - NaHP-TC Sodium Bulb 480V,EA,95,USD,9.5,kg,ACTIVE
29000469,SilverOptics,560796,BULB,Optical,Production,NaHP-TC Sodium Bulb 600v,Bulbs - NaHP-TC Sodium Bulb 600v,EA,108,USD,10.8,kg,ACTIVE
LEB-5306,Amos,592781,CNTR,Electrical,Production,Wi-Fi Dimmer,Dimmer module with built-in Wi-Fi connectivity for wireless and remote dimming control of lighting fixtures.,EA,48,USD,2.4,kg,ACTIVE
RFU-6803,Amos,823869,CNTR,Electrical,Production,Wireless Wall Controller,Battery-operated wall controller for wireless control of lighting fixtures and scenes.,EA,35,USD,1.75,kg,ACTIVE
RFH-2486,Amos,897751,CNTR,Electrical,Production,Wireless Wall Dimmer,Battery-operated wall dimmer for wireless and convenient control of lighting intensity.,EA,14,USD,0.7,kg,ACTIVE
BFC-3942,Amos,276154,CNTR,Electrical,Production,Wireless Wall Dimmer Switch,Battery-powered wireless wall dimmer switch for convenient control of lighting intensity.,EA,24,USD,1.2,kg,ACTIVE
BFI-3726,Amos,200086,CNTR,Electrical,Production,Wireless Wall Keypad,Battery-operated wall keypad for wireless control and scene selection in lighting systems.,EA,47,USD,2.35,kg,ACTIVE
BFM-8943,Amos,923389,CNTR,Electrical,Production,Wireless Remote Control,Handheld remote control for wireless operation and adjustment of lighting scenes and settings.,EA,19,USD,0.95,kg,ACTIVE
BFS-3698,Amos,464878,CNTR,Electrical,Production,Wireless Wall Switch,Battery-powered wireless wall switch for convenient control and operation of lighting fixtures.,EA,21,USD,1.05,kg,ACTIVE
PFS-9435,Amos,588367,CNTR,Electrical,Production,Wireless Touch Panel,Touch-sensitive panel for wireless control and adjustment of lighting scenes and intensity.,EA,22,USD,1.1,kg,ACTIVE
RGF-8902,Amos,290748,CNTR,Electrical,Production,Z-Wave Dimmer,Dimmer module compatible with Z-Wave protocol for wireless dimming control of lighting fixtures.,EA,23,USD,1.15,kg,ACTIVE
HFL-9452,Amos,605082,CNTR,Electrical,Production,Z-Wave Gateway,Gateway device that enables Z-Wave communication and integration of lighting control systems.,EA,34,USD,1.7,kg,ACTIVE
HCP-5203,Autonomic,984322,CNTR,Electrical,Production,Ambient Light Sensor,Sensor module that detects ambient light levels and adjusts lighting accordingly for energy efficiency.,EA,41,USD,2.05,kg,ACTIVE
RVC-5802,Autonomic,874880,CNTR,Electrical,Production,Color Controller,Controller module that allows precise adjustment and control of color parameters for customizable lighting.,EA,30,USD,1.5,kg,ACTIVE
BCM-4567,Autonomic,338373,CNTR,Electrical,Production,Daylight Sensor,Sensor module that detects natural daylight levels and adjusts artificial lighting accordingly for energy efficiency.,EA,33,USD,1.65,kg,ACTIVE
RFC-5023,Autonomic,960239,CNTR,Electrical,Production,Control Module,Intelligent control module for seamless integration and precise control of LED lighting systems.,EA,29,USD,1.45,kg,ACTIVE
LCF-7852,Autonomic,311784,CNTR,Electrical,Production,Light Level Sensor,Sensor module that detects ambient light levels and triggers lighting adjustments for energy efficiency.,EA,45,USD,2.25,kg,ACTIVE
LCP-6205,Autonomic,161303,CNTR,Electrical,Production,Motion Sensor,Motion-activated sensor that detects movement and triggers lighting fixtures,EA,40,USD,2,kg,ACTIVE
LCT-9273,Autonomic,700681,CNTR,Electrical,Production,Motion Sensor,Motion sensor module that detects movement and triggers lighting,EA,13,USD,0.65,kg,ACTIVE
LCW-6138,Holloway,190598,CNTR,Electrical,Production,Neon Sign Module,LED module designed for creating neon-like signs and displays,EA,46,USD,2.3,kg,ACTIVE
HDC-5709,Holloway,301971,CNTR,Electrical,Production,Occupancy Sensor,Occupancy sensor that detects human presence and triggers lighting,EA,35,USD,1.75,kg,ACTIVE
HDD-2468,Holloway,897836,CNTR,Electrical,Production,Overheat Sensor,Sensor that detects excessive heat in lighting fixtures,EA,30,USD,1.5,kg,ACTIVE
BDG-8514,Holloway,327740,CNTR,Electrical,Production,Illumination Sensor,High-precision sensor that measures and adjusts light levels in real-time for optimal illumination control.,EA,22,USD,1.1,kg,ACTIVE
RDS-4952,Holloway,556703,CNTR,Electrical,Production,PIR Sensor,Passive infrared (PIR) sensor that detects human presence and triggers lighting,EA,49,USD,2.45,kg,ACTIVE
LDF-9376,Holloway,184866,CNTR,Electrical,Production,RGBW Pixel Module,Pixel-based lighting module with RGBW color output for pixel mapping and dynamic lighting effects.,EA,48,USD,2.4,kg,ACTIVE
LDL-7890,Holloway,413657,CNTR,Electrical,Production,Scene Controller,Controller module with preset scene options for easy and convenient lighting scene selection and customization.,EA,24,USD,1.2,kg,ACTIVE
HDL-8612,Holloway,715602,CNTR,Electrical,Production,LED Panel,Ultra-thin LED panel designed for sleek and modern lighting installations.,EA,28,USD,1.4,kg,ACTIVE
GSD-2814,Holloway,328987,CNTR,Electrical,Production,Smart Lighting Controller,Intelligent lighting controller with advanced automation features for seamless control of lighting systems.,EA,25,USD,1.25,kg,ACTIVE
PDM-5847,Holloway,874683,CNTR,Electrical,Production,Sound-Activated Module,Module that synchronizes lighting effects with sound or music,EA,15,USD,0.75,kg,ACTIVE
GDS-8365,Holloway,448456,CNTR,Electrical,Production,RGB Controller,Advanced RGB controller that enables precise color tuning and dynamic lighting effects.,EA,46,USD,2.3,kg,ACTIVE
GDT-3587,Holloway,123397,CNTR,Electrical,Production,Touch Panel Dimmer,User-friendly touch panel dimmer with intuitive controls for effortless lighting adjustment.,EA,22,USD,1.1,kg,ACTIVE
GDT-2147,Holloway,813949,CNTR,Electrical,Production,Wireless Touch Keypad,Touch-sensitive keypad for wireless control and adjustment of lighting scenes and settings.,EA,40,USD,2,kg,ACTIVE
FET-1357,Holloway,818380,CNTR,Electrical,Production,Wi-Fi Controller,Controller module with Wi-Fi connectivity for convenient and wireless control of lighting fixtures and scenes.,EA,42,USD,2.1,kg,ACTIVE
7900128,Ripley,686950,CNTR,Electrical,Production,"Lighting Controller, Base Mounted, 480volt, 200amp","Controllers - Lighting Controller, Base Mounted, 480volt, 200amp",EA,320,USD,16,kg,ACTIVE
82500380,Ripley,639209,CNTR,Electrical,Production,"Lighting Controller, Base Mounted, 600volt, 200amp","Controllers - Lighting Controller, Base Mounted, 600volt, 200amp",EA,350,USD,17.5,kg,ACTIVE
LGC-3871,Amos,203414,DNLT,Optical,Production,Architectural Spotlight,Architectural spotlight fixture that offers precise and focused lighting for highlighting architectural details.,EA,10,USD,0.9,kg,ACTIVE
RGH-6349,Amos,566987,DNLT,Optical,Production,Architectural Wall Light,Wall-mounted lighting fixture with architectural design for enhancing the aesthetics of indoor spaces.,EA,29,USD,2.61,kg,ACTIVE
RGS-3490,J&R,869648,DNLT,Optical,Production,Recessed Downlight,Recessed downlight with adjustable beam angles for precise and focused illumination.,EA,41,USD,3.69,kg,ACTIVE
RCH-8743,J&R,100662,DNLT,Optical,Production,Picture Light,Picture light designed to illuminate artwork and photographs with adjustable beam angles and focused lighting.,EA,15,USD,1.35,kg,ACTIVE
RHC-9183,J&R,146144,DNLT,Optical,Production,Track Spotlight,Track-mounted spotlight that offers adjustable and focused lighting for highlighting artwork and displays.,EA,35,USD,3.15,kg,ACTIVE
RHS-0123,J&R,374082,DNLT,Optical,Production,Linear Track Light,Linear track lighting fixture with adjustable beam angles for directional and focused lighting.,EA,23,USD,2.07,kg,ACTIVE
RFC-7241,J&R,630247,DNLT,Optical,Production,Track Lighting Kit,Complete track lighting kit with adjustable beam angles for versatile and customizable lighting setups.,EA,32,USD,2.88,kg,ACTIVE
HSP-5283,J&R,610819,DNLT,Optical,Production,CCT Downlight,Recessed downlight with adjustable color temperature (CCT) settings for versatile and adaptable lighting solutions.,EA,32,USD,2.88,kg,ACTIVE
LHC-4023,J&R,931693,DNLT,Optical,Production,Glass Chandelier,Exquisite glass chandelier that adds a touch of sophistication and elegance to any space.,EA,44,USD,3.96,kg,ACTIVE
PHD-2659,J&R,420994,DNLT,Optical,Production,Pendant Cluster,Clustered pendant lights that create a visually striking centerpiece,EA,42,USD,3.78,kg,ACTIVE
PIS-6781,J&R,607310,DNLT,Optical,Production,Pendant Light,Pendant light with a spherical design that creates a soft and diffused lighting effect.,EA,14,USD,1.26,kg,ACTIVE
HSI-8901,J&R,866185,DNLT,Optical,Production,Pendant Fixture,Stylish pendant light fixture featuring a spherical design for modern and elegant lighting installations.,EA,33,USD,2.97,kg,ACTIVE
GJB-2861,J&R,727191,DNLT,Optical,Production,RGBW Spot Light,Spotlight fixture with RGBW color output for versatile and dynamic lighting applications.,EA,10,USD,0.9,kg,ACTIVE
RLP-5891,Amos,215287,ECMP,Electrical,Production,Light Guide Panel,Ultra-thin light guide panel that uniformly distributes light with high efficiency and minimal light loss.,EA,8,USD,1.2,kg,ACTIVE
ILT-5316,Amos,804110,ECMP,Electrical,Production,Smart Strip,Flexible LED strip with integrated smart features,EA,12,USD,1.8,kg,ACTIVE
RCK-2053,Amos,953274,ECMP,Electrical,Production,Bluetooth Speaker Light,Combination of a Bluetooth speaker and a lighting fixture for multi-functional and space-saving solutions.,EA,8,USD,1.2,kg,ACTIVE
PLP-8492,McGrey,413138,ECMP,Electrical,Production,Bluetooth Gateway,Gateway device that enables Bluetooth communication and integration of lighting control systems.,EA,3,USD,0.45,kg,ACTIVE
LFD-4563,McGrey,878387,ECMP,Electrical,Production,RGBW Chip,High-performance RGBW LED chip with precise color mixing capabilities for vibrant and accurate color rendering.,EA,5,USD,0.75,kg,ACTIVE
LNT-1849,McGrey,220988,ECMP,Electrical,Production,High-CRI LED Chip,LED chip engineered for high color rendering index (CRI) values,EA,15,USD,2.25,kg,ACTIVE
LSP-3125,McGrey,424400,ECMP,Electrical,Production,DMX Merger,Device that merges multiple DMX signals into a single output,EA,11,USD,1.65,kg,ACTIVE
PGD-8287,McGrey,150603,ECMP,Electrical,Production,DMX Splitter,DMX splitter device that distributes DMX signals to multiple lighting fixtures,EA,8,USD,1.2,kg,ACTIVE
PLF-3297,McGrey,436863,ECMP,Electrical,Production,DMX Terminator,Device used to terminate DMX signal lines,EA,15,USD,2.25,kg,ACTIVE
LLP-2315,McGrey,535060,ECMP,Electrical,Production,DMX Tester,Portable device for testing and troubleshooting DMX lighting systems,EA,9,USD,1.35,kg,ACTIVE
LGR-7015,McGrey,516625,ECMP,Electrical,Production,Emergency Battery Pack,Battery pack module that provides backup power in case of power outages,EA,12,USD,1.8,kg,ACTIVE
RLS-9637,McGrey,747947,ECMP,Electrical,Production,Circuit Board,Flexible circuit board with integrated illumination components,EA,14,USD,2.1,kg,ACTIVE
RPL-7854,McGrey,833586,ECMP,Electrical,Production,LED Driver,Flexible LED driver with customizable output profiles for versatile lighting applications.,EA,10,USD,1.5,kg,ACTIVE
PSL-9487,McGrey,448372,ECMP,Electrical,Production,RGBW Wall Panel,Wall-mounted panel with RGBW LED lights for creating colorful and dynamic lighting displays.,EA,15,USD,2.25,kg,ACTIVE
RGS-7593,McGrey,562541,ECMP,Electrical,Production,EL Tape,Electroluminescent tape that emits a uniform glow,EA,11,USD,1.65,kg,ACTIVE
CLD-6478,McGrey,198508,ECMP,Electrical,Production,Graphene Heat Sink,Heat sink with a graphene layer that provides superior thermal conductivity and cooling performance.,EA,4,USD,0.6,kg,ACTIVE
CWL-4159,McGrey,266109,ECMP,Electrical,Production,Graphene Heat Spreader,Heat spreader with a graphene layer that efficiently distributes heat in lighting systems,EA,4,USD,0.6,kg,ACTIVE
CLL-6874,McGrey,716084,ECMP,Electrical,Production,Amplification Diode,Cutting-edge diode that efficiently amplifies photon energy for optimal lighting efficiency.,EA,11,USD,1.65,kg,ACTIVE
LLP-4045,McGrey,374790,ECMP,Electrical,Production,Capacitor,High-performance capacitor that emits a radiant glow when charged.,EA,13,USD,1.95,kg,ACTIVE
RCR-9375,Plastico,495845,ENCL,Mechanical,Production,UV-C Disinfection Module,Module that emits UV-C light for effective disinfection and sterilization,EA,14,USD,2.8,kg,ACTIVE
RLC-9402,Plastico,225025,ENCL,Mechanical,Production,Vapor Chamber,Vapor chamber cooling solution that enhances heat dissipation in high-performance lighting fixtures.,EA,14,USD,2.8,kg,ACTIVE
HMS-4681,Plastico,507940,ENCL,Mechanical,Production,Vapor Chamber Cooler,Vapor chamber cooler that efficiently dissipates heat from lighting fixtures for optimal performance.,EA,12,USD,2.4,kg,ACTIVE
RMS-7156,Plastico,892622,ENCL,Mechanical,Production,UV Disinfection Module,Module that emits UV light for effective disinfection of surfaces and air in various environments.,EA,13,USD,2.6,kg,ACTIVE
FNF-2136,Plastico,703711,ENCL,Mechanical,Production,UV Germicidal Module,Module that emits UV-C light for effective sterilization and disinfection,EA,7,USD,1.4,kg,ACTIVE
FNS-6179,Plastico,103732,ENCL,Mechanical,Production,Plant Growth Module,Module that emits specialized wavelengths of light to support plant growth in indoor gardening applications.,EA,6,USD,1.2,kg,ACTIVE
GNT-2871,Plastilite,639581,ENCL,Mechanical,Production,UV Inspection Module,Module that emits UV light for inspection and verification of UV-reactive markings and materials.,EA,9,USD,1.8,kg,ACTIVE
ROS-8491,Plastilite,564404,ENCL,Mechanical,Production,Light Module,High-intensity light module for professional-grade lighting applications with exceptional brightness.,EA,5,USD,1,kg,ACTIVE
LOD-7690,Plastilite,544474,ENCL,Mechanical,Production,Laser Projection Module,Module that projects laser patterns and images,EA,15,USD,3,kg,ACTIVE
BOL-3519,Plastilite,649460,ENCL,Mechanical,Production,UV Sterilization Module,Module that emits UV-C light for powerful and efficient sterilization of surfaces and air in various environments.,EA,5,USD,1,kg,ACTIVE
IOF-9154,Plastilite,969842,ENCL,Mechanical,Production,UV-C LED Strip,LED strip that emits UV-C light for effective germicidal and sterilization purposes in various applications.,EA,11,USD,2.2,kg,ACTIVE
7900063,F & M,107899,ENCL,Mechanical,Production,"Junction Box 8"" X 24"" X 10""","Enclosures - Junction Box 8"" X 24"" X 10""",EA,50,USD,10,kg,ACTIVE
IWW-5273,SilverOptics,433010,FIBR,Optical,Production,Fiber Optic Cable,Fiber optic cable designed for efficient light transmission,EA,4,USD,1,kg,ACTIVE
HOS-1932,SilverOptics,266391,FIBR,Optical,Production,Fiber Optic Illuminator,Illuminator module that provides light source for fiber optic lighting installations,EA,14,USD,3.5,kg,ACTIVE
LPC-5749,SilverOptics,931072,FIBR,Optical,Production,Fiber Optic Module,Fiber optic lighting module that efficiently delivers light over long distances with minimal light loss.,EA,10,USD,2.5,kg,ACTIVE
LPF-6793,SilverOptics,204145,FIBR,Optical,Production,Fiber Optic Spotlight,Spotlight fixture that utilizes fiber optic technology for precise and focused lighting in architectural and artistic applications.,EA,9,USD,2.25,kg,ACTIVE
LPL-6218,SilverOptics,110999,FIBR,Optical,Production,Fiber Optic Star Ceiling Kit,Kit that creates a stunning starry effect on ceilings using fiber optic lighting,EA,9,USD,2.25,kg,ACTIVE
LRC-3590,Holloway,151812,HVEL,Electrical,Production,Wireless Hub,Central hub device that connects and synchronizes multiple wireless lighting control systems in a single network.,EA,81,USD,8.1,kg,ACTIVE
LSC-9842,Holloway,656887,HVEL,Electrical,Production,Wireless Motion Sensor,Battery-powered wireless motion sensor that triggers lighting based on detected movement for convenience and energy savings.,EA,31,USD,3.1,kg,ACTIVE
LRS-7291,Holloway,502760,HVEL,Electrical,Production,Wireless Motion Dimmer,Battery-powered wireless motion dimmer that adjusts lighting intensity based on detected movement,EA,40,USD,4,kg,ACTIVE
IRT-7821,Holloway,147933,HVEL,Electrical,Production,Wireless Wall Plate,Battery-powered wireless wall plate for convenient control and synchronization of lighting systems.,EA,50,USD,5,kg,ACTIVE
PRC-9627,Holloway,228277,HVEL,Electrical,Production,Wireless Receiver,Wireless receiver module that enables synchronized control and coordination of multiple lighting fixtures.,EA,66,USD,6.6,kg,ACTIVE
LCL-1726,Holloway,349281,HVEL,Electrical,Production,Wireless Transmitter,Wireless transmitter module that enables synchronized control of multiple lighting fixtures and systems.,EA,94,USD,9.4,kg,ACTIVE
LRD-2897,Holloway,744163,HVEL,Electrical,Production,Wireless Lighting Hub,Central hub device that wirelessly controls and synchronizes multiple lighting fixtures and systems.,EA,39,USD,3.9,kg,ACTIVE
LRL-2194,Holloway,333402,HVEL,Electrical,Production,Zigbee Dimmer,Dimmer module compatible with Zigbee protocol for wireless and synchronized dimming control of lighting fixtures.,EA,83,USD,8.3,kg,ACTIVE
LRM-2168,Holloway,652195,HVEL,Electrical,Production,Zigbee Dimmable Driver,Dimmable driver module compatible with Zigbee protocol for wireless dimming control of lighting fixtures.,EA,25,USD,2.5,kg,ACTIVE
RNF-3276,Holloway,191799,HVEL,Electrical,Production,Zigbee Gateway,Gateway device that enables communication and control of Zigbee-based lighting systems.,EA,87,USD,8.7,kg,ACTIVE
2510188,McGrey,720819,HVEL,Electrical,Production,U/G Supply To Pole-Mounted Luminaire,High Voltage Electrical - U/G Supply To Pole-Mounted Luminaire,EA,412,USD,41.2,kg,ACTIVE
9665304,McGrey,122484,HVEL,Electrical,Production,U/G Supply To Pole-Mounted Luminaire At The,High Voltage Electrical - U/G Supply To Pole-Mounted Luminaire At The,EA,422,USD,42.2,kg,ACTIVE
23000362,McGrey,375845,HVEL,Electrical,Production,"Electric Cable In Conduit, 600v","High Voltage Electrical - Electric Cable In Conduit, 600v",EA,455,USD,45.5,kg,ACTIVE
81028220,McGrey,278623,HVEL,Electrical,Production,"Underground Conduit, Galvanized Steel, 3"" Dia.","High Voltage Electrical - Underground Conduit, Galvanized Steel, 3"" Dia.",EA,122,USD,12.2,kg,ACTIVE
81603000,McGrey,273360,HVEL,Electrical,Production,"Unit Duct, 600v, 2-1c No. 8, 1/C No. 8 Ground, (Xlp-Type Use),","High Voltage Electrical - Unit Duct, 600v, 2-1c No. 8, 1/C No. 8 Ground, (Xlp-Type Use),",EA,55,USD,5.5,kg,ACTIVE
81603030,McGrey,468064,HVEL,Electrical,Production,"Unit Duct, 600v, 2-1c No. 4, 1/C No. 6 Ground, (Xlp-Type Use),","High Voltage Electrical - Unit Duct, 600v, 2-1c No. 4, 1/C No. 6 Ground, (Xlp-Type Use),",EA,55,USD,5.5,kg,ACTIVE
86000121,McGrey,212089,HVEL,Electrical,Production,"Unit Duct, 600v, 4-1c No.6, 1/C No.6 Ground","High Voltage Electrical - Unit Duct, 600v, 4-1c No.6, 1/C No.6 Ground",EA,55,USD,5.5,kg,ACTIVE
86000123,McGrey,739572,HVEL,Electrical,Production,"Unit Duct, 600v, 2-1c No.4, 1/C No.6 Ground","High Voltage Electrical - Unit Duct, 600v, 2-1c No.4, 1/C No.6 Ground",EA,55,USD,5.5,kg,ACTIVE
86000124,McGrey,746125,HVEL,Electrical,Production,"Unit Duct, 600v, 2-1c No.2, 1/C No.4 Ground","High Voltage Electrical - Unit Duct, 600v, 2-1c No.2, 1/C No.4 Ground",EA,55,USD,5.5,kg,ACTIVE
HPL-9023,McGrey,281075,HVEL,Electrical,Production,High-Efficiency Driver,Driver module with advanced efficiency features to maximize the performance of high-power LEDs.,EA,36,USD,3.6,kg,ACTIVE
RPS-6931,McGrey,969588,HVEL,Electrical,Production,DALI Controller,Controller module that enables DALI (Digital Addressable Lighting Interface) control and management of lighting systems.,EA,62,USD,6.2,kg,ACTIVE
PPG-9284,McGrey,842217,HVEL,Electrical,Production,DALI Dimmer,DALI-compatible dimmer module that enables smooth and precise dimming control in DALI lighting systems.,EA,89,USD,8.9,kg,ACTIVE
PPF-2037,McGrey,248265,HVEL,Electrical,Production,DALI Gateway,Gateway device that enables DALI (Digital Addressable Lighting Interface) control and integration.,EA,35,USD,3.5,kg,ACTIVE
GPC-2345,McGrey,961758,HVEL,Electrical,Production,Junction Box,Junction box designed for secure electrical connections in lighting installations.,EA,41,USD,4.1,kg,ACTIVE
GPB-8291,Ripley,683551,HVEL,Electrical,Production,Power Distribution Bar,Distribution bar for organized power distribution and connection of lighting fixtures in a centralized manner.,EA,84,USD,8.4,kg,ACTIVE
GPB-6742,Ripley,115261,HVEL,Electrical,Production,Power Distribution Block,Distribution block for efficient and organized electrical power distribution in lighting systems.,EA,33,USD,3.3,kg,ACTIVE
GPU-4759,Ripley,839014,HVEL,Electrical,Production,Power Converter,State-of-the-art power converter for seamless conversion and regulation of electrical energy.,EA,60,USD,6,kg,ACTIVE
GPC-3046,Ripley,562906,HVEL,Electrical,Production,Power Extension Cable,Extension cable designed to extend the reach of power connections in lighting setups.,EA,67,USD,6.7,kg,ACTIVE
GEC-6752,Ripley,203207,HVEL,Electrical,Production,Power Extension Cord,Extension cord designed to extend the reach of power connections in lighting installations.,EA,46,USD,4.6,kg,ACTIVE
CPD-6705,Ripley,222142,HVEL,Electrical,Production,Power Distribution Unit,Centralized power distribution unit for efficient and organized power supply to multiple lighting fixtures.,EA,61,USD,6.1,kg,ACTIVE
CPD-2348,Ripley,936599,HVEL,Electrical,Production,RF Dimmer,RF (radio frequency) dimmer module for wireless and synchronized dimming control of lighting fixtures.,EA,40,USD,4,kg,ACTIVE
CPL-8026,Ripley,880646,HVEL,Electrical,Production,RF Dimmer Switch,Dimmer switch module with RF (radio frequency) technology for wireless and synchronized dimming control.,EA,29,USD,2.9,kg,ACTIVE
IPL-5418,Ripley,350026,HVEL,Electrical,Production,RF Gateway,Gateway device that enables RF (radio frequency) communication and integration of lighting control systems.,EA,49,USD,4.9,kg,ACTIVE
LRD-7361,Ripley,342819,HVEL,Electrical,Production,RF Gateway,Gateway device that enables RF (radio frequency) communication and integration of lighting control systems.,EA,97,USD,9.7,kg,ACTIVE
RRM-5678,Ripley,715563,HVEL,Electrical,Production,RF Remote Controller,Remote controller with RF (radio frequency) technology for wireless and long-range control of lighting fixtures.,EA,32,USD,3.2,kg,ACTIVE
BRD-5048,Ripley,741760,HVEL,Electrical,Production,Smart Dimmer,Intelligent dimmer module with integrated smart features for seamless dimming and energy-saving capabilities.,EA,78,USD,7.8,kg,ACTIVE
BRD-6105,Ripley,316236,HVEL,Electrical,Production,Surge Protector,Protective device that safeguards lighting systems against power surges and voltage fluctuations.,EA,68,USD,6.8,kg,ACTIVE
BRG-8312,Ripley,415536,HVEL,Electrical,Production,DMX Decoder,DMX decoder module that receives and decodes DMX signals for precise and synchronized control of lighting fixtures.,EA,20,USD,2,kg,ACTIVE
RSE-7025,Lex,633716,LENS,Optical,Production,UV Filter Glass,Glass filter that selectively blocks UV radiation while allowing visible light to pass through,EA,40,USD,2,kg,ACTIVE
LSD-2398,Lex,394728,LENS,Optical,Production,Polarizing Film,Polarizing film accessory that controls and enhances light polarization for specific lighting requirements.,EA,30,USD,1.5,kg,ACTIVE
LSC-8126,Lex,590042,LENS,Optical,Production,Light Shaping Lens,Lens accessory that shapes and directs light output for precise and controlled lighting effects.,EA,14,USD,0.7,kg,ACTIVE
LFS-8240,Lex,114826,LENS,Optical,Production,Beam Shaping Lens,Lens accessory that shapes light beams into specific patterns or spreads for artistic lighting effects.,EA,31,USD,1.55,kg,ACTIVE
BSM-7130,Lex,656698,LENS,Optical,Production,Light Shield,Protective shield designed to minimize light spill and glare,EA,21,USD,1.05,kg,ACTIVE
PGP-9652,Lex,678862,LENS,Optical,Production,UV Filter,UV filter designed to selectively filter out harmful UV radiation while allowing visible light to pass through.,EA,33,USD,1.65,kg,ACTIVE
LTL-5847,Lex,175200,LENS,Optical,Production,Prismatic Diffuser,Prismatic diffuser that enhances light dispersion and creates captivating lighting patterns and effects.,EA,28,USD,1.4,kg,ACTIVE
RTM-3681,Lex,192125,LENS,Optical,Production,Prismatic Lens,Prismatic lens that enhances light diffusion and creates captivating lighting patterns and visual effects.,EA,29,USD,1.45,kg,ACTIVE
RTP-5094,LightLens,109109,LENS,Optical,Production,Prism Diffuser,Diffuser panel with prism pattern designed to refract light,EA,10,USD,0.5,kg,ACTIVE
LTP-5674,LightLens,930999,LENS,Optical,Production,Zoom Lens,Variable zoom lens that allows for adjustable beam angles,EA,47,USD,2.35,kg,ACTIVE
39000221,Litesource,335838,LENS,Optical,Production,230 cm Acrylic Street Lamp Lens,Lenses - 230 cm Acrylic Street Lamp Lens,EA,190,USD,9.5,kg,ACTIVE
39000224,Litesource,991968,LENS,Optical,Production,340 cm Acrylic Street Lamp Lens,Lenses - 340 cm Acrylic Street Lamp Lens,EA,203,USD,10.15,kg,ACTIVE
LNT-4293,Litesource,338851,LENS,Optical,Production,Beam Focuser,Precision beam focuser that enables accurate directionality and beam control.,EA,49,USD,2.45,kg,ACTIVE
RNT-5129,Litesource,638521,LENS,Optical,Production,Optical Lens,Optical lens with specialized optics for precisely shaping and focusing light beams.,EA,20,USD,1,kg,ACTIVE
LRM-5961,Litesource,508577,LENS,Optical,Production,Projection Lens,Specialized lens for creating sharp and focused light projections in architectural and entertainment lighting.,EA,43,USD,2.15,kg,ACTIVE
IRS-6291,Litesource,233118,LENS,Optical,Production,Reflector Module,Advanced reflector module designed to enhance and amplify light output.,EA,11,USD,0.55,kg,ACTIVE
LFS-4637,Litesource,906728,LENS,Optical,Production,Diffusion Lens,Clear lens with optimized diffusion properties for uniform light dispersion.,EA,45,USD,2.25,kg,ACTIVE
IWP-3586,Lorel,955891,LENS,Optical,Production,Color Changing Panel,LED panel that offers a wide range of color options and color-changing capabilities for vibrant and dynamic lighting displays.,EA,35,USD,1.75,kg,ACTIVE
LWW-8024,Lorel,967906,LENS,Optical,Production,Light Diffuser,Diffuser accessory designed to provide even light distribution and minimize glare in lighting applications.,EA,26,USD,1.3,kg,ACTIVE
LSC-6182,Lorel,666686,LENS,Optical,Production,Light Filter,Light filter accessory that modifies and controls the spectral output of light sources for precise color manipulation.,EA,32,USD,1.6,kg,ACTIVE
2000287,LightLens,495669,LUMI,Optical,Production,"Luminaire, Metal Halide, Horizontal Mount, 70 Watt, Special","Luminaire - Luminaire, Metal Halide, Horizontal Mount, 70 Watt, Special",EA,112,USD,11.2,kg,ACTIVE
8210677,LightLens,840820,LUMI,Optical,Production,"Luminaire, Metal Halide, Horizontal Mount, 400 Watt, Special","Luminaire - Luminaire, Metal Halide, Horizontal Mount, 400 Watt, Special",EA,189,USD,18.9,kg,ACTIVE
9665303,LightLens,304416,LUMI,Optical,Production,Cobra Head Luminaire,Luminaire - Cobra Head Luminaire,EA,950,USD,95,kg,ACTIVE
45000222,LightLens,126095,LUMI,Optical,Production,"Luminaire, Sodium Vapor, Horizontal Mount, 400 Watt","Luminaire - Luminaire, Sodium Vapor, Horizontal Mount, 400 Watt",EA,774,USD,77.4,kg,ACTIVE
45000223,LightLens,866432,LUMI,Optical,Production,"Luminaire, Sodium Vapor, Horizontal Mount, 600 Watt","Luminaire - Luminaire, Sodium Vapor, Horizontal Mount, 600 Watt",EA,774,USD,77.4,kg,ACTIVE
45000225,LightLens,416858,LUMI,Optical,Production,"Luminaire, Sodium Vapor, Horizontal Mount, 800 Watt","Luminaire - Luminaire, Sodium Vapor, Horizontal Mount, 800 Watt",EA,774,USD,77.4,kg,ACTIVE
45000226,LightLens,473251,LUMI,Optical,Production,"Luminaire, Sodium Vapor, Horizontal Mount, 1000 Watt","Luminaire - Luminaire, Sodium Vapor, Horizontal Mount, 1000 Watt",EA,774,USD,77.4,kg,ACTIVE
PUI-8357,LightLens,153093,LUMI,Optical,Production,Linear Pendant,Linear pendant light fixture with a sleek and modern design,EA,29,USD,2.9,kg,ACTIVE
UVS-6019,LightLens,446519,LUMI,Optical,Production,RGBW Downlight,Recessed downlight with RGBW color output for creating colorful and immersive lighting atmospheres.,EA,30,USD,3,kg,ACTIVE
PUV-3826,LightLens,842918,LUMI,Optical,Production,RGBW Linear Light,Linear lighting fixture with RGBW color output for dynamic and colorful lighting displays and installations.,EA,45,USD,4.5,kg,ACTIVE
RUV-6093,LightLens,895999,LUMI,Optical,Production,Tunable White Bulb,Bulb with tunable white light output,EA,27,USD,2.7,kg,ACTIVE
UVS-8326,LightLens,530157,LUMI,Optical,Production,Tunable White Panel,LED panel with tunable white light output,EA,23,USD,2.3,kg,ACTIVE
PUC-6593,LightLens,203244,LUMI,Optical,Production,Tunable White Strip,Flexible LED strip with tunable white light output,EA,12,USD,1.2,kg,ACTIVE
RVC-5823,LightLens,877907,LUMI,Optical,Production,RGBW Wall Washer,Wall-mounted lighting fixture that delivers wide-angle and uniform RGBW color washes for captivating visual effects.,EA,42,USD,4.2,kg,ACTIVE
LTK-1842,Litesource,283223,LUMI,Optical,Production,Linear Pendant,Linear pendant light fixture with a sleek design that provides focused and uniform illumination.,EA,27,USD,2.7,kg,ACTIVE
RTP-4926,Litesource,183533,LUMI,Optical,Production,Track Pendant,Pendant light fixture designed for track systems,EA,19,USD,1.9,kg,ACTIVE
ITS-1356,Litesource,338295,LUMI,Optical,Production,Outdoor Wall Washer,Outdoor wall-mounted lighting fixture that delivers wide-angle and uniform light washes for architectural and decorative lighting.,EA,47,USD,4.7,kg,ACTIVE
HTF-4297,Litesource,996196,LUMI,Optical,Production,Wall Washer,Wall-mounted lighting fixture that provides wide-angle and uniform light washes for architectural and decorative lighting.,EA,49,USD,4.9,kg,ACTIVE
LTW-1265,Litesource,327063,LUMI,Optical,Production,RGBW Cove Light,Linear lighting fixture designed for cove lighting applications,EA,45,USD,4.5,kg,ACTIVE
LTP-4873,Litesource,413435,LUMI,Optical,Production,Decorative Filament,Decorative filament with unique patterns and designs,EA,13,USD,1.3,kg,ACTIVE
LTS-1482,Litesource,740023,LUMI,Optical,Production,Filament,Specialty filament designed to emit a warm and radiant glow reminiscent of vintage lighting.,EA,50,USD,5,kg,ACTIVE
PDM-5479,Litesource,869617,LUMI,Optical,Production,Wall Sconce,Wall-mounted sconce with a warm and inviting glow,EA,30,USD,3,kg,ACTIVE
GUV-1267,Litesource,917980,LUMI,Optical,Production,Wall Wash Sconce,Wall-mounted sconce that delivers a soft and uniform wash of light,EA,17,USD,1.7,kg,ACTIVE
PFG-4951,Litesource,918087,LUMI,Optical,Production,Illuminator,Unique illuminator that creates a captivating halo effect around the light source.,EA,35,USD,3.5,kg,ACTIVE
PUG-9482,Litesource,788452,LUMI,Optical,Production,Linear Diffuser,Linear diffuser with specialized design for even light distribution and reduced hotspots in linear lighting fixtures.,EA,22,USD,2.2,kg,ACTIVE
PIC-7206,Litesource,637658,LUMI,Optical,Production,Linear Lens,Linear lens with specific optics for precise light distribution and uniform illumination in linear lighting fixtures.,EA,49,USD,4.9,kg,ACTIVE
7900012,F & M,555013,MCHS,Mechanical,Production,"Bolt Machine 5/8"" X 10""- 11 Unc Square Head And Nut","Mechanicals - Bolt Machine 5/8"" X 10""- 11 Unc Square Head And Nut",EA,5,USD,1.5,kg,ACTIVE
7900014,F & M,679856,MCHS,Mechanical,Production,"Buckle 3/4"" Banding Steel","Mechanicals - Buckle 3/4"" Banding Steel",EA,19,USD,5.7,kg,ACTIVE
7900015,F & M,104728,MCHS,Mechanical,Production,"Washer Curved Square Galv 2"" X 2"" For 4"" Bolt","Mechanicals - Washer Curved Square Galv 2"" X 2"" For 4"" Bolt",EA,3,USD,0.9,kg,ACTIVE
9664144,F & M,921546,MCHS,Mechanical,Production,"Banding Stainless Steel 0.030"" X 100' Roll","Mechanicals - Banding Stainless Steel 0.030"" X 100' Roll",EA,24,USD,7.2,kg,ACTIVE
9665306,F & M,791929,MCHS,Mechanical,Production,"Washer Galv Square 2"" X 2"" For 3"" Bolt","Mechanicals - Washer Galv Square 2"" X 2"" For 3"" Bolt",EA,3,USD,0.9,kg,ACTIVE
RVCC-5309,F & M,518753,MCHS,Mechanical,Production,Heat Sink Fan Combo,Combination of a heat sink and fan for efficient heat dissipation in lighting fixtures.,EA,54,USD,16.2,kg,ACTIVE
RCK-2073,F & M,217751,MCHS,Mechanical,Production,Fan Filter Unit,Filter unit with an integrated fan that provides filtered airflow for cooling and dust protection in lighting fixtures.,EA,38,USD,11.4,kg,ACTIVE
RVS-3582,F & M,495520,MCHS,Mechanical,Production,Heat Pipe Cooler,Heat pipe cooler that efficiently dissipates heat from lighting components,EA,60,USD,18,kg,ACTIVE
LWS-4275,F & M,761699,MCHS,Mechanical,Production,Silicone Encapsulant,Protective silicone encapsulant that enhances durability and resistance to environmental factors in lighting components.,EA,27,USD,8.1,kg,ACTIVE
LWS-8124,F & M,398370,MCHS,Mechanical,Production,Thermal Interface Material,High-performance thermal interface material that enhances heat transfer between lighting components and heat sinks.,EA,32,USD,9.6,kg,ACTIVE
HWL-7219,F & M,171338,MCHS,Mechanical,Production,Heat Spreader Plate,Heat spreader plate that efficiently distributes heat in lighting systems,EA,60,USD,18,kg,ACTIVE
GWC-4593,F & M,512050,MCHS,Mechanical,Production,UV Ink Curing Module,Module that emits UV light for rapid curing of UV-sensitive inks in printing and manufacturing processes.,EA,20,USD,6,kg,ACTIVE
LWC-1468,F & M,903371,MCHS,Mechanical,Production,UV-LED Curing Module,Module that emits UV-LED light for rapid curing of adhesives,EA,45,USD,13.5,kg,ACTIVE
GWJ-9315,Glickman,200644,PDLT,Optical,Production,Display Light,Lighting fixture designed for illuminating displays and exhibits with focused and adjustable lighting.,EA,38,USD,1.9,kg,ACTIVE
PWC-7182,Glickman,522985,PDLT,Optical,Production,Outdoor Floodlight,Outdoor floodlight with a powerful beam for illuminating large areas and architectural features.,EA,113,USD,5.65,kg,ACTIVE
PWD-5371,Glickman,398722,PDLT,Optical,Production,Adjustable Floor Lamp,Adjustable floor lamp that provides versatile and directional lighting for various settings.,EA,115,USD,5.75,kg,ACTIVE
GWG-7634,Glickman,752680,PDLT,Optical,Production,Floor Lamp,Stylish and adjustable floor lamp that provides focused and directional lighting for various settings.,EA,135,USD,6.75,kg,ACTIVE
BWH-7132,Glickman,665928,PDLT,Optical,Production,Tripod Floor Lamp,Floor lamp with a tripod base that provides stability and adjustable lighting angles.,EA,49,USD,2.45,kg,ACTIVE
LWH-6413,Glickman,677068,PDLT,Optical,Production,Crystal Ceiling Fan,Ceiling fan with crystal accents that combines airflow and lighting in an elegant design.,EA,102,USD,5.1,kg,ACTIVE
GMD-2468,RSQ,316113,PDLT,Optical,Production,Crystal Table Lamp,Table lamp adorned with crystals that refract light,EA,155,USD,7.75,kg,ACTIVE
GMS-2498,RSQ,767530,PDLT,Optical,Production,Crystal Pendant,Elegant pendant light featuring a crystal design that creates a stunning play of light and shadow.,EA,27,USD,1.35,kg,ACTIVE
HWR-8246,RSQ,964715,PDLT,Optical,Production,Crystal Wall Sconce,Wall-mounted sconce with crystal embellishments that refract light,EA,127,USD,6.35,kg,ACTIVE
LRC-8361,RSQ,704623,PDLT,Optical,Production,Table Lamp,Table lamp that emits a warm and inviting glow,EA,171,USD,8.55,kg,ACTIVE
2530003,McGrey,655809,PRCH,Mechanical,Production,Pole Concrete 35' Round Class C Direct Buried,Primary Chassis - Pole Concrete 35' Round Class C Direct Buried,EA,1290,USD,129,kg,ACTIVE
2530020,McGrey,541342,PRCH,Mechanical,Production,Pole Concrete 30' Round Class C Direct Buried,Primary Chassis - Pole Concrete 30' Round Class C Direct Buried,EA,1180,USD,118,kg,ACTIVE
7903986,McGrey,484688,PRCH,Mechanical,Production,Pole Concrete 25' Round Class C Base Mounted,Primary Chassis - Pole Concrete 25' Round Class C Base Mounted,EA,990,USD,99,kg,ACTIVE
8220072,McGrey,587422,PRCH,Mechanical,Production,Pole Concrete 40' Round Class C Direct Buried,Primary Chassis - Pole Concrete 40' Round Class C Direct Buried,EA,1452,USD,145.2,kg,ACTIVE
83008200,Flexilux,515657,PRCH,Mechanical,Production,"Light Pole, Aluminum, 40 Ft. M.H., 6 Ft. Mast Arm Each 17","Primary Chassis - Light Pole, Aluminum, 40 Ft. M.H., 6 Ft. Mast Arm Each 17",EA,2398,USD,239.8,kg,ACTIVE
83008300,Flexilux,594046,PRCH,Mechanical,Production,"Light Pole, Aluminum, 40 Ft. M.H., 8 Ft. Mast Arm Each 7","Primary Chassis - Light Pole, Aluminum, 40 Ft. M.H., 8 Ft. Mast Arm Each 7",EA,4592,USD,459.2,kg,ACTIVE
83008400,Flexilux,919451,PRCH,Mechanical,Production,"Light Pole, Aluminum, 40 Ft. M.H., 10 Ft. Mast Arm Each 37","Primary Chassis - Light Pole, Aluminum, 40 Ft. M.H., 10 Ft. Mast Arm Each 37",EA,5530,USD,553,kg,ACTIVE
89820200,Flexilux,568526,PRCH,Mechanical,Production,"Light Pole, Galvanized Steel, 50 Ft. M.H., 12 Ft. Mast Arm, Twin","Primary Chassis - Light Pole, Galvanized Steel, 50 Ft. M.H., 12 Ft. Mast Arm, Twin",EA,2349,USD,234.9,kg,ACTIVE
83600200,Brewers,160146,PRFD,Mechanical,Production,"Light Pole Foundation, 24"" Diameter","Primary Foundation - Light Pole Foundation, 24"" Diameter",EA,1287,USD,643.5,kg,ACTIVE
83600300,Brewers,957953,PRFD,Mechanical,Production,"Light Pole Foundation, 30"" Diameter","Primary Foundation - Light Pole Foundation, 30"" Diameter",EA,1456,USD,728,kg,ACTIVE
LTK-4962,Exclusive,653259,SECH,Mechanical,Production,Cooling Fan,High-performance cooling fan designed to maintain optimal operating temperatures for lighting fixtures.,EA,32,USD,6.4,kg,ACTIVE
LTP-9674,Exclusive,464551,SECH,Mechanical,Production,Liquid Cooling Kit,Comprehensive liquid cooling kit for efficient heat dissipation in high-performance lighting systems.,EA,14,USD,2.8,kg,ACTIVE
BWT-1054,Exclusive,625705,SECH,Mechanical,Production,Vapor Cooling Kit,Comprehensive vapor cooling kit for efficient heat dissipation in high-temperature lighting systems.,EA,46,USD,9.2,kg,ACTIVE
LWC-6012,Exclusive,153370,SECH,Mechanical,Production,Heat Pipe,Heat pipe solution for effective and efficient heat dissipation in high-temperature lighting environments.,EA,76,USD,15.2,kg,ACTIVE
LWD-9612,Exclusive,282745,SECH,Mechanical,Production,Liquid Cooling Radiator,Radiator component for liquid cooling systems that efficiently dissipates heat from lighting fixtures.,EA,45,USD,9,kg,ACTIVE
LWD-2374,Exclusive,409890,SECH,Mechanical,Production,Fanless Heat Sink,Fanless heat sink solution for silent and efficient heat dissipation in noise-sensitive environments.,EA,22,USD,4.4,kg,ACTIVE
LWK-2746,Exclusive,523645,SECH,Mechanical,Production,Liquid Cooling System,Comprehensive liquid cooling system for effective heat dissipation in high-powered lighting setups.,EA,60,USD,12,kg,ACTIVE
GWP-7501,Exclusive,925861,SECH,Mechanical,Production,Vapor Cooling System,Vapor cooling system for efficient heat dissipation in high-power and high-temperature lighting applications.,EA,17,USD,3.4,kg,ACTIVE
LWS-7912,Exclusive,571960,SECH,Mechanical,Production,Heat Sink,Efficient heat sink with advanced thermal management capabilities for dissipating excess heat.,EA,56,USD,11.2,kg,ACTIVE
BZD-5938,Exclusive,714428,SECH,Mechanical,Production,Thermal Pad,High-performance thermal pad designed to efficiently transfer heat away from lighting components for thermal management.,EA,23,USD,4.6,kg,ACTIVE
BZD-5197,Exclusive,809251,SECH,Mechanical,Production,Waterproof Connector,Waterproof connector designed to ensure secure and reliable connections in outdoor lighting setups.,EA,74,USD,14.8,kg,ACTIVE
BZG-1462,Exclusive,158594,SECH,Mechanical,Production,Waveform Controller,Controller module that generates dynamic lighting waveforms for creating stunning visual effects and patterns.,EA,59,USD,11.8,kg,ACTIVE
BMZ-5779,Exclusive,861903,SECH,Mechanical,Production,Linear Light Guide,Linear light guide designed to distribute light evenly and efficiently in linear lighting applications.,EA,20,USD,4,kg,ACTIVE
BZD-3569,F & M,199928,SECH,Mechanical,Production,Light Guide Rod,Light guide rod for efficient and uniform light distribution in lighting fixtures and displays.,EA,29,USD,5.8,kg,ACTIVE
BZG-6809,F & M,570235,SECH,Mechanical,Production,Weatherproof Junction Box,Durable and weatherproof junction box for secure electrical connections in outdoor lighting applications.,EA,60,USD,12,kg,ACTIVE
9664145,Total Source,270888,SECH,Mechanical,Production,Bracket Al Tapered 6' Reach,Secondary Chassis - Bracket Al Tapered 6' Reach,EA,833,USD,208.25,kg,ACTIVE
9664146,Total Source,343835,SECH,Mechanical,Production,Bracket Al Tapered 8' Reach,Secondary Chassis - Bracket Al Tapered 8' Reach,EA,1032,USD,258,kg,ACTIVE
9664147,Total Source,258915,SECH,Mechanical,Production,Bracket Al Tapered 7' Rise,Secondary Chassis - Bracket Al Tapered 7' Rise,EA,976,USD,244,kg,ACTIVE
