﻿orderIdentifier,orderType,vendor.organizationIdentifier,buyer.organizationIdentifier,shipFromInstructionLocation.locationIdentifier,shipToLocation.locationIdentifier,orderStatus,createdDate,requestedShipDate,requestedDeliveryDate,plannedShipDate,plannedDeliveryDate,quantity,quantityUnits,totalValue,orderValueCurrency,lineCount,totalShippedQuantity,exclude,sourceLink
1000567251,INBOUND,SilverOptics,LightTree,SilverOptics - Dover,LT-1,Placed,2021-07-15T00:00:00,2021-07-22T00:00:00,2021-07-26T00:00:00,,,44,EA,4752.00,USD,1,,,http://lighttree.com/1000567251
1000567264,INBOUND,Ripley,LightTree,Ripley - Trenton,LT-1,Placed,2021-07-15T00:00:00,2021-07-22T00:00:00,2021-07-26T00:00:00,,,44,EA,15400.00,USD,1,,,http://lighttree.com/1000567264
1000567234,INBOUND,Amos,LightTree,Amos - Philadelphia,LT-1,Placed,2021-07-15T00:00:00,2021-07-22T00:00:00,2021-07-26T00:00:00,2021-07-22T00:00:00,,44,EA,2420.00,USD,1,,,http://lighttree.com/1000567234
1000567353,INBOUND,Mueller,LightTree,Mueller - Pittsburgh,LT-1,Placed,2021-07-15T00:00:00,2021-07-22T00:00:00,2021-07-26T00:00:00,2021-07-22T00:00:00,,44,EA,18568.00,USD,1,,,http://lighttree.com/1000567353
1000567215,INBOUND,Alumi-lux,LightTree,Alumi-lux - Nashua,LT-1,Placed,2021-07-15T00:00:00,2021-07-22T00:00:00,2021-07-26T00:00:00,2021-07-26T00:00:00,,44,EA,20020.00,USD,1,,,http://lighttree.com/1000567215
1000567462,INBOUND,Gemini,LightTree,Gemini - Dallas,LT-1,Placed,2021-07-15T00:00:00,2021-07-22T00:00:00,2021-07-26T00:00:00,2021-07-22T00:00:00,,44,EA,5368.00,USD,1,,,http://lighttree.com/1000567462
1000567403,INBOUND,Mueller,LightTree,Mueller - Pittsburgh,LT-1,Placed,2021-07-15T00:00:00,2021-07-22T00:00:00,2021-07-26T00:00:00,2021-07-22T00:00:00,,44,EA,18128.00,USD,1,,,http://lighttree.com/1000567403
1000567363,INBOUND,LightLens,LightTree,LightLens - Ipswich ,LT-1,Placed,2021-07-15T00:00:00,2021-07-22T00:00:00,2021-07-26T00:00:00,2021-07-22T00:00:00,,44,EA,8932.00,USD,1,,,http://lighttree.com/1000567363
1000567429,INBOUND,R&J,LightTree,R&J - Vancouver,LT-1,Placed,2021-07-15T00:00:00,2021-07-22T00:00:00,2021-07-26T00:00:00,2021-07-22T00:00:00,,44,EA,34056.00,USD,1,,,http://lighttree.com/1000567429
1000567217,INBOUND,EM,LightTree,EM - Hemphill,LT-1,Placed,2021-07-15T00:00:00,2021-07-22T00:00:00,2021-07-26T00:00:00,2021-07-24T00:00:00,,44,EA,836.00,USD,1,,,http://lighttree.com/1000567217
1000567240,INBOUND,Interalloy,LightTree,Interalloy - Bozeman,LT-1,Placed,2021-07-15T00:00:00,2021-07-22T00:00:00,2021-07-26T00:00:00,2021-07-24T00:00:00,,44,EA,220.00,USD,1,,,http://lighttree.com/1000567240
1000567411,INBOUND,Interalloy,LightTree,Interalloy - Bozeman,LT-1,Placed,2021-07-15T00:00:00,2021-07-22T00:00:00,2021-07-26T00:00:00,2021-07-24T00:00:00,,44,EA,132.00,USD,1,,,http://lighttree.com/1000567411
1000567460,INBOUND,Hardy,LightTree,Hardy - Salina,LT-1,Placed,2021-07-15T00:00:00,2021-07-22T00:00:00,2021-07-26T00:00:00,2021-07-24T00:00:00,,44,EA,1056.00,USD,1,,,http://lighttree.com/1000567460
1000567497,INBOUND,Interalloy,LightTree,Interalloy - Bozeman,LT-1,Placed,2021-07-15T00:00:00,2021-07-22T00:00:00,2021-07-26T00:00:00,2021-07-21T00:00:00,,44,EA,132.00,USD,1,,,http://lighttree.com/1000567497
1000567350,INBOUND,Flexilux,LightTree,Flexilux - Worcester,LT-1,Placed,2021-07-15T00:00:00,2021-07-22T00:00:00,2021-07-26T00:00:00,2021-07-22T00:00:00,,44,EA,103356.00,USD,1,,,http://lighttree.com/1000567350
1000567486,INBOUND,McGrey,LightTree,McGrey - Mt Sterling,LT-1,Placed,2021-07-15T00:00:00,2021-07-22T00:00:00,2021-07-26T00:00:00,2021-07-22T00:00:00,,44,EA,56760.00,USD,1,,,http://lighttree.com/1000567486
1000567286,INBOUND,Brewers,LightTree,Brewers - Phoenix,LT-1,Placed,2021-07-15T00:00:00,2021-07-22T00:00:00,2021-07-26T00:00:00,2021-07-22T00:00:00,,44,EA,56628.00,USD,1,,,http://lighttree.com/1000567286
1000567450,INBOUND,Total Source,LightTree,Total Source - Waukesha,LT-1,Placed,2021-07-15T00:00:00,2021-07-22T00:00:00,2021-07-26T00:00:00,2021-07-22T00:00:00,,44,EA,36652.00,USD,1,,,http://lighttree.com/1000567450
1000567435,INBOUND,F & M,LightTree,F & M - Columbus,LT-1,Placed,2021-07-15T00:00:00,2021-07-22T00:00:00,2021-07-26T00:00:00,2021-07-22T00:00:00,,44,EA,2200.00,USD,1,,,http://lighttree.com/1000567435
1000567370,INBOUND,SilverOptics,LightTree,SilverOptics - Dover,LT-1,Received,2021-07-08T00:00:00,2021-07-15T00:00:00,2021-07-19T00:00:00,2021-07-15T00:00:00,2021-07-19T00:00:00,56,EA,5320.00,USD,1,,,http://lighttree.com/1000567370
1000567255,INBOUND,Ripley,LightTree,Ripley - Trenton,LT-1,Received,2021-07-08T00:00:00,2021-07-15T00:00:00,2021-07-19T00:00:00,2021-07-15T00:00:00,2021-07-19T00:00:00,56,EA,17920.00,USD,1,,,http://lighttree.com/1000567255
1000567340,INBOUND,Alumi-lux,LightTree,Alumi-lux - Nashua,LT-1,Shipped,2021-07-08T00:00:00,2021-07-15T00:00:00,2021-07-19T00:00:00,2021-07-17T00:00:00,2021-07-21T00:00:00,56,EA,25480.00,USD,1,,,http://lighttree.com/1000567340
1000567241,INBOUND,Amos,LightTree,Amos - Philadelphia,LT-1,Received,2021-07-08T00:00:00,2021-07-15T00:00:00,2021-07-19T00:00:00,2021-07-15T00:00:00,2021-07-19T00:00:00,56,EA,3080.00,USD,1,,,http://lighttree.com/1000567241
1000567356,INBOUND,Gemini,LightTree,Gemini - Dallas,LT-1,Received,2021-07-08T00:00:00,2021-07-15T00:00:00,2021-07-19T00:00:00,2021-07-15T00:00:00,2021-07-19T00:00:00,56,EA,6832.00,USD,1,,,http://lighttree.com/1000567356
1000567342,INBOUND,Mueller,LightTree,Mueller - Pittsburgh,LT-1,Received,2021-07-08T00:00:00,2021-07-15T00:00:00,2021-07-19T00:00:00,2021-07-15T00:00:00,2021-07-19T00:00:00,56,EA,23072.00,USD,1,,,http://lighttree.com/1000567342
1000567391,INBOUND,LightLens,LightTree,LightLens - Ipswich ,LT-1,Shipped,2021-07-08T00:00:00,2021-07-15T00:00:00,2021-07-19T00:00:00,2021-07-15T00:00:00,2021-07-25T00:00:00,56,EA,10640.00,USD,1,,,http://lighttree.com/1000567391
1000567479,INBOUND,SA,LightTree,SA - Loretto,LT-1,Received,2021-07-08T00:00:00,2021-07-15T00:00:00,2021-07-19T00:00:00,2021-07-15T00:00:00,2021-07-19T00:00:00,56,EA,19600.00,USD,1,,,http://lighttree.com/1000567479
1000567437,INBOUND,RLP,LightTree,RLP - Troy,LT-1,Received,2021-07-08T00:00:00,2021-07-15T00:00:00,2021-07-19T00:00:00,2021-07-15T00:00:00,2021-07-19T00:00:00,56,EA,6272.00,USD,1,,,http://lighttree.com/1000567437
1000567244,INBOUND,EM,LightTree,EM - Hemphill,LT-1,Received,2021-07-08T00:00:00,2021-07-15T00:00:00,2021-07-19T00:00:00,2021-07-15T00:00:00,2021-07-19T00:00:00,56,EA,1064.00,USD,1,,,http://lighttree.com/1000567244
1000567318,INBOUND,Interalloy,LightTree,Interalloy - Bozeman,LT-1,Received,2021-07-08T00:00:00,2021-07-15T00:00:00,2021-07-19T00:00:00,2021-07-15T00:00:00,2021-07-19T00:00:00,56,EA,280.00,USD,1,,,http://lighttree.com/1000567318
1000567470,INBOUND,Interalloy,LightTree,Interalloy - Bozeman,LT-1,Received,2021-07-08T00:00:00,2021-07-15T00:00:00,2021-07-19T00:00:00,2021-07-15T00:00:00,2021-07-19T00:00:00,56,EA,168.00,USD,1,,,http://lighttree.com/1000567470
1000567482,INBOUND,Hardy,LightTree,Hardy - Salina,LT-1,Shipped,2021-07-08T00:00:00,2021-07-15T00:00:00,2021-07-19T00:00:00,2021-07-16T00:00:00,2021-07-18T00:00:00,56,EA,1344.00,USD,1,,,http://lighttree.com/1000567482
1000567213,INBOUND,Interalloy,LightTree,Interalloy - Bozeman,LT-1,Received,2021-07-08T00:00:00,2021-07-15T00:00:00,2021-07-19T00:00:00,2021-07-15T00:00:00,2021-07-19T00:00:00,56,EA,168.00,USD,1,,,http://lighttree.com/1000567213
1000567212,INBOUND,Flexilux,LightTree,Flexilux - Worcester,LT-1,Received,2021-07-08T00:00:00,2021-07-15T00:00:00,2021-07-19T00:00:00,2021-07-15T00:00:00,2021-07-19T00:00:00,56,EA,134288.00,USD,1,,,http://lighttree.com/1000567212
1000567500,INBOUND,McGrey,LightTree,McGrey - Mt Sterling,LT-1,Received,2021-07-08T00:00:00,2021-07-15T00:00:00,2021-07-19T00:00:00,2021-07-15T00:00:00,2021-07-19T00:00:00,56,EA,66080.00,USD,1,,,http://lighttree.com/1000567500
1000567320,INBOUND,Brewers,LightTree,Brewers - Phoenix,LT-1,Received,2021-07-08T00:00:00,2021-07-15T00:00:00,2021-07-19T00:00:00,2021-07-15T00:00:00,2021-07-19T00:00:00,56,EA,81536.00,USD,1,,,http://lighttree.com/1000567320
1000567409,INBOUND,Total Source,LightTree,Total Source - Waukesha,LT-1,Received,2021-07-08T00:00:00,2021-07-15T00:00:00,2021-07-19T00:00:00,2021-07-15T00:00:00,2021-07-19T00:00:00,56,EA,57792.00,USD,1,,,http://lighttree.com/1000567409
1000567310,INBOUND,F & M,LightTree,F & M - Columbus,LT-1,Received,2021-07-08T00:00:00,2021-07-15T00:00:00,2021-07-19T00:00:00,2021-07-15T00:00:00,2021-07-19T00:00:00,56,EA,2800.00,USD,1,,,http://lighttree.com/1000567310
1000567338,INBOUND,SilverOptics,LightTree,SilverOptics - Dover,LT-1,Received,2021-06-16T00:00:00,2021-06-23T00:00:00,2021-06-27T00:00:00,2021-06-23T00:00:00,2021-06-27T00:00:00,512,EA,48640.00,USD,1,,,http://lighttree.com/1000567338
1000567325,INBOUND,Ripley,LightTree,Ripley - Trenton,LT-1,Received,2021-06-16T00:00:00,2021-06-23T00:00:00,2021-06-27T00:00:00,2021-06-23T00:00:00,2021-06-27T00:00:00,512,EA,163840.00,USD,1,,,http://lighttree.com/1000567325
1000567402,INBOUND,Alumi-lux,LightTree,Alumi-lux - Nashua,LT-1,Received,2021-06-16T00:00:00,2021-06-23T00:00:00,2021-06-27T00:00:00,2021-06-23T00:00:00,2021-06-27T00:00:00,512,EA,232960.00,USD,1,,,http://lighttree.com/1000567402
1000567448,INBOUND,Amos,LightTree,Amos - Philadelphia,LT-1,Received,2021-06-16T00:00:00,2021-06-23T00:00:00,2021-06-27T00:00:00,2021-06-25T00:00:00,2021-06-29T00:00:00,512,EA,28160.00,USD,1,,,http://lighttree.com/1000567448
1000567407,INBOUND,Gemini,LightTree,Gemini - Dallas,LT-1,Received,2021-06-16T00:00:00,2021-06-23T00:00:00,2021-06-27T00:00:00,2021-06-23T00:00:00,2021-06-27T00:00:00,512,EA,62464.00,USD,1,,,http://lighttree.com/1000567407
1000567287,INBOUND,Mueller,LightTree,Mueller - Pittsburgh,LT-1,Received,2021-06-16T00:00:00,2021-06-23T00:00:00,2021-06-27T00:00:00,2021-06-23T00:00:00,2021-06-27T00:00:00,512,EA,210944.00,USD,1,,,http://lighttree.com/1000567287
1000567335,INBOUND,LightLens,LightTree,LightLens - Ipswich ,LT-1,Received,2021-06-16T00:00:00,2021-06-23T00:00:00,2021-06-27T00:00:00,2021-06-29T00:00:00,2021-07-03T00:00:00,512,EA,97280.00,USD,1,,,http://lighttree.com/1000567335
1000567248,INBOUND,SA,LightTree,SA - Loretto,LT-1,Received,2021-06-16T00:00:00,2021-06-23T00:00:00,2021-06-27T00:00:00,2021-06-23T00:00:00,2021-06-27T00:00:00,512,EA,179200.00,USD,1,,,http://lighttree.com/1000567248
1000567421,INBOUND,RLP,LightTree,RLP - Troy,LT-1,Received,2021-06-16T00:00:00,2021-06-23T00:00:00,2021-06-27T00:00:00,2021-06-23T00:00:00,2021-06-27T00:00:00,512,EA,57344.00,USD,1,,,http://lighttree.com/1000567421
1000567268,INBOUND,EM,LightTree,EM - Hemphill,LT-1,Received,2021-06-16T00:00:00,2021-06-23T00:00:00,2021-06-27T00:00:00,2021-06-23T00:00:00,2021-06-27T00:00:00,512,EA,9728.00,USD,1,,,http://lighttree.com/1000567268
1000567262,INBOUND,Interalloy,LightTree,Interalloy - Bozeman,LT-1,Received,2021-06-16T00:00:00,2021-06-23T00:00:00,2021-06-27T00:00:00,2021-06-23T00:00:00,2021-06-27T00:00:00,512,EA,2560.00,USD,1,,,http://lighttree.com/1000567262
1000567306,INBOUND,Interalloy,LightTree,Interalloy - Bozeman,LT-1,Received,2021-06-16T00:00:00,2021-06-23T00:00:00,2021-06-27T00:00:00,2021-06-23T00:00:00,2021-06-27T00:00:00,512,EA,1536.00,USD,1,,,http://lighttree.com/1000567306
1000567467,INBOUND,Hardy,LightTree,Hardy - Salina,LT-1,Received,2021-06-16T00:00:00,2021-06-23T00:00:00,2021-06-27T00:00:00,2021-06-23T00:00:00,2021-06-27T00:00:00,512,EA,12288.00,USD,1,,,http://lighttree.com/1000567467
1000567446,INBOUND,Interalloy,LightTree,Interalloy - Bozeman,LT-1,Received,2021-06-16T00:00:00,2021-06-23T00:00:00,2021-06-27T00:00:00,2021-06-23T00:00:00,2021-06-27T00:00:00,512,EA,1536.00,USD,1,,,http://lighttree.com/1000567446
1000567422,INBOUND,Flexilux,LightTree,Flexilux - Worcester,LT-1,Received,2021-06-16T00:00:00,2021-06-23T00:00:00,2021-06-27T00:00:00,2021-06-23T00:00:00,2021-06-27T00:00:00,512,EA,1227776.00,USD,1,,,http://lighttree.com/1000567422
1000567471,INBOUND,McGrey,LightTree,McGrey - Mt Sterling,LT-1,Received,2021-06-16T00:00:00,2021-06-23T00:00:00,2021-06-27T00:00:00,2021-06-26T00:00:00,2021-06-30T00:00:00,512,EA,604160.00,USD,1,,,http://lighttree.com/1000567471
1000567254,INBOUND,Brewers,LightTree,Brewers - Phoenix,LT-1,Received,2021-06-16T00:00:00,2021-06-23T00:00:00,2021-06-27T00:00:00,2021-06-23T00:00:00,2021-06-27T00:00:00,512,EA,745472.00,USD,1,,,http://lighttree.com/1000567254
1000567388,INBOUND,Total Source,LightTree,Total Source - Waukesha,LT-1,Received,2021-06-16T00:00:00,2021-06-23T00:00:00,2021-06-27T00:00:00,2021-06-23T00:00:00,2021-06-27T00:00:00,512,EA,528384.00,USD,1,,,http://lighttree.com/1000567388
1000567313,INBOUND,F & M,LightTree,F & M - Columbus,LT-1,Received,2021-06-16T00:00:00,2021-06-23T00:00:00,2021-06-27T00:00:00,2021-06-23T00:00:00,2021-06-27T00:00:00,512,EA,25600.00,USD,1,,,http://lighttree.com/1000567313
1000567463,INBOUND,SilverOptics,LightTree,SilverOptics - Dover,LT-1,Received,2021-06-29T00:00:00,2021-07-06T00:00:00,2021-07-10T00:00:00,2021-07-06T00:00:00,2021-07-10T00:00:00,75,EA,8100.00,USD,1,,,http://lighttree.com/1000567463
1000567475,INBOUND,Ripley,LightTree,Ripley - Trenton,LT-1,Received,2021-06-29T00:00:00,2021-07-06T00:00:00,2021-07-10T00:00:00,2021-07-06T00:00:00,2021-07-10T00:00:00,75,EA,26250.00,USD,1,,,http://lighttree.com/1000567475
1000567414,INBOUND,Amos,LightTree,Amos - Philadelphia,LT-1,Received,2021-06-29T00:00:00,2021-07-06T00:00:00,2021-07-10T00:00:00,2021-07-06T00:00:00,2021-07-10T00:00:00,75,EA,4125.00,USD,1,,,http://lighttree.com/1000567414
1000567349,INBOUND,Mueller,LightTree,Mueller - Pittsburgh,LT-1,Received,2021-06-29T00:00:00,2021-07-06T00:00:00,2021-07-10T00:00:00,2021-07-06T00:00:00,2021-07-10T00:00:00,75,EA,31650.00,USD,1,,,http://lighttree.com/1000567349
1000567294,INBOUND,Alumi-lux,LightTree,Alumi-lux - Nashua,LT-1,Received,2021-06-29T00:00:00,2021-07-06T00:00:00,2021-07-10T00:00:00,2021-07-10T00:00:00,2021-07-14T00:00:00,75,EA,34125.00,USD,1,,,http://lighttree.com/1000567294
1000567420,INBOUND,Gemini,LightTree,Gemini - Dallas,LT-1,Received,2021-06-29T00:00:00,2021-07-06T00:00:00,2021-07-10T00:00:00,2021-07-06T00:00:00,2021-07-10T00:00:00,75,EA,9150.00,USD,1,,,http://lighttree.com/1000567420
1000567326,INBOUND,Mueller,LightTree,Mueller - Pittsburgh,LT-1,Received,2021-06-29T00:00:00,2021-07-06T00:00:00,2021-07-10T00:00:00,2021-07-06T00:00:00,2021-07-10T00:00:00,75,EA,30900.00,USD,1,,,http://lighttree.com/1000567326
1000567382,INBOUND,LightLens,LightTree,LightLens - Ipswich ,LT-1,Received,2021-06-29T00:00:00,2021-07-06T00:00:00,2021-07-10T00:00:00,2021-07-06T00:00:00,2021-07-10T00:00:00,75,EA,15225.00,USD,1,,,http://lighttree.com/1000567382
1000567323,INBOUND,R&J,LightTree,R&J - Vancouver,LT-1,Received,2021-06-29T00:00:00,2021-07-06T00:00:00,2021-07-10T00:00:00,2021-07-06T00:00:00,2021-07-10T00:00:00,75,EA,58050.00,USD,1,,,http://lighttree.com/1000567323
1000567394,INBOUND,EM,LightTree,EM - Hemphill,LT-1,Received,2021-06-29T00:00:00,2021-07-06T00:00:00,2021-07-10T00:00:00,2021-07-06T00:00:00,2021-07-10T00:00:00,75,EA,1425.00,USD,1,,,http://lighttree.com/1000567394
1000567367,INBOUND,Interalloy,LightTree,Interalloy - Bozeman,LT-1,Received,2021-06-29T00:00:00,2021-07-06T00:00:00,2021-07-10T00:00:00,2021-07-06T00:00:00,2021-07-10T00:00:00,75,EA,375.00,USD,1,,,http://lighttree.com/1000567367
1000567474,INBOUND,Interalloy,LightTree,Interalloy - Bozeman,LT-1,Received,2021-06-29T00:00:00,2021-07-06T00:00:00,2021-07-10T00:00:00,2021-07-06T00:00:00,2021-07-10T00:00:00,75,EA,225.00,USD,1,,,http://lighttree.com/1000567474
1000567311,INBOUND,Hardy,LightTree,Hardy - Salina,LT-1,Received,2021-06-29T00:00:00,2021-07-06T00:00:00,2021-07-10T00:00:00,2021-07-06T00:00:00,2021-07-10T00:00:00,75,EA,1800.00,USD,1,,,http://lighttree.com/1000567311
1000567432,INBOUND,Interalloy,LightTree,Interalloy - Bozeman,LT-1,Received,2021-06-29T00:00:00,2021-07-06T00:00:00,2021-07-10T00:00:00,2021-07-06T00:00:00,2021-07-10T00:00:00,75,EA,225.00,USD,1,,,http://lighttree.com/1000567432
1000567369,INBOUND,Flexilux,LightTree,Flexilux - Worcester,LT-1,Received,2021-06-29T00:00:00,2021-07-06T00:00:00,2021-07-10T00:00:00,2021-07-06T00:00:00,2021-07-10T00:00:00,75,EA,176175.00,USD,1,,,http://lighttree.com/1000567369
1000567324,INBOUND,McGrey,LightTree,McGrey - Mt Sterling,LT-1,Received,2021-06-29T00:00:00,2021-07-06T00:00:00,2021-07-10T00:00:00,2021-07-06T00:00:00,2021-07-10T00:00:00,75,EA,96750.00,USD,1,,,http://lighttree.com/1000567324
1000567334,INBOUND,Brewers,LightTree,Brewers - Phoenix,LT-1,Received,2021-06-29T00:00:00,2021-07-06T00:00:00,2021-07-10T00:00:00,2021-07-06T00:00:00,2021-07-10T00:00:00,75,EA,96525.00,USD,1,,,http://lighttree.com/1000567334
1000567443,INBOUND,Total Source,LightTree,Total Source - Waukesha,LT-1,Received,2021-06-29T00:00:00,2021-07-06T00:00:00,2021-07-10T00:00:00,2021-07-06T00:00:00,2021-07-10T00:00:00,75,EA,62475.00,USD,1,,,http://lighttree.com/1000567443
1000567365,INBOUND,F & M,LightTree,F & M - Columbus,LT-1,Received,2021-06-29T00:00:00,2021-07-06T00:00:00,2021-07-10T00:00:00,2021-07-06T00:00:00,2021-07-10T00:00:00,75,EA,3750.00,USD,1,,,http://lighttree.com/1000567365
1000567332,INBOUND,SilverOptics,LightTree,SilverOptics - Dover,LT-1,Received,2021-06-16T00:00:00,2021-06-23T00:00:00,2021-06-27T00:00:00,2021-06-23T00:00:00,2021-06-27T00:00:00,124,EA,13392.00,USD,1,,,http://lighttree.com/1000567332
1000567494,INBOUND,Ripley,LightTree,Ripley - Trenton,LT-1,Received,2021-06-16T00:00:00,2021-06-23T00:00:00,2021-06-27T00:00:00,2021-06-23T00:00:00,2021-06-27T00:00:00,124,EA,43400.00,USD,1,,,http://lighttree.com/1000567494
1000567229,INBOUND,Thermal,LightTree,Thermal - Cincinnati,LT-1,Received,2021-06-16T00:00:00,2021-06-23T00:00:00,2021-06-27T00:00:00,2021-06-23T00:00:00,2021-06-27T00:00:00,124,EA,6820.00,USD,1,,,http://lighttree.com/1000567229
1000567434,INBOUND,Amos,LightTree,Amos - Philadelphia,LT-1,Received,2021-06-16T00:00:00,2021-06-23T00:00:00,2021-06-27T00:00:00,2021-06-23T00:00:00,2021-06-27T00:00:00,124,EA,6820.00,USD,1,,,http://lighttree.com/1000567434
1000567371,INBOUND,Mueller,LightTree,Mueller - Pittsburgh,LT-1,Received,2021-06-16T00:00:00,2021-06-23T00:00:00,2021-06-27T00:00:00,2021-06-23T00:00:00,2021-06-27T00:00:00,124,EA,52328.00,USD,1,,,http://lighttree.com/1000567371
1000567418,INBOUND,Alumi-lux,LightTree,Alumi-lux - Nashua,LT-1,Received,2021-06-16T00:00:00,2021-06-23T00:00:00,2021-06-27T00:00:00,2021-06-23T00:00:00,2021-06-27T00:00:00,124,EA,56420.00,USD,1,,,http://lighttree.com/1000567418
1000567232,INBOUND,Gemini,LightTree,Gemini - Dallas,LT-2,Received,2021-06-16T00:00:00,2021-06-23T00:00:00,2021-06-27T00:00:00,2021-06-23T00:00:00,2021-06-27T00:00:00,124,EA,15128.00,USD,1,,,http://lighttree.com/1000567232
1000567459,INBOUND,Mueller,LightTree,Mueller - Pittsburgh,LT-2,Received,2021-06-16T00:00:00,2021-06-23T00:00:00,2021-06-27T00:00:00,2021-06-23T00:00:00,2021-06-27T00:00:00,124,EA,51088.00,USD,1,,,http://lighttree.com/1000567459
1000567419,INBOUND,LightLens,LightTree,LightLens - Ipswich ,LT-2,Received,2021-06-16T00:00:00,2021-06-23T00:00:00,2021-06-27T00:00:00,2021-06-23T00:00:00,2021-06-27T00:00:00,124,EA,25172.00,USD,1,,,http://lighttree.com/1000567419
1000567242,INBOUND,Luminar,LightTree,Luminar - Palm Beach Gardens,LT-2,Received,2021-06-16T00:00:00,2021-06-23T00:00:00,2021-06-27T00:00:00,2021-06-23T00:00:00,2021-06-27T00:00:00,124,EA,117800.00,USD,1,,,http://lighttree.com/1000567242
1000567312,INBOUND,EM,LightTree,EM - Hemphill,LT-2,Received,2021-06-16T00:00:00,2021-06-23T00:00:00,2021-06-27T00:00:00,2021-06-23T00:00:00,2021-06-27T00:00:00,124,EA,2356.00,USD,1,,,http://lighttree.com/1000567312
1000567428,INBOUND,Interalloy,LightTree,Interalloy - Bozeman,LT-2,Received,2021-06-16T00:00:00,2021-06-23T00:00:00,2021-06-27T00:00:00,2021-06-23T00:00:00,2021-06-27T00:00:00,124,EA,620.00,USD,1,,,http://lighttree.com/1000567428
1000567238,INBOUND,Interalloy,LightTree,Interalloy - Bozeman,LT-2,Received,2021-06-16T00:00:00,2021-06-23T00:00:00,2021-06-27T00:00:00,2021-06-30T00:00:00,2021-07-04T00:00:00,124,EA,372.00,USD,1,,,http://lighttree.com/1000567238
1000567387,INBOUND,Hardy,LightTree,Hardy - Salina,LT-2,Received,2021-06-16T00:00:00,2021-06-23T00:00:00,2021-06-27T00:00:00,2021-06-23T00:00:00,2021-06-27T00:00:00,124,EA,2976.00,USD,1,,,http://lighttree.com/1000567387
1000567383,INBOUND,Interalloy,LightTree,Interalloy - Bozeman,LT-2,Received,2021-06-16T00:00:00,2021-06-23T00:00:00,2021-06-27T00:00:00,2021-06-25T00:00:00,2021-06-29T00:00:00,124,EA,372.00,USD,1,,,http://lighttree.com/1000567383
1000567257,INBOUND,Flexilux,LightTree,Flexilux - Worcester,LT-2,Received,2021-06-16T00:00:00,2021-06-23T00:00:00,2021-06-27T00:00:00,2021-06-23T00:00:00,2021-06-27T00:00:00,124,EA,569408.00,USD,1,,,http://lighttree.com/1000567257
1000567336,INBOUND,McGrey,LightTree,McGrey - Mt Sterling,LT-2,Received,2021-06-16T00:00:00,2021-06-23T00:00:00,2021-06-27T00:00:00,2021-06-23T00:00:00,2021-06-27T00:00:00,124,EA,180048.00,USD,1,,,http://lighttree.com/1000567336
1000567483,INBOUND,Brewers,LightTree,Brewers - Phoenix,LT-2,Received,2021-06-16T00:00:00,2021-06-23T00:00:00,2021-06-27T00:00:00,2021-06-23T00:00:00,2021-06-27T00:00:00,124,EA,159588.00,USD,1,,,http://lighttree.com/1000567483
1000567314,INBOUND,Total Source,LightTree,Total Source - Waukesha,LT-2,Received,2021-06-16T00:00:00,2021-06-23T00:00:00,2021-06-27T00:00:00,2021-06-23T00:00:00,2021-06-27T00:00:00,124,EA,121024.00,USD,1,,,http://lighttree.com/1000567314
1000567495,INBOUND,F & M,LightTree,F & M - Columbus,LT-2,Received,2021-06-16T00:00:00,2021-06-23T00:00:00,2021-06-27T00:00:00,2021-06-23T00:00:00,2021-06-27T00:00:00,124,EA,6200.00,USD,1,,,http://lighttree.com/1000567495
1000567230,INBOUND,SilverOptics,LightTree,SilverOptics - Dover,LT-2,Received,2021-06-16T00:00:00,2021-06-23T00:00:00,2021-06-27T00:00:00,2021-06-24T00:00:00,2021-06-28T00:00:00,124,EA,13392.00,USD,1,,,http://lighttree.com/1000567230
1000567423,INBOUND,Ripley,LightTree,Ripley - Trenton,LT-2,Received,2021-06-16T00:00:00,2021-06-23T00:00:00,2021-06-27T00:00:00,2021-06-23T00:00:00,2021-06-27T00:00:00,124,EA,43400.00,USD,1,,,http://lighttree.com/1000567423
1000567296,INBOUND,Thermal,LightTree,Thermal - Cincinnati,LT-2,Received,2021-06-16T00:00:00,2021-06-23T00:00:00,2021-06-27T00:00:00,2021-06-23T00:00:00,2021-06-27T00:00:00,124,EA,6820.00,USD,1,,,http://lighttree.com/1000567296
1000567449,INBOUND,Amos,LightTree,Amos - Philadelphia,LT-2,Received,2021-06-16T00:00:00,2021-06-23T00:00:00,2021-06-27T00:00:00,2021-06-23T00:00:00,2021-06-27T00:00:00,124,EA,6820.00,USD,1,,,http://lighttree.com/1000567449
1000567397,INBOUND,Mueller,LightTree,Mueller - Pittsburgh,LT-2,Received,2021-06-16T00:00:00,2021-06-23T00:00:00,2021-06-27T00:00:00,2021-06-23T00:00:00,2021-06-27T00:00:00,124,EA,52328.00,USD,1,,,http://lighttree.com/1000567397
1000567204,INBOUND,Alumi-lux,LightTree,Alumi-lux - Nashua,LT-2,Received,2021-06-16T00:00:00,2021-06-23T00:00:00,2021-06-27T00:00:00,2021-06-23T00:00:00,2021-06-27T00:00:00,124,EA,56420.00,USD,1,,,http://lighttree.com/1000567204
1000567392,INBOUND,Gemini,LightTree,Gemini - Dallas,LT-2,Received,2021-06-16T00:00:00,2021-06-23T00:00:00,2021-06-27T00:00:00,2021-06-23T00:00:00,2021-06-27T00:00:00,124,EA,15128.00,USD,1,,,http://lighttree.com/1000567392
1000567218,INBOUND,Mueller,LightTree,Mueller - Pittsburgh,LT-2,Received,2021-06-16T00:00:00,2021-06-23T00:00:00,2021-06-27T00:00:00,2021-06-23T00:00:00,2021-06-27T00:00:00,124,EA,51088.00,USD,1,,,http://lighttree.com/1000567218
1000567438,INBOUND,LightLens,LightTree,LightLens - Ipswich ,LT-2,Received,2021-06-16T00:00:00,2021-06-23T00:00:00,2021-06-27T00:00:00,2021-06-23T00:00:00,2021-06-27T00:00:00,124,EA,25172.00,USD,1,,,http://lighttree.com/1000567438
1000567490,INBOUND,Luminar,LightTree,Luminar - Palm Beach Gardens,LT-2,Received,2021-06-16T00:00:00,2021-06-23T00:00:00,2021-06-27T00:00:00,2021-06-23T00:00:00,2021-06-27T00:00:00,124,EA,117800.00,USD,1,,,http://lighttree.com/1000567490
1000567207,INBOUND,EM,LightTree,EM - Hemphill,LT-2,Received,2021-06-16T00:00:00,2021-06-23T00:00:00,2021-06-27T00:00:00,2021-06-23T00:00:00,2021-06-27T00:00:00,124,EA,2356.00,USD,1,,,http://lighttree.com/1000567207
1000567378,INBOUND,Interalloy,LightTree,Interalloy - Bozeman,LT-2,Received,2021-06-16T00:00:00,2021-06-23T00:00:00,2021-06-27T00:00:00,2021-06-23T00:00:00,2021-06-27T00:00:00,124,EA,620.00,USD,1,,,http://lighttree.com/1000567378
1000567308,INBOUND,Interalloy,LightTree,Interalloy - Bozeman,LT-2,Received,2021-06-16T00:00:00,2021-06-23T00:00:00,2021-06-27T00:00:00,2021-06-23T00:00:00,2021-06-27T00:00:00,124,EA,372.00,USD,1,,,http://lighttree.com/1000567308
1000567417,INBOUND,Hardy,LightTree,Hardy - Salina,LT-2,Received,2021-06-16T00:00:00,2021-06-23T00:00:00,2021-06-27T00:00:00,2021-06-23T00:00:00,2021-06-27T00:00:00,124,EA,2976.00,USD,1,,,http://lighttree.com/1000567417
1000567279,INBOUND,Interalloy,LightTree,Interalloy - Bozeman,LT-2,Received,2021-06-16T00:00:00,2021-06-23T00:00:00,2021-06-27T00:00:00,2021-06-23T00:00:00,2021-06-27T00:00:00,124,EA,372.00,USD,1,,,http://lighttree.com/1000567279
1000567484,INBOUND,Flexilux,LightTree,Flexilux - Worcester,LT-2,Received,2021-06-16T00:00:00,2021-06-23T00:00:00,2021-06-27T00:00:00,2021-06-23T00:00:00,2021-06-27T00:00:00,124,EA,569408.00,USD,1,,,http://lighttree.com/1000567484
1000567473,INBOUND,McGrey,LightTree,McGrey - Mt Sterling,LT-2,Received,2021-06-16T00:00:00,2021-06-23T00:00:00,2021-06-27T00:00:00,2021-06-23T00:00:00,2021-06-27T00:00:00,124,EA,180048.00,USD,1,,,http://lighttree.com/1000567473
1000567424,INBOUND,Brewers,LightTree,Brewers - Phoenix,LT-2,Received,2021-06-16T00:00:00,2021-06-23T00:00:00,2021-06-27T00:00:00,2021-06-23T00:00:00,2021-06-27T00:00:00,124,EA,159588.00,USD,1,,,http://lighttree.com/1000567424
1000567351,INBOUND,Total Source,LightTree,Total Source - Waukesha,LT-2,Received,2021-06-16T00:00:00,2021-06-23T00:00:00,2021-06-27T00:00:00,2021-06-23T00:00:00,2021-06-27T00:00:00,124,EA,121024.00,USD,1,,,http://lighttree.com/1000567351
1000567442,INBOUND,F & M,LightTree,F & M - Columbus,LT-2,Received,2021-06-16T00:00:00,2021-06-23T00:00:00,2021-06-27T00:00:00,2021-06-23T00:00:00,2021-06-27T00:00:00,124,EA,6200.00,USD,1,,,http://lighttree.com/1000567442
1000567315,INBOUND,SilverOptics,LightTree,SilverOptics - Dover,LT-2,Received,2021-06-16T00:00:00,2021-06-23T00:00:00,2021-06-27T00:00:00,2021-06-23T00:00:00,2021-06-27T00:00:00,320,EA,34560.00,USD,1,,,http://lighttree.com/1000567315
1000567430,INBOUND,Ripley,LightTree,Ripley - Trenton,LT-2,Received,2021-06-16T00:00:00,2021-06-23T00:00:00,2021-06-27T00:00:00,2021-06-23T00:00:00,2021-06-27T00:00:00,320,EA,112000.00,USD,1,,,http://lighttree.com/1000567430
1000567464,INBOUND,Thermal,LightTree,Thermal - Cincinnati,LT-2,Received,2021-06-16T00:00:00,2021-06-23T00:00:00,2021-06-27T00:00:00,2021-06-23T00:00:00,2021-06-27T00:00:00,320,EA,17600.00,USD,1,,,http://lighttree.com/1000567464
1000567228,INBOUND,Amos,LightTree,Amos - Philadelphia,LT-2,Received,2021-06-16T00:00:00,2021-06-23T00:00:00,2021-06-27T00:00:00,2021-06-23T00:00:00,2021-06-27T00:00:00,320,EA,17600.00,USD,1,,,http://lighttree.com/1000567228
1000567364,INBOUND,Mueller,LightTree,Mueller - Pittsburgh,LT-2,Received,2021-06-16T00:00:00,2021-06-23T00:00:00,2021-06-27T00:00:00,2021-06-23T00:00:00,2021-06-27T00:00:00,320,EA,135040.00,USD,1,,,http://lighttree.com/1000567364
1000567261,INBOUND,Alumi-lux,LightTree,Alumi-lux - Nashua,LT-2,Received,2021-06-16T00:00:00,2021-06-23T00:00:00,2021-06-27T00:00:00,2021-06-23T00:00:00,2021-06-27T00:00:00,320,EA,145600.00,USD,1,,,http://lighttree.com/1000567261
1000567319,INBOUND,Gemini,LightTree,Gemini - Dallas,LT-2,Received,2021-06-16T00:00:00,2021-06-23T00:00:00,2021-06-27T00:00:00,2021-06-23T00:00:00,2021-06-27T00:00:00,320,EA,39040.00,USD,1,,,http://lighttree.com/1000567319
1000567468,INBOUND,Mueller,LightTree,Mueller - Pittsburgh,LT-2,Received,2021-06-16T00:00:00,2021-06-23T00:00:00,2021-06-27T00:00:00,2021-06-23T00:00:00,2021-06-27T00:00:00,320,EA,131840.00,USD,1,,,http://lighttree.com/1000567468
1000567274,INBOUND,LightLens,LightTree,LightLens - Ipswich ,LT-2,Received,2021-06-16T00:00:00,2021-06-23T00:00:00,2021-06-27T00:00:00,2021-06-23T00:00:00,2021-06-27T00:00:00,320,EA,64960.00,USD,1,,,http://lighttree.com/1000567274
1000567259,INBOUND,RLP,LightTree,RLP - Troy,LT-2,Received,2021-06-16T00:00:00,2021-06-23T00:00:00,2021-06-27T00:00:00,2021-06-23T00:00:00,2021-06-27T00:00:00,320,EA,60480.00,USD,1,,,http://lighttree.com/1000567259
1000567476,INBOUND,EM,LightTree,EM - Hemphill,LT-2,Received,2021-06-16T00:00:00,2021-06-23T00:00:00,2021-06-27T00:00:00,2021-06-23T00:00:00,2021-06-27T00:00:00,320,EA,6080.00,USD,1,,,http://lighttree.com/1000567476
1000567209,INBOUND,Interalloy,LightTree,Interalloy - Bozeman,LT-2,Received,2021-06-16T00:00:00,2021-06-23T00:00:00,2021-06-27T00:00:00,2021-06-23T00:00:00,2021-06-27T00:00:00,320,EA,1600.00,USD,1,,,http://lighttree.com/1000567209
1000567405,INBOUND,Interalloy,LightTree,Interalloy - Bozeman,LT-2,Received,2021-06-16T00:00:00,2021-06-23T00:00:00,2021-06-27T00:00:00,2021-06-23T00:00:00,2021-06-27T00:00:00,320,EA,960.00,USD,1,,,http://lighttree.com/1000567405
1000567477,INBOUND,Hardy,LightTree,Hardy - Salina,LT-2,Received,2021-06-16T00:00:00,2021-06-23T00:00:00,2021-06-27T00:00:00,2021-06-23T00:00:00,2021-06-27T00:00:00,320,EA,7680.00,USD,1,,,http://lighttree.com/1000567477
1000567227,INBOUND,Interalloy,LightTree,Interalloy - Bozeman,LT-2,Received,2021-06-16T00:00:00,2021-06-23T00:00:00,2021-06-27T00:00:00,2021-06-23T00:00:00,2021-06-27T00:00:00,320,EA,960.00,USD,1,,,http://lighttree.com/1000567227
1000567276,INBOUND,Flexilux,LightTree,Flexilux - Worcester,LT-2,Received,2021-06-16T00:00:00,2021-06-23T00:00:00,2021-06-27T00:00:00,2021-06-23T00:00:00,2021-06-27T00:00:00,320,EA,1769600.00,USD,1,,,http://lighttree.com/1000567276
1000567210,INBOUND,McGrey,LightTree,McGrey - Mt Sterling,LT-2,Received,2021-06-16T00:00:00,2021-06-23T00:00:00,2021-06-27T00:00:00,2021-06-23T00:00:00,2021-06-27T00:00:00,320,EA,316800.00,USD,1,,,http://lighttree.com/1000567210
1000567321,INBOUND,Brewers,LightTree,Brewers - Phoenix,LT-2,Received,2021-06-16T00:00:00,2021-06-23T00:00:00,2021-06-27T00:00:00,2021-06-23T00:00:00,2021-06-27T00:00:00,320,EA,411840.00,USD,1,,,http://lighttree.com/1000567321
1000567292,INBOUND,Total Source,LightTree,Total Source - Waukesha,LT-2,Received,2021-06-16T00:00:00,2021-06-23T00:00:00,2021-06-27T00:00:00,2021-06-23T00:00:00,2021-06-27T00:00:00,320,EA,312320.00,USD,1,,,http://lighttree.com/1000567292
1000567291,INBOUND,F & M,LightTree,F & M - Columbus,LT-2,Received,2021-06-16T00:00:00,2021-06-23T00:00:00,2021-06-27T00:00:00,2021-06-23T00:00:00,2021-06-27T00:00:00,320,EA,16000.00,USD,1,,,http://lighttree.com/1000567291
1000567425,INBOUND,SilverOptics,LightTree,SilverOptics - Dover,LT-2,Received,2021-06-16T00:00:00,2021-06-23T00:00:00,2021-06-27T00:00:00,2021-06-23T00:00:00,2021-06-27T00:00:00,320,EA,34560.00,USD,1,,,http://lighttree.com/1000567425
1000567376,INBOUND,Ripley,LightTree,Ripley - Trenton,LT-2,Received,2021-06-16T00:00:00,2021-06-23T00:00:00,2021-06-27T00:00:00,2021-06-23T00:00:00,2021-06-27T00:00:00,320,EA,112000.00,USD,1,,,http://lighttree.com/1000567376
1000567461,INBOUND,Thermal,LightTree,Thermal - Cincinnati,LT-2,Received,2021-06-16T00:00:00,2021-06-23T00:00:00,2021-06-27T00:00:00,2021-06-23T00:00:00,2021-06-27T00:00:00,320,EA,17600.00,USD,1,,,http://lighttree.com/1000567461
1000567451,INBOUND,Amos,LightTree,Amos - Philadelphia,LT-2,Received,2021-06-16T00:00:00,2021-06-23T00:00:00,2021-06-27T00:00:00,2021-06-23T00:00:00,2021-06-27T00:00:00,320,EA,17600.00,USD,1,,,http://lighttree.com/1000567451
1000567327,INBOUND,Mueller,LightTree,Mueller - Pittsburgh,LT-2,Received,2021-06-16T00:00:00,2021-06-23T00:00:00,2021-06-27T00:00:00,2021-06-23T00:00:00,2021-06-27T00:00:00,320,EA,135040.00,USD,1,,,http://lighttree.com/1000567327
1000567205,INBOUND,Alumi-lux,LightTree,Alumi-lux - Nashua,LT-2,Received,2021-06-16T00:00:00,2021-06-23T00:00:00,2021-06-27T00:00:00,2021-06-23T00:00:00,2021-06-27T00:00:00,320,EA,145600.00,USD,1,,,http://lighttree.com/1000567205
1000567283,INBOUND,Gemini,LightTree,Gemini - Dallas,LT-2,Received,2021-06-16T00:00:00,2021-06-23T00:00:00,2021-06-27T00:00:00,2021-06-27T00:00:00,2021-07-01T00:00:00,320,EA,39040.00,USD,1,,,http://lighttree.com/1000567283
1000567399,INBOUND,Mueller,LightTree,Mueller - Pittsburgh,LT-2,Received,2021-06-16T00:00:00,2021-06-23T00:00:00,2021-06-27T00:00:00,2021-06-23T00:00:00,2021-06-27T00:00:00,320,EA,131840.00,USD,1,,,http://lighttree.com/1000567399
1000567231,INBOUND,LightLens,LightTree,LightLens - Ipswich ,LT-2,Received,2021-06-16T00:00:00,2021-06-23T00:00:00,2021-06-27T00:00:00,2021-06-23T00:00:00,2021-06-27T00:00:00,320,EA,64960.00,USD,1,,,http://lighttree.com/1000567231
1000567415,INBOUND,RLP,LightTree,RLP - Troy,LT-2,Received,2021-06-16T00:00:00,2021-06-23T00:00:00,2021-06-27T00:00:00,2021-06-23T00:00:00,2021-06-27T00:00:00,320,EA,60480.00,USD,1,,,http://lighttree.com/1000567415
1000567374,INBOUND,EM,LightTree,EM - Hemphill,LT-2,Received,2021-06-16T00:00:00,2021-06-23T00:00:00,2021-06-27T00:00:00,2021-06-23T00:00:00,2021-06-27T00:00:00,320,EA,6080.00,USD,1,,,http://lighttree.com/1000567374
1000567416,INBOUND,Interalloy,LightTree,Interalloy - Bozeman,LT-2,Received,2021-06-16T00:00:00,2021-06-23T00:00:00,2021-06-27T00:00:00,2021-06-23T00:00:00,2021-06-27T00:00:00,320,EA,1600.00,USD,1,,,http://lighttree.com/1000567416
1000567346,INBOUND,Interalloy,LightTree,Interalloy - Bozeman,LT-2,Received,2021-06-16T00:00:00,2021-06-23T00:00:00,2021-06-27T00:00:00,2021-06-23T00:00:00,2021-06-27T00:00:00,320,EA,960.00,USD,1,,,http://lighttree.com/1000567346
1000567295,INBOUND,Hardy,LightTree,Hardy - Salina,LT-2,Received,2021-06-16T00:00:00,2021-06-23T00:00:00,2021-06-27T00:00:00,2021-06-23T00:00:00,2021-06-27T00:00:00,320,EA,7680.00,USD,1,,,http://lighttree.com/1000567295
1000567200,INBOUND,Interalloy,LightTree,Interalloy - Bozeman,LT-2,Received,2021-06-16T00:00:00,2021-06-23T00:00:00,2021-06-27T00:00:00,2021-06-23T00:00:00,2021-06-27T00:00:00,320,EA,960.00,USD,1,,,http://lighttree.com/1000567200
1000567256,INBOUND,Flexilux,LightTree,Flexilux - Worcester,LT-2,Received,2021-06-16T00:00:00,2021-06-23T00:00:00,2021-06-27T00:00:00,2021-06-23T00:00:00,2021-06-27T00:00:00,320,EA,1769600.00,USD,1,,,http://lighttree.com/1000567256
1000567481,INBOUND,McGrey,LightTree,McGrey - Mt Sterling,LT-2,Received,2021-06-16T00:00:00,2021-06-23T00:00:00,2021-06-27T00:00:00,2021-06-23T00:00:00,2021-06-27T00:00:00,320,EA,316800.00,USD,1,,,http://lighttree.com/1000567481
1000567278,INBOUND,Brewers,LightTree,Brewers - Phoenix,LT-2,Received,2021-06-16T00:00:00,2021-06-23T00:00:00,2021-06-27T00:00:00,2021-06-23T00:00:00,2021-06-27T00:00:00,320,EA,411840.00,USD,1,,,http://lighttree.com/1000567278
1000567478,INBOUND,Total Source,LightTree,Total Source - Waukesha,LT-2,Received,2021-06-16T00:00:00,2021-06-23T00:00:00,2021-06-27T00:00:00,2021-06-23T00:00:00,2021-06-27T00:00:00,320,EA,312320.00,USD,1,,,http://lighttree.com/1000567478
1000567266,INBOUND,F & M,LightTree,F & M - Columbus,LT-2,Received,2021-06-16T00:00:00,2021-06-23T00:00:00,2021-06-27T00:00:00,2021-06-25T00:00:00,2021-06-29T00:00:00,320,EA,16000.00,USD,1,,,http://lighttree.com/1000567266
100044322,OUTBOUND,LightTree,FAA,LT-2,FAA - Washington,Scheduled,2021-07-20T00:00:00,2021-08-11T00:00:00,2021-08-14T00:00:00,,,400,EA,500000.00,USD,3,,,http://lighttree.com/100044322
100044323,OUTBOUND,LightTree,FAA,LT-2,FAA - Washington,Scheduled,2021-07-20T00:00:00,2021-08-31T00:00:00,2021-09-06T00:00:00,2021-09-03T00:00:00,2021-09-07T00:00:00,250,EA,312500.00,USD,3,,,http://lighttree.com/100044323
100044324,OUTBOUND,LightTree,FAA,LT-2,FAA - Washington,Scheduled,2021-07-20T00:00:00,2021-08-19T00:00:00,2021-08-22T00:00:00,2021-08-19T00:00:00,2021-08-22T00:00:00,132,EA,165000.00,USD,3,,,http://lighttree.com/100044324
100044325,OUTBOUND,LightTree,COLA,LT-2,COLA - Los Alamos,Scheduled,2021-07-11T00:00:00,2021-08-10T00:00:00,2021-08-18T00:00:00,2021-08-10T00:00:00,2021-08-18T00:00:00,44,EA,55000.00,USD,3,,,http://lighttree.com/100044325
100044326,OUTBOUND,LightTree,COLA,LT-2,COLA - Los Alamos,Kitting,2021-07-11T00:00:00,2021-08-02T00:00:00,2021-08-10T00:00:00,2021-08-02T00:00:00,2021-08-10T00:00:00,12,EA,15000.00,USD,3,,,http://lighttree.com/100044326
100044327,OUTBOUND,LightTree,COLA,LT-2,COLA - Los Alamos,Kitting,2021-07-11T00:00:00,2021-08-02T00:00:00,2021-08-10T00:00:00,2021-08-02T00:00:00,2021-08-11T00:00:00,12,EA,15000.00,USD,3,,,http://lighttree.com/100044327
100044328,OUTBOUND,LightTree,QPWD,LT-2,QPWD - Ville de Québec,WIP,2021-07-07T00:00:00,2021-07-29T00:00:00,2021-08-04T00:00:00,2021-07-29T00:00:00,2021-08-04T00:00:00,56,EA,70000.00,USD,3,,,http://lighttree.com/100044328
100044329,OUTBOUND,LightTree,QPWD,LT-2,QPWD - Ville de Québec,WIP,2021-07-07T00:00:00,2021-07-29T00:00:00,2021-08-04T00:00:00,2021-07-29T00:00:00,2021-08-04T00:00:00,320,EA,400000.00,USD,3,,,http://lighttree.com/100044329
100044330,OUTBOUND,LightTree,QPWD,LT-2,QPWD - Ville de Québec,Kitting,2021-07-07T00:00:00,2021-08-06T00:00:00,2021-08-12T00:00:00,2021-08-06T00:00:00,2021-08-12T00:00:00,12,EA,15000.00,USD,3,,,http://lighttree.com/100044330
100044331,OUTBOUND,LightTree,QPWD,LT-2,QPWD - Ville de Québec,Kitting,2021-07-07T00:00:00,2021-08-04T00:00:00,2021-08-12T00:00:00,2021-08-06T00:00:00,2021-08-12T00:00:00,960,EA,1200000.00,USD,3,,,http://lighttree.com/100044331
100044332,OUTBOUND,LightTree,QPWD,LT-2,QPWD - Ville de Québec,Scheduled,2021-07-07T00:00:00,2021-08-21T00:00:00,2021-08-27T00:00:00,2021-08-21T00:00:00,2021-08-27T00:00:00,56,EA,70000.00,USD,3,,,http://lighttree.com/100044332
100044333,OUTBOUND,LightTree,MAHD,LT-2,MAHD - Boston,Kitting,2021-06-30T00:00:00,2021-07-30T00:00:00,2021-08-02T00:00:00,2021-07-30T00:00:00,2021-08-02T00:00:00,132,EA,165000.00,USD,3,,,http://lighttree.com/100044333
100044334,OUTBOUND,LightTree,MAHD,LT-2,MAHD - Boston,Kitting,2021-06-30T00:00:00,2021-07-30T00:00:00,2021-08-02T00:00:00,2021-07-30T00:00:00,2021-08-02T00:00:00,66,EA,82500.00,USD,3,,,http://lighttree.com/100044334
100044335,OUTBOUND,LightTree,KYTC,LT-2,KYTC - Lexington,Final Assembly,2021-06-28T00:00:00,2021-07-20T00:00:00,2021-07-24T00:00:00,2021-07-20T00:00:00,2021-07-28T00:00:00,320,EA,400000.00,USD,3,,,http://lighttree.com/100044335
100044336,OUTBOUND,LightTree,KYTC,LT-2,KYTC - Lexington,WIP,2021-06-28T00:00:00,2021-07-28T00:00:00,2021-08-01T00:00:00,2021-07-28T00:00:00,2021-08-01T00:00:00,75,EA,93750.00,USD,3,,,http://lighttree.com/100044336
100044337,OUTBOUND,LightTree,KYTC,LT-2,KYTC - Lexington,WIP,2021-06-28T00:00:00,2021-07-28T00:00:00,2021-08-01T00:00:00,2021-07-28T00:00:00,2021-08-01T00:00:00,4,EA,5000.00,USD,3,,,http://lighttree.com/100044337
100044338,OUTBOUND,LightTree,NYDOT,LT-1,NYDOT - New Rochelle,WIP,2021-06-15T00:00:00,2021-07-30T00:00:00,2021-08-03T00:00:00,2021-07-30T00:00:00,2021-08-02T00:00:00,512,EA,640000.00,USD,3,,,http://lighttree.com/100044338
100044339,OUTBOUND,LightTree,NYDOT,LT-1,NYDOT - New Rochelle,Shipped,2021-06-15T00:00:00,2021-07-15T00:00:00,2021-07-19T00:00:00,2021-07-15T00:00:00,2021-07-19T00:00:00,124,EA,155000.00,USD,3,,,http://lighttree.com/100044339
100044340,OUTBOUND,LightTree,NYDOT,LT-1,NYDOT - New Rochelle,Shipped,2021-06-15T00:00:00,2021-07-15T00:00:00,2021-07-19T00:00:00,2021-07-15T00:00:00,2021-07-19T00:00:00,37,EA,46250.00,USD,3,,,http://lighttree.com/100044340
100044341,OUTBOUND,LightTree,NYDOT,LT-1,NYDOT - New Rochelle,Shipped,2021-06-15T00:00:00,2021-07-07T00:00:00,2021-07-11T00:00:00,2021-07-07T00:00:00,2021-07-11T00:00:00,320,EA,400000.00,USD,3,,,http://lighttree.com/100044341
100044342,OUTBOUND,LightTree,NYDOT,LT-1,NYDOT - New Rochelle,Shipped,2021-06-15T00:00:00,2021-07-07T00:00:00,2021-07-11T00:00:00,2021-07-07T00:00:00,2021-07-11T00:00:00,320,EA,400000.00,USD,3,,,http://lighttree.com/100044342
100044343,OUTBOUND,LightTree,CALTRAN,LT-1,CALTRAN - San Diego,Test,2021-06-11T00:00:00,2021-07-26T00:00:00,2021-08-03T00:00:00,2021-07-26T00:00:00,2021-08-03T00:00:00,22,EA,27500.00,USD,3,,,http://lighttree.com/100044343
100044344,OUTBOUND,LightTree,CALTRAN,LT-1,CALTRAN - San Diego,Test,2021-06-11T00:00:00,2021-07-28T00:00:00,2021-08-03T00:00:00,2021-07-26T00:00:00,2021-08-03T00:00:00,302,EA,377500.00,USD,3,,,http://lighttree.com/100044344
100044345,OUTBOUND,LightTree,CALTRAN,LT-1,CALTRAN - San Diego,Shipped,2021-06-11T00:00:00,2021-06-28T00:00:00,2021-07-11T00:00:00,2021-07-03T00:00:00,2021-07-11T00:00:00,22,EA,27500.00,USD,3,,,http://lighttree.com/100044345
100044346,OUTBOUND,LightTree,CALTRAN,LT-1,CALTRAN - San Diego,Shipped,2021-06-11T00:00:00,2021-07-03T00:00:00,2021-07-11T00:00:00,2021-07-03T00:00:00,2021-07-11T00:00:00,59,EA,73750.00,USD,3,,,http://lighttree.com/100044346
100044347,OUTBOUND,LightTree,CALTRAN,LT-1,CALTRAN - San Diego,Shipped,2021-06-11T00:00:00,2021-07-11T00:00:00,2021-07-19T00:00:00,2021-07-11T00:00:00,2021-07-19T00:00:00,645,EA,806250.00,USD,3,,,http://lighttree.com/100044347
100044348,OUTBOUND,LightTree,CALTRAN,LT-1,CALTRAN - San Diego,Shipped,2021-06-11T00:00:00,2021-07-11T00:00:00,2021-07-19T00:00:00,2021-07-11T00:00:00,2021-07-19T00:00:00,54,EA,67500.00,USD,3,,,http://lighttree.com/100044348
100044349,OUTBOUND,LightTree,AHTD,LT-1,AHTD - Bentonville,Test,2021-06-08T00:00:00,2021-07-20T00:00:00,2021-07-30T00:00:00,2021-07-23T00:00:00,2021-07-30T00:00:00,189,EA,236250.00,USD,3,,,http://lighttree.com/100044349
100044350,OUTBOUND,LightTree,AHTD,LT-1,AHTD - Bentonville,Test,2021-06-08T00:00:00,2021-07-23T00:00:00,2021-07-30T00:00:00,2021-07-23T00:00:00,2021-07-30T00:00:00,20,EA,25000.00,USD,3,,,http://lighttree.com/100044350
100044351,OUTBOUND,LightTree,AHTD,LT-1,AHTD - Bentonville,Shipped,2021-06-08T00:00:00,2021-07-08T00:00:00,2021-07-15T00:00:00,2021-07-08T00:00:00,2021-07-15T00:00:00,68,EA,85000.00,USD,3,,,http://lighttree.com/100044351
100044352,OUTBOUND,LightTree,AHTD,LT-1,AHTD - Bentonville,Shipped,2021-06-08T00:00:00,2021-07-08T00:00:00,2021-07-15T00:00:00,2021-07-08T00:00:00,2021-07-17T00:00:00,74,EA,92500.00,USD,3,,,http://lighttree.com/100044352
100044353,OUTBOUND,LightTree,AHTD,LT-1,AHTD - Bentonville,Final Assembly,2021-06-08T00:00:00,2021-07-13T00:00:00,2021-07-30T00:00:00,2021-07-23T00:00:00,2021-07-30T00:00:00,212,EA,265000.00,USD,3,,,http://lighttree.com/100044353
100044354,OUTBOUND,LightTree,AHTD,LT-1,AHTD - Bentonville,Shipped,2021-06-08T00:00:00,2021-06-30T00:00:00,2021-07-07T00:00:00,2021-06-30T00:00:00,2021-07-07T00:00:00,208,EA,260000.00,USD,3,,,http://lighttree.com/100044354
100044355,OUTBOUND,LightTree,AHTD,LT-1,AHTD - Bentonville,Shipped,2021-06-08T00:00:00,2021-06-30T00:00:00,2021-07-07T00:00:00,2021-06-30T00:00:00,2021-07-07T00:00:00,400,EA,500000.00,USD,3,,,http://lighttree.com/100044355
100055000,OUTBOUND,LightTree,CALTRAN,LT-2,CALTRAN - San Diego,Scheduled,2017-07-20T00:00:00,2021-08-11T00:00:00,2021-08-14T00:00:00,2021-08-11T00:00:00,2021-08-14T00:00:00,228,EA,20084.00,USD,3,,,http://lighttree.com/100055000
100055001,OUTBOUND,LightTree,AHTD,LT-2,AHTD - Bentonville,Scheduled,2017-07-11T00:00:00,2021-08-10T00:00:00,2021-08-18T00:00:00,2021-08-10T00:00:00,2021-08-18T00:00:00,761,EA,59473.00,USD,3,,,http://lighttree.com/100055001
100055002,OUTBOUND,LightTree,CALTRAN,LT-2,CALTRAN - San Diego,Scheduled,2017-07-07T00:00:00,2021-08-06T00:00:00,2021-08-12T00:00:00,2021-08-06T00:00:00,2021-08-12T00:00:00,363,EA,29093.00,USD,3,,,http://lighttree.com/100055002
100055003,OUTBOUND,LightTree,AHTD,LT-2,AHTD - Bentonville,Scheduled,2017-07-20T00:00:00,2021-08-11T00:00:00,2021-08-14T00:00:00,2021-08-11T00:00:00,2021-08-14T00:00:00,520,EA,47438.00,USD,3,,,http://lighttree.com/100055003
100055004,OUTBOUND,LightTree,QPWD,LT-2,QPWD - Ville de Québec,Scheduled,2017-07-11T00:00:00,2021-08-10T00:00:00,2021-08-18T00:00:00,,,597,EA,44953.00,USD,3,,,http://lighttree.com/100055004
100055005,OUTBOUND,LightTree,CALTRAN,LT-2,CALTRAN - San Diego,Scheduled,2017-07-07T00:00:00,2021-08-06T00:00:00,2021-08-12T00:00:00,2021-08-06T00:00:00,2021-08-12T00:00:00,154,EA,14735.00,USD,3,,,http://lighttree.com/100055005
100055006,OUTBOUND,LightTree,COLA,LT-2,COLA - Los Alamos,Scheduled,2017-07-20T00:00:00,2021-08-11T00:00:00,2021-08-14T00:00:00,2021-08-11T00:00:00,2021-08-14T00:00:00,259,EA,18536.00,USD,3,,,http://lighttree.com/100055006
100055007,OUTBOUND,LightTree,CALTRAN,LT-2,CALTRAN - San Diego,Scheduled,2017-07-11T00:00:00,2021-08-10T00:00:00,2021-08-18T00:00:00,2021-08-10T00:00:00,2021-08-18T00:00:00,655,EA,49240.00,USD,3,,,http://lighttree.com/100055007
100055008,OUTBOUND,LightTree,COLA,LT-2,COLA - Los Alamos,Scheduled,2017-07-07T00:00:00,2021-08-06T00:00:00,2021-08-12T00:00:00,2021-08-06T00:00:00,2021-08-12T00:00:00,228,EA,19266.00,USD,3,,,http://lighttree.com/100055008
100055009,OUTBOUND,LightTree,CALTRAN,LT-2,CALTRAN - San Diego,Scheduled,2017-07-07T00:00:00,2021-08-06T00:00:00,2021-08-12T00:00:00,2021-08-06T00:00:00,2021-08-12T00:00:00,761,EA,62681.00,USD,3,,,http://lighttree.com/100055009
100055010,OUTBOUND,LightTree,FAA,LT-2,FAA - Washington,Scheduled,2017-07-20T00:00:00,2021-08-11T00:00:00,2021-08-14T00:00:00,2021-08-11T00:00:00,2021-08-14T00:00:00,488,EA,35137.00,USD,4,,,http://lighttree.com/100055010
100055011,OUTBOUND,LightTree,QPWD,LT-2,QPWD - Ville de Québec,Scheduled,2017-07-11T00:00:00,2021-08-10T00:00:00,2021-08-18T00:00:00,2021-08-10T00:00:00,2021-08-18T00:00:00,447,EA,27319.00,USD,4,,,http://lighttree.com/100055011
1000066000,INBOUND,Total Source,LightTree,Total Source - Waukesha,LT-2,Scheduled,2021-07-01T00:00:00,2021-08-04T00:00:00,2021-08-07T00:00:00,2021-08-04T00:00:00,2021-08-07T00:00:00,1400,EA,226800.00,USD,4,,,http://lighttree.com/100055000
1000066001,INBOUND,Total Source,LightTree,Total Source - Waukesha,LT-2,Scheduled,2021-07-01T00:00:00,2021-08-14T00:00:00,2021-08-17T00:00:00,2021-08-14T00:00:00,2021-08-17T00:00:00,1400,EA,226800.00,USD,4,,,http://lighttree.com/100055001
1000066002,INBOUND,Total Source,LightTree,Total Source - Waukesha,LT-2,Scheduled,2021-07-01T00:00:00,2021-08-24T00:00:00,2021-08-27T00:00:00,2021-08-24T00:00:00,2021-08-27T00:00:00,1400,EA,226800.00,USD,4,,,http://lighttree.com/100055002
1000066003,INBOUND,Total Source,LightTree,Total Source - Waukesha,LT-2,Scheduled,2021-07-01T00:00:00,2021-09-03T00:00:00,2021-09-06T00:00:00,2021-09-04T00:00:00,2021-09-07T00:00:00,1400,EA,226800.00,USD,4,,,http://lighttree.com/100055003
1000066004,INBOUND,Total Source,LightTree,Total Source - Waukesha,LT-2,Scheduled,2021-07-01T00:00:00,2021-09-13T00:00:00,2021-09-16T00:00:00,2021-09-09T00:00:00,2021-09-12T00:00:00,1400,EA,226800.00,USD,4,,,http://lighttree.com/100055004
1000066005,INBOUND,Total Source,LightTree,Total Source - Waukesha,LT-2,Scheduled,2021-07-01T00:00:00,2021-09-23T00:00:00,2021-09-26T00:00:00,2021-09-23T00:00:00,2021-09-26T00:00:00,1400,EA,226800.00,USD,4,,,http://lighttree.com/100055005
1000066006,INBOUND,F & M,LightTree,F & M - Columbus,LT-2,Scheduled,2021-07-01T00:00:00,2021-08-04T00:00:00,2021-08-07T00:00:00,2021-08-04T00:00:00,2021-08-07T00:00:00,1400,EA,109900.00,USD,4,,,http://lighttree.com/100055006
1000066007,INBOUND,F & M,LightTree,F & M - Columbus,LT-2,Scheduled,2021-07-01T00:00:00,2021-08-14T00:00:00,2021-08-17T00:00:00,2021-08-14T00:00:00,2021-08-17T00:00:00,1400,EA,109900.00,USD,4,,,http://lighttree.com/100055007
1000066008,INBOUND,F & M,LightTree,F & M - Columbus,LT-2,Scheduled,2021-07-01T00:00:00,2021-08-24T00:00:00,2021-08-27T00:00:00,2021-08-24T00:00:00,2021-08-27T00:00:00,1400,EA,109900.00,USD,4,,,http://lighttree.com/100055008
1000066009,INBOUND,F & M,LightTree,F & M - Columbus,LT-2,Scheduled,2021-07-01T00:00:00,2021-09-03T00:00:00,2021-09-06T00:00:00,2021-09-04T00:00:00,2021-09-07T00:00:00,1400,EA,109900.00,USD,4,,,http://lighttree.com/100055009
1000066010,INBOUND,F & M,LightTree,F & M - Columbus,LT-2,Scheduled,2021-07-01T00:00:00,2021-09-13T00:00:00,2021-09-16T00:00:00,2021-09-13T00:00:00,2021-09-16T00:00:00,1400,EA,109900.00,USD,4,,,http://lighttree.com/100055010
1000066011,INBOUND,F & M,LightTree,F & M - Columbus,LT-2,Scheduled,2021-07-01T00:00:00,2021-09-23T00:00:00,2021-09-26T00:00:00,2021-09-23T00:00:00,2021-09-26T00:00:00,1400,EA,109900.00,USD,4,,,http://lighttree.com/100055011
