﻿levelType,code,catalogType,name,description,sourceLink,emissionsFactorGroup.factorCode
CATEGORY,Pedestrian Lighting,ITEM,Pedestrian Lighting,Category code for Pedestrian Lighting,http://lighttree.com/Pedestrian Lighting,
CATEGORY,Downlights,ITEM,Downlights,Category code for Downlights,http://lighttree.com/Downlights,Fabricated metal products
CATEGORY,Bulbs,ITEM,Bulbs,Category code for Bulbs,http://lighttree.com/Bulbs,"Electrical equipment, appliances, other"
CATEGORY,Controllers,ITEM,Controllers,Category code for Controllers,http://lighttree.com/Controllers,Computer and electronic products
CATEGORY,Enclosures,ITEM,Enclosures,Category code for Enclosures,http://lighttree.com/Enclosures,Fabricated metal products
CATEGORY,High Voltage Electrical,ITEM,High Voltage Electrical,Category code for High Voltage Electrical,http://lighttree.com/High Voltage Electrical,"Electrical equipment, appliances, other"
CATEGORY,Lenses,ITEM,Lenses,Category code for Lenses,http://lighttree.com/Lenses,Nonmetallic mineral products
CATEGORY,Luminaire,ITEM,Luminaire,Category code for Luminaire,http://lighttree.com/Luminaire,"Electrical equipment, appliances, other"
CATEGORY,Mechanicals,ITEM,Mechanicals,Category code for Mechanicals,http://lighttree.com/Mechanicals,Machinery
CATEGORY,Primary Chassis,ITEM,Primary Chassis,Category code for Primary Chassis,http://lighttree.com/Primary Chassis,Fabricated metal products
CATEGORY,Primary Foundation,ITEM,Primary Foundation,Category code for Primary Foundation,http://lighttree.com/Primary Foundation,Fabricated metal products
CATEGORY,Secondary Chassis,ITEM,Secondary Chassis,Category code for Secondary Chassis,http://lighttree.com/Secondary Chassis,Fabricated metal products
CATEGORY,Electrical,ITEM,Electrical,Category code for Electrical,http://lighttree.com/Electrical, 
CATEGORY,Fiber Optics,ITEM,Fiber Optics,Category code for Fiber Optics,http://lighttree.com/Fiber Optics,Nonmetallic mineral products
