﻿organizationIdentifier,orgType,location.locationIdentifier,name,sourceLink,primaryContact.contactIdentifier
Alumi-lux,SUPPLIER,Alumi-lux - Nashua,Alumi-lux Metal Products,http://lighttree.com/Alumi-lux,Alumi-luxJohnWarren
Amos,SUPPLIER,Amos - Philadelphia,Amos Wire Products Inc,http://lighttree.com/Amos,AmosSophiaCarter
Autonomic,SUPPLIER,Autonomic - Morgantown,Autonomic Specialties,http://lighttree.com/Autonomic,AutonomicVirgilioRichmond
Benchmark,SUPPLIER,Benchmark - Wheaton,Benchmark Lighting,http://lighttree.com/Benchmark,BenchmarkJuanCunningham
Brewers,SUPPLIER,Brewers - Phoenix,Brewers Manufacturing,http://lighttree.com/Brewers,BrewersViolaWiggins
Core,SUPPLIER,Core - Saranac Lake,Core Components of North America,http://lighttree.com/Core,CoreAlexanderGamble
Corporal,SUPPLIER,Corporal - Tulsa,Corporal Brass,http://lighttree.com/Corporal,CorporalGastonLawson
EM,SUPPLIER,EM - Hemphill,Engineered Materials,http://lighttree.com/EM,EMLeonaBeltran
Exclusive,SUPPLIER,Exclusive - Billings,Exclusive Plastics,http://lighttree.com/Exclusive,ExclusiveEthanRamirez
F & M,SUPPLIER,F & M - Columbus,F & M Metals,http://lighttree.com/F & M,F & MMargaretHarrell
Flexilux,SUPPLIER,Flexilux - Worcester,Flexilux Industries,http://lighttree.com/Flexilux,FlexiluxMackRogers
Gaylor,SUPPLIER,Gaylor - Ocean Springs,Gaylor Design,http://lighttree.com/Gaylor,GaylorMillardMorales
Gemini,SUPPLIER,Gemini - Dallas,Gemini Design Technology,http://lighttree.com/Gemini,GeminiCourtneyQuinn
Glickman,SUPPLIER,Glickman - Waterford,Glickman Lighting,http://lighttree.com/Glickman,GlickmanElnoraPrice
Groulsh,SUPPLIER,Groulsh - Charleston,Groulsh Industries,http://lighttree.com/Groulsh,GroulshMillieIbarra
Hardy,SUPPLIER,Hardy - Salina,Hardy Industries,http://lighttree.com/Hardy,HardyDelBaird
Holloway,SUPPLIER,Holloway - Phoenix,Holloway Lighting Parts,http://lighttree.com/Holloway,HollowayOliviaBennett
Howard,SUPPLIER,Howard - Vineyard Haven,Howard Plastics,http://lighttree.com/Howard,HowardPearlSpears
Interalloy,SUPPLIER,Interalloy - Bozeman,Interalloy Corporation,http://lighttree.com/Interalloy,InteralloyBufordStokes
J&R,SUPPLIER,J&R - Montgomery,J&R Plastics,http://lighttree.com/J&R,J&RTristanFaulkner
Lex,SUPPLIER,Lex - Ocean Pines,Lex Filters,http://lighttree.com/Lex,LexBonitaMatthews
LightLens,SUPPLIER,LightLens - Ipswich ,LightLens Industries,http://lighttree.com/LightLens,LightLensEmilyWalker
Litesource,SUPPLIER,Litesource - San Antonio,Litesource Chrystal,http://lighttree.com/Litesource,LitesourceNicholeMckay
Lorel,SUPPLIER,Lorel - Sioux Falls,Lorel Lamps Parts,http://lighttree.com/Lorel,LorelSebastianMullen
Luminar,SUPPLIER,Luminar - Palm Beach Gardens,Luminar Lines,http://lighttree.com/Luminar,LuminarTaniaWoods
McGrey,SUPPLIER,McGrey - Mt Sterling,McGrey Electrical,http://lighttree.com/McGrey,McGreyMarcusJohnson
Mueller,SUPPLIER,Mueller - Pittsburgh,Mueller OEM,http://lighttree.com/Mueller,MuellerNataliaBallard
Paltronix,SUPPLIER,Paltronix - Wilmington,Paltronix,http://lighttree.com/Paltronix,PaltronixTrinaHerrera
Plastico,SUPPLIER,Plastico - Glen Allen,Plastico,http://lighttree.com/Plastico,PlasticoAdalbertoColeman
Plastilite,SUPPLIER,Plastilite - Scottsdale,Plastilite Corporation,http://lighttree.com/Plastilite,PlastiliteKermitDay
Plexilux,SUPPLIER,Plexilux - Springfield,Plexilux,http://lighttree.com/Plexilux,PlexiluxGranvilleHenry
Press,SUPPLIER,Press - Albany,Press Lite Industries,http://lighttree.com/Press,PressMalcomSanders
R&J,SUPPLIER,R&J - Vancouver,R&J Lamp Supply,http://lighttree.com/R&J,R&JJuanitaLong
R.G.D.,SUPPLIER,R.G.D. - Oxon Hill,R.G.D. Lighting Components,http://lighttree.com/R.G.D.,R.G.D.GarthHuynh
Ripley,SUPPLIER,Ripley - Trenton,Ripley Controls,http://lighttree.com/Ripley,RipleyFredrickJordan
RLP,SUPPLIER,RLP - Troy,RLP Lighting Components,http://lighttree.com/RLP,RLPHoustonOsborne
Robinson,SUPPLIER,Robinson - Sacramento,Robinson Glass,http://lighttree.com/Robinson,RobinsonPauletteWilkinson
RSQ,SUPPLIER,RSQ - Narragansett,RSQ Lighting,http://lighttree.com/RSQ,RSQIsaiasHodges
Rylo,SUPPLIER,Rylo - Spiro,Rylo Thermic Shields,http://lighttree.com/Rylo,RyloLeifBright
SA,SUPPLIER,SA - Loretto,SA Lighting,http://lighttree.com/SA,SAJerrellRaymond
Salco,SUPPLIER,Salco - Atlanta,Salco,http://lighttree.com/Salco,SalcoRodrigoRandall
SilverOptics,SUPPLIER,SilverOptics - Dover,SilverOptics,http://lighttree.com/SilverOptics,SilverOpticsHeribertoKnox
Southwestern,SUPPLIER,Southwestern - Woodland,Southwestern Louver Company,http://lighttree.com/Southwestern,SouthwesternStephanieGeorge
Special,SUPPLIER,Special - Southlake,Special Effects Light Co,http://lighttree.com/Special,SpecialStacieCampos
Thermal,SUPPLIER,Thermal - Cincinnati,Thermal Surface Systems,http://lighttree.com/Thermal,ThermalDavidGreen
Total Source,SUPPLIER,Total Source - Waukesha,Total Source Extrusion Corporation,http://lighttree.com/Total Source,Total SourceNumbersHuff
Venice,SUPPLIER,Venice - Artesia,Venice Lamp and Shade,http://lighttree.com/Venice,VeniceZacharyWoodward
AFX,CARRIER,AFX - El Paso,Air Freight Express,http://lighttree.com/AFX,AFXPabloHenson
Dunham,CARRIER,Dunham - Centralia,Dunham Lines,http://lighttree.com/Dunham,DunhamLennyHardy
NatEx,CARRIER,NatEx - Pawtucket,NatEx,http://lighttree.com/NatEx,NatExLynnHawkins
TransOceanic,CARRIER,TransOceanic - Slater,TransOceanic,http://lighttree.com/TransOceanic,TransOceanicIrvingChung
UXS,CARRIER,UXS - Madison,UXS,http://lighttree.com/UXS,UXSDouglassPitts
TranEx,CARRIER,TranEx - Kansas City,TranEx,http://lighttree.com/TranEx,TranExLeannBrewer
RPS,CARRIER,RPS - Philadelphia,RPS,http://lighttree.com/RPS,RPSEdwinaKhan
LightTree,OPERATIONS,LT-1,LightTree,http://lighttree.com,LightTreeJordonMorgan
