﻿partNumber,preferredSupplier.supplier.organizationIdentifier,productType,category.code,brand.code,family.code,line.code,productSegment.code,status,value,valueCurrency,defaultQuantityUnits,name,description,plannerCode,sourceLink
BBG-3256,LightLens,ITEM,Bulbs,,,,,ACTIVE,14,USD,EA,RGBW Module,Compact module with RGBW LEDs for versatile color-changing and decorative lighting applications.,Lighting,http://lighttree.com/BBG-3256
HBS-8201,LightLens,ITEM,Bulbs,,,,,ACTIVE,18,USD,EA,RGBW Neon Flex,Flexible RGBW LED neon flex that offers vibrant color-changing and decorative lighting solutions.,Lighting,http://lighttree.com/HBS-8201
LGC-1234,LightLens,ITEM,Bulbs,,,,,ACTIVE,17,USD,EA,RGBW Neon Tube,Flexible RGBW LED neon tube that offers versatile color-changing and decorative lighting possibilities.,Lighting,http://lighttree.com/LGC-1234
LCD-9387,LightLens,ITEM,Bulbs,,,,,ACTIVE,17,USD,EA,RGBW Strip,Flexible LED strip with RGBW color output,Lighting,http://lighttree.com/LCD-9387
ICB-3456,LightLens,ITEM,Bulbs,,,,,ACTIVE,5,USD,EA,UV LED Strip,Flexible LED strip that emits UV light for various applications,Lighting,http://lighttree.com/ICB-3456
HCC-9065,LightLens,ITEM,Bulbs,,,,,ACTIVE,5,USD,EA,Neon Flex,Flexible neon lighting solution that offers the look and feel of traditional neon with enhanced flexibility and durability.,Lighting,http://lighttree.com/HCC-9065
HFL-1294,Lorel,ITEM,Bulbs,,,,,ACTIVE,11,USD,EA,Color Changing Bulb,Bulb that offers a wide range of color options and color-changing capabilities for dynamic lighting effects.,Lighting,http://lighttree.com/HFL-1294
RAS-5287,Lorel,ITEM,Bulbs,,,,,ACTIVE,7,USD,EA,OLED Display,Flexible OLED display module that integrates lighting controls and information display functionalities.,Lighting,http://lighttree.com/RAS-5287
PAD-9012,Lorel,ITEM,Bulbs,,,,,ACTIVE,18,USD,EA,Neon Tube,Flexible neon tube that mimics the look and glow of traditional neon lighting,Lighting,http://lighttree.com/PAD-9012
IAS-4359,Lorel,ITEM,Bulbs,,,,,ACTIVE,19,USD,EA,RGBW Neon Tape,Flexible RGBW LED neon tape that allows for creative and decorative lighting installations.,Lighting,http://lighttree.com/IAS-4359
IAW-5748,Lorel,ITEM,Bulbs,,,,,ACTIVE,6,USD,EA,LED Neon Tube,Flexible LED neon tube that replicates the look and feel of traditional neon lighting with enhanced energy efficiency.,Lighting,http://lighttree.com/IAW-5748
LBF-6789,Lorel,ITEM,Bulbs,,,,,ACTIVE,6,USD,EA,RGB Strip,Flexible LED strip with RGB color output for dynamic and customizable lighting effects.,Lighting,http://lighttree.com/LBF-6789
PBL-7985,Lorel,ITEM,Bulbs,,,,,ACTIVE,10,USD,EA,RGB Tape,Flexible LED tape with RGB color-changing capabilities,Lighting,http://lighttree.com/PBL-7985
29000462,SilverOptics,ITEM,Bulbs,,,,,ACTIVE,95,USD,EA,NaHP-TC Sodium Bulb 480V,Bulbs - NaHP-TC Sodium Bulb 480V,Lighting,http://lighttree.com/29000462
29000469,SilverOptics,ITEM,Bulbs,,,,,ACTIVE,108,USD,EA,NaHP-TC Sodium Bulb 600v,Bulbs - NaHP-TC Sodium Bulb 600v,Lighting,http://lighttree.com/29000469
LEB-5306,Amos,ITEM,Controllers,,,,,ACTIVE,48,USD,EA,Wi-Fi Dimmer,Dimmer module with built-in Wi-Fi connectivity for wireless and remote dimming control of lighting fixtures.,Electrical,http://lighttree.com/LEB-5306
RFU-6803,Amos,ITEM,Controllers,,,,,ACTIVE,35,USD,EA,Wireless Wall Controller,Battery-operated wall controller for wireless control of lighting fixtures and scenes.,Electrical,http://lighttree.com/RFU-6803
RFH-2486,Amos,ITEM,Controllers,,,,,ACTIVE,14,USD,EA,Wireless Wall Dimmer,Battery-operated wall dimmer for wireless and convenient control of lighting intensity.,Electrical,http://lighttree.com/RFH-2486
BFC-3942,Amos,ITEM,Controllers,,,,,ACTIVE,24,USD,EA,Wireless Wall Dimmer Switch,Battery-powered wireless wall dimmer switch for convenient control of lighting intensity.,Electrical,http://lighttree.com/BFC-3942
BFI-3726,Amos,ITEM,Controllers,,,,,ACTIVE,47,USD,EA,Wireless Wall Keypad,Battery-operated wall keypad for wireless control and scene selection in lighting systems.,Electrical,http://lighttree.com/BFI-3726
BFM-8943,Amos,ITEM,Controllers,,,,,ACTIVE,19,USD,EA,Wireless Remote Control,Handheld remote control for wireless operation and adjustment of lighting scenes and settings.,Electrical,http://lighttree.com/BFM-8943
BFS-3698,Amos,ITEM,Controllers,,,,,ACTIVE,21,USD,EA,Wireless Wall Switch,Battery-powered wireless wall switch for convenient control and operation of lighting fixtures.,Electrical,http://lighttree.com/BFS-3698
PFS-9435,Amos,ITEM,Controllers,,,,,ACTIVE,22,USD,EA,Wireless Touch Panel,Touch-sensitive panel for wireless control and adjustment of lighting scenes and intensity.,Electrical,http://lighttree.com/PFS-9435
RGF-8902,Amos,ITEM,Controllers,,,,,ACTIVE,23,USD,EA,Z-Wave Dimmer,Dimmer module compatible with Z-Wave protocol for wireless dimming control of lighting fixtures.,Electrical,http://lighttree.com/RGF-8902
HFL-9452,Amos,ITEM,Controllers,,,,,ACTIVE,34,USD,EA,Z-Wave Gateway,Gateway device that enables Z-Wave communication and integration of lighting control systems.,Electrical,http://lighttree.com/HFL-9452
HCP-5203,Autonomic,ITEM,Controllers,,,,,ACTIVE,41,USD,EA,Ambient Light Sensor,Sensor module that detects ambient light levels and adjusts lighting accordingly for energy efficiency.,Electrical,http://lighttree.com/HCP-5203
RVC-5802,Autonomic,ITEM,Controllers,,,,,ACTIVE,30,USD,EA,Color Controller,Controller module that allows precise adjustment and control of color parameters for customizable lighting.,Electrical,http://lighttree.com/RVC-5802
BCM-4567,Autonomic,ITEM,Controllers,,,,,ACTIVE,33,USD,EA,Daylight Sensor,Sensor module that detects natural daylight levels and adjusts artificial lighting accordingly for energy efficiency.,Electrical,http://lighttree.com/BCM-4567
RFC-5023,Autonomic,ITEM,Controllers,,,,,ACTIVE,29,USD,EA,Control Module,Intelligent control module for seamless integration and precise control of LED lighting systems.,Electrical,http://lighttree.com/RFC-5023
LCF-7852,Autonomic,ITEM,Controllers,,,,,ACTIVE,45,USD,EA,Light Level Sensor,Sensor module that detects ambient light levels and triggers lighting adjustments for energy efficiency.,Electrical,http://lighttree.com/LCF-7852
LCP-6205,Autonomic,ITEM,Controllers,,,,,ACTIVE,40,USD,EA,Motion Sensor,Motion-activated sensor that detects movement and triggers lighting fixtures,Electrical,http://lighttree.com/LCP-6205
LCT-9273,Autonomic,ITEM,Controllers,,,,,ACTIVE,13,USD,EA,Motion Sensor,Motion sensor module that detects movement and triggers lighting,Electrical,http://lighttree.com/LCT-9273
LCW-6138,Holloway,ITEM,Controllers,,,,,ACTIVE,46,USD,EA,Neon Sign Module,LED module designed for creating neon-like signs and displays,Electrical,http://lighttree.com/LCW-6138
HDC-5709,Holloway,ITEM,Controllers,,,,,ACTIVE,35,USD,EA,Occupancy Sensor,Occupancy sensor that detects human presence and triggers lighting,Electrical,http://lighttree.com/HDC-5709
HDD-2468,Holloway,ITEM,Controllers,,,,,ACTIVE,30,USD,EA,Overheat Sensor,Sensor that detects excessive heat in lighting fixtures,Electrical,http://lighttree.com/HDD-2468
BDG-8514,Holloway,ITEM,Controllers,,,,,ACTIVE,22,USD,EA,Illumination Sensor,High-precision sensor that measures and adjusts light levels in real-time for optimal illumination control.,Electrical,http://lighttree.com/BDG-8514
RDS-4952,Holloway,ITEM,Controllers,,,,,ACTIVE,49,USD,EA,PIR Sensor,Passive infrared (PIR) sensor that detects human presence and triggers lighting,Electrical,http://lighttree.com/RDS-4952
LDF-9376,Holloway,ITEM,Controllers,,,,,ACTIVE,48,USD,EA,RGBW Pixel Module,Pixel-based lighting module with RGBW color output for pixel mapping and dynamic lighting effects.,Electrical,http://lighttree.com/LDF-9376
LDL-7890,Holloway,ITEM,Controllers,,,,,ACTIVE,24,USD,EA,Scene Controller,Controller module with preset scene options for easy and convenient lighting scene selection and customization.,Electrical,http://lighttree.com/LDL-7890
HDL-8612,Holloway,ITEM,Controllers,,,,,ACTIVE,28,USD,EA,LED Panel,Ultra-thin LED panel designed for sleek and modern lighting installations.,Electrical,http://lighttree.com/HDL-8612
GSD-2814,Holloway,ITEM,Controllers,,,,,ACTIVE,25,USD,EA,Smart Lighting Controller,Intelligent lighting controller with advanced automation features for seamless control of lighting systems.,Electrical,http://lighttree.com/GSD-2814
PDM-5847,Holloway,ITEM,Controllers,,,,,ACTIVE,15,USD,EA,Sound-Activated Module,Module that synchronizes lighting effects with sound or music,Electrical,http://lighttree.com/PDM-5847
GDS-8365,Holloway,ITEM,Controllers,,,,,ACTIVE,46,USD,EA,RGB Controller,Advanced RGB controller that enables precise color tuning and dynamic lighting effects.,Electrical,http://lighttree.com/GDS-8365
GDT-3587,Holloway,ITEM,Controllers,,,,,ACTIVE,22,USD,EA,Touch Panel Dimmer,User-friendly touch panel dimmer with intuitive controls for effortless lighting adjustment.,Electrical,http://lighttree.com/GDT-3587
GDT-2147,Holloway,ITEM,Controllers,,,,,ACTIVE,40,USD,EA,Wireless Touch Keypad,Touch-sensitive keypad for wireless control and adjustment of lighting scenes and settings.,Electrical,http://lighttree.com/GDT-2147
FET-1357,Holloway,ITEM,Controllers,,,,,ACTIVE,42,USD,EA,Wi-Fi Controller,Controller module with Wi-Fi connectivity for convenient and wireless control of lighting fixtures and scenes.,Electrical,http://lighttree.com/FET-1357
7900128,Ripley,ITEM,Controllers,,,,,ACTIVE,320,USD,EA,"Lighting Controller, Base Mounted, 480volt, 200amp","Controllers - Lighting Controller, Base Mounted, 480volt, 200amp",Electrical,http://lighttree.com/7900128
82500380,Ripley,ITEM,Controllers,,,,,ACTIVE,350,USD,EA,"Lighting Controller, Base Mounted, 600volt, 200amp","Controllers - Lighting Controller, Base Mounted, 600volt, 200amp",Electrical,http://lighttree.com/82500380
LGC-3871,Amos,ITEM,Downlights,,,,,ACTIVE,10,USD,EA,Architectural Spotlight,Architectural spotlight fixture that offers precise and focused lighting for highlighting architectural details.,Lighting,http://lighttree.com/LGC-3871
RGH-6349,Amos,ITEM,Downlights,,,,,ACTIVE,29,USD,EA,Architectural Wall Light,Wall-mounted lighting fixture with architectural design for enhancing the aesthetics of indoor spaces.,Lighting,http://lighttree.com/RGH-6349
RGS-3490,J&R,ITEM,Downlights,,,,,ACTIVE,41,USD,EA,Recessed Downlight,Recessed downlight with adjustable beam angles for precise and focused illumination.,Lighting,http://lighttree.com/RGS-3490
RCH-8743,J&R,ITEM,Downlights,,,,,ACTIVE,15,USD,EA,Picture Light,Picture light designed to illuminate artwork and photographs with adjustable beam angles and focused lighting.,Lighting,http://lighttree.com/RCH-8743
RHC-9183,J&R,ITEM,Downlights,,,,,ACTIVE,35,USD,EA,Track Spotlight,Track-mounted spotlight that offers adjustable and focused lighting for highlighting artwork and displays.,Lighting,http://lighttree.com/RHC-9183
RHS-0123,J&R,ITEM,Downlights,,,,,ACTIVE,23,USD,EA,Linear Track Light,Linear track lighting fixture with adjustable beam angles for directional and focused lighting.,Lighting,http://lighttree.com/RHS-0123
RFC-7241,J&R,ITEM,Downlights,,,,,ACTIVE,32,USD,EA,Track Lighting Kit,Complete track lighting kit with adjustable beam angles for versatile and customizable lighting setups.,Lighting,http://lighttree.com/RFC-7241
HSP-5283,J&R,ITEM,Downlights,,,,,ACTIVE,32,USD,EA,CCT Downlight,Recessed downlight with adjustable color temperature (CCT) settings for versatile and adaptable lighting solutions.,Lighting,http://lighttree.com/HSP-5283
LHC-4023,J&R,ITEM,Downlights,,,,,ACTIVE,44,USD,EA,Glass Chandelier,Exquisite glass chandelier that adds a touch of sophistication and elegance to any space.,Lighting,http://lighttree.com/LHC-4023
PHD-2659,J&R,ITEM,Downlights,,,,,ACTIVE,42,USD,EA,Pendant Cluster,Clustered pendant lights that create a visually striking centerpiece,Lighting,http://lighttree.com/PHD-2659
PIS-6781,J&R,ITEM,Downlights,,,,,ACTIVE,14,USD,EA,Pendant Light,Pendant light with a spherical design that creates a soft and diffused lighting effect.,Lighting,http://lighttree.com/PIS-6781
HSI-8901,J&R,ITEM,Downlights,,,,,ACTIVE,33,USD,EA,Pendant Fixture,Stylish pendant light fixture featuring a spherical design for modern and elegant lighting installations.,Lighting,http://lighttree.com/HSI-8901
GJB-2861,J&R,ITEM,Downlights,,,,,ACTIVE,10,USD,EA,RGBW Spot Light,Spotlight fixture with RGBW color output for versatile and dynamic lighting applications.,Lighting,http://lighttree.com/GJB-2861
RLP-5891,Amos,ITEM,Electrical,,,,,ACTIVE,8,USD,EA,Light Guide Panel,Ultra-thin light guide panel that uniformly distributes light with high efficiency and minimal light loss.,Electrical,http://lighttree.com/RLP-5891
ILT-5316,Amos,ITEM,Electrical,,,,,ACTIVE,12,USD,EA,Smart Strip,Flexible LED strip with integrated smart features,Electrical,http://lighttree.com/ILT-5316
RCK-2053,Amos,ITEM,Electrical,,,,,ACTIVE,8,USD,EA,Bluetooth Speaker Light,Combination of a Bluetooth speaker and a lighting fixture for multi-functional and space-saving solutions.,Electrical,http://lighttree.com/RCK-2053
PLP-8492,McGrey,ITEM,Electrical,,,,,ACTIVE,3,USD,EA,Bluetooth Gateway,Gateway device that enables Bluetooth communication and integration of lighting control systems.,Electrical,http://lighttree.com/PLP-8492
LFD-4563,McGrey,ITEM,Electrical,,,,,ACTIVE,5,USD,EA,RGBW Chip,High-performance RGBW LED chip with precise color mixing capabilities for vibrant and accurate color rendering.,Electrical,http://lighttree.com/LFD-4563
LNT-1849,McGrey,ITEM,Electrical,,,,,ACTIVE,15,USD,EA,High-CRI LED Chip,LED chip engineered for high color rendering index (CRI) values,Electrical,http://lighttree.com/LNT-1849
LSP-3125,McGrey,ITEM,Electrical,,,,,ACTIVE,11,USD,EA,DMX Merger,Device that merges multiple DMX signals into a single output,Electrical,http://lighttree.com/LSP-3125
PGD-8287,McGrey,ITEM,Electrical,,,,,ACTIVE,8,USD,EA,DMX Splitter,DMX splitter device that distributes DMX signals to multiple lighting fixtures,Electrical,http://lighttree.com/PGD-8287
PLF-3297,McGrey,ITEM,Electrical,,,,,ACTIVE,15,USD,EA,DMX Terminator,Device used to terminate DMX signal lines,Electrical,http://lighttree.com/PLF-3297
LLP-2315,McGrey,ITEM,Electrical,,,,,ACTIVE,9,USD,EA,DMX Tester,Portable device for testing and troubleshooting DMX lighting systems,Electrical,http://lighttree.com/LLP-2315
LGR-7015,McGrey,ITEM,Electrical,,,,,ACTIVE,12,USD,EA,Emergency Battery Pack,Battery pack module that provides backup power in case of power outages,Electrical,http://lighttree.com/LGR-7015
RLS-9637,McGrey,ITEM,Electrical,,,,,ACTIVE,14,USD,EA,Circuit Board,Flexible circuit board with integrated illumination components,Electrical,http://lighttree.com/RLS-9637
RPL-7854,McGrey,ITEM,Electrical,,,,,ACTIVE,10,USD,EA,LED Driver,Flexible LED driver with customizable output profiles for versatile lighting applications.,Electrical,http://lighttree.com/RPL-7854
PSL-9487,McGrey,ITEM,Electrical,,,,,ACTIVE,15,USD,EA,RGBW Wall Panel,Wall-mounted panel with RGBW LED lights for creating colorful and dynamic lighting displays.,Electrical,http://lighttree.com/PSL-9487
RGS-7593,McGrey,ITEM,Electrical,,,,,ACTIVE,11,USD,EA,EL Tape,Electroluminescent tape that emits a uniform glow,Electrical,http://lighttree.com/RGS-7593
CLD-6478,McGrey,ITEM,Electrical,,,,,ACTIVE,4,USD,EA,Graphene Heat Sink,Heat sink with a graphene layer that provides superior thermal conductivity and cooling performance.,Electrical,http://lighttree.com/CLD-6478
CWL-4159,McGrey,ITEM,Electrical,,,,,ACTIVE,4,USD,EA,Graphene Heat Spreader,Heat spreader with a graphene layer that efficiently distributes heat in lighting systems,Electrical,http://lighttree.com/CWL-4159
CLL-6874,McGrey,ITEM,Electrical,,,,,ACTIVE,11,USD,EA,Amplification Diode,Cutting-edge diode that efficiently amplifies photon energy for optimal lighting efficiency.,Electrical,http://lighttree.com/CLL-6874
LLP-4045,McGrey,ITEM,Electrical,,,,,ACTIVE,13,USD,EA,Capacitor,High-performance capacitor that emits a radiant glow when charged.,Electrical,http://lighttree.com/LLP-4045
RCR-9375,Plastico,ITEM,Enclosures,,,,,ACTIVE,14,USD,EA,UV-C Disinfection Module,Module that emits UV-C light for effective disinfection and sterilization,Mechanicals,http://lighttree.com/RCR-9375
RLC-9402,Plastico,ITEM,Enclosures,,,,,ACTIVE,14,USD,EA,Vapor Chamber,Vapor chamber cooling solution that enhances heat dissipation in high-performance lighting fixtures.,Mechanicals,http://lighttree.com/RLC-9402
HMS-4681,Plastico,ITEM,Enclosures,,,,,ACTIVE,12,USD,EA,Vapor Chamber Cooler,Vapor chamber cooler that efficiently dissipates heat from lighting fixtures for optimal performance.,Mechanicals,http://lighttree.com/HMS-4681
RMS-7156,Plastico,ITEM,Enclosures,,,,,ACTIVE,13,USD,EA,UV Disinfection Module,Module that emits UV light for effective disinfection of surfaces and air in various environments.,Mechanicals,http://lighttree.com/RMS-7156
FNF-2136,Plastico,ITEM,Enclosures,,,,,ACTIVE,7,USD,EA,UV Germicidal Module,Module that emits UV-C light for effective sterilization and disinfection,Mechanicals,http://lighttree.com/FNF-2136
FNS-6179,Plastico,ITEM,Enclosures,,,,,ACTIVE,6,USD,EA,Plant Growth Module,Module that emits specialized wavelengths of light to support plant growth in indoor gardening applications.,Mechanicals,http://lighttree.com/FNS-6179
GNT-2871,Plastilite,ITEM,Enclosures,,,,,ACTIVE,9,USD,EA,UV Inspection Module,Module that emits UV light for inspection and verification of UV-reactive markings and materials.,Mechanicals,http://lighttree.com/GNT-2871
ROS-8491,Plastilite,ITEM,Enclosures,,,,,ACTIVE,5,USD,EA,Light Module,High-intensity light module for professional-grade lighting applications with exceptional brightness.,Mechanicals,http://lighttree.com/ROS-8491
LOD-7690,Plastilite,ITEM,Enclosures,,,,,ACTIVE,15,USD,EA,Laser Projection Module,Module that projects laser patterns and images,Mechanicals,http://lighttree.com/LOD-7690
BOL-3519,Plastilite,ITEM,Enclosures,,,,,ACTIVE,5,USD,EA,UV Sterilization Module,Module that emits UV-C light for powerful and efficient sterilization of surfaces and air in various environments.,Mechanicals,http://lighttree.com/BOL-3519
IOF-9154,Plastilite,ITEM,Enclosures,,,,,ACTIVE,11,USD,EA,UV-C LED Strip,LED strip that emits UV-C light for effective germicidal and sterilization purposes in various applications.,Mechanicals,http://lighttree.com/IOF-9154
7900063,F & M,ITEM,Enclosures,,,,,ACTIVE,50,USD,EA,"Junction Box 8"" X 24"" X 10""","Enclosures - Junction Box 8"" X 24"" X 10""",Electrical,http://lighttree.com/7900063
IWW-5273,SilverOptics,ITEM,Fiber Optics,,,,,ACTIVE,4,USD,EA,Fiber Optic Cable,Fiber optic cable designed for efficient light transmission,Lighting,http://lighttree.com/IWW-5273
HOS-1932,SilverOptics,ITEM,Fiber Optics,,,,,ACTIVE,14,USD,EA,Fiber Optic Illuminator,Illuminator module that provides light source for fiber optic lighting installations,Lighting,http://lighttree.com/HOS-1932
LPC-5749,SilverOptics,ITEM,Fiber Optics,,,,,ACTIVE,10,USD,EA,Fiber Optic Module,Fiber optic lighting module that efficiently delivers light over long distances with minimal light loss.,Lighting,http://lighttree.com/LPC-5749
LPF-6793,SilverOptics,ITEM,Fiber Optics,,,,,ACTIVE,9,USD,EA,Fiber Optic Spotlight,Spotlight fixture that utilizes fiber optic technology for precise and focused lighting in architectural and artistic applications.,Lighting,http://lighttree.com/LPF-6793
LPL-6218,SilverOptics,ITEM,Fiber Optics,,,,,ACTIVE,9,USD,EA,Fiber Optic Star Ceiling Kit,Kit that creates a stunning starry effect on ceilings using fiber optic lighting,Lighting,http://lighttree.com/LPL-6218
LRC-3590,Holloway,ITEM,High Voltage Electrical,,,,,ACTIVE,81,USD,EA,Wireless Hub,Central hub device that connects and synchronizes multiple wireless lighting control systems in a single network.,Electrical,http://lighttree.com/LRC-3590
LSC-9842,Holloway,ITEM,High Voltage Electrical,,,,,ACTIVE,31,USD,EA,Wireless Motion Sensor,Battery-powered wireless motion sensor that triggers lighting based on detected movement for convenience and energy savings.,Electrical,http://lighttree.com/LSC-9842
LRS-7291,Holloway,ITEM,High Voltage Electrical,,,,,ACTIVE,40,USD,EA,Wireless Motion Dimmer,Battery-powered wireless motion dimmer that adjusts lighting intensity based on detected movement,Electrical,http://lighttree.com/LRS-7291
IRT-7821,Holloway,ITEM,High Voltage Electrical,,,,,ACTIVE,50,USD,EA,Wireless Wall Plate,Battery-powered wireless wall plate for convenient control and synchronization of lighting systems.,Electrical,http://lighttree.com/IRT-7821
PRC-9627,Holloway,ITEM,High Voltage Electrical,,,,,ACTIVE,66,USD,EA,Wireless Receiver,Wireless receiver module that enables synchronized control and coordination of multiple lighting fixtures.,Electrical,http://lighttree.com/PRC-9627
LCL-1726,Holloway,ITEM,High Voltage Electrical,,,,,ACTIVE,94,USD,EA,Wireless Transmitter,Wireless transmitter module that enables synchronized control of multiple lighting fixtures and systems.,Electrical,http://lighttree.com/LCL-1726
LRD-2897,Holloway,ITEM,High Voltage Electrical,,,,,ACTIVE,39,USD,EA,Wireless Lighting Hub,Central hub device that wirelessly controls and synchronizes multiple lighting fixtures and systems.,Electrical,http://lighttree.com/LRD-2897
LRL-2194,Holloway,ITEM,High Voltage Electrical,,,,,ACTIVE,83,USD,EA,Zigbee Dimmer,Dimmer module compatible with Zigbee protocol for wireless and synchronized dimming control of lighting fixtures.,Electrical,http://lighttree.com/LRL-2194
LRM-2168,Holloway,ITEM,High Voltage Electrical,,,,,ACTIVE,25,USD,EA,Zigbee Dimmable Driver,Dimmable driver module compatible with Zigbee protocol for wireless dimming control of lighting fixtures.,Electrical,http://lighttree.com/LRM-2168
RNF-3276,Holloway,ITEM,High Voltage Electrical,,,,,ACTIVE,87,USD,EA,Zigbee Gateway,Gateway device that enables communication and control of Zigbee-based lighting systems.,Electrical,http://lighttree.com/RNF-3276
2510188,McGrey,ITEM,High Voltage Electrical,,,,,ACTIVE,412,USD,EA,U/G Supply To Pole-Mounted Luminaire,High Voltage Electrical - U/G Supply To Pole-Mounted Luminaire,Electrical,http://lighttree.com/2510188
9665304,McGrey,ITEM,High Voltage Electrical,,,,,ACTIVE,422,USD,EA,U/G Supply To Pole-Mounted Luminaire At The,High Voltage Electrical - U/G Supply To Pole-Mounted Luminaire At The,Electrical,http://lighttree.com/9665304
23000362,McGrey,ITEM,High Voltage Electrical,,,,,ACTIVE,455,USD,EA,"Electric Cable In Conduit, 600v","High Voltage Electrical - Electric Cable In Conduit, 600v",Electrical,http://lighttree.com/23000362
81028220,McGrey,ITEM,High Voltage Electrical,,,,,ACTIVE,122,USD,EA,"Underground Conduit, Galvanized Steel, 3"" Dia.","High Voltage Electrical - Underground Conduit, Galvanized Steel, 3"" Dia.",Electrical,http://lighttree.com/81028220
81603000,McGrey,ITEM,High Voltage Electrical,,,,,ACTIVE,55,USD,EA,"Unit Duct, 600v, 2-1c No. 8, 1/C No. 8 Ground, (Xlp-Type Use),","High Voltage Electrical - Unit Duct, 600v, 2-1c No. 8, 1/C No. 8 Ground, (Xlp-Type Use),",Electrical,http://lighttree.com/81603000
81603030,McGrey,ITEM,High Voltage Electrical,,,,,ACTIVE,55,USD,EA,"Unit Duct, 600v, 2-1c No. 4, 1/C No. 6 Ground, (Xlp-Type Use),","High Voltage Electrical - Unit Duct, 600v, 2-1c No. 4, 1/C No. 6 Ground, (Xlp-Type Use),",Electrical,http://lighttree.com/81603030
86000121,McGrey,ITEM,High Voltage Electrical,,,,,ACTIVE,55,USD,EA,"Unit Duct, 600v, 4-1c No.6, 1/C No.6 Ground","High Voltage Electrical - Unit Duct, 600v, 4-1c No.6, 1/C No.6 Ground",Electrical,http://lighttree.com/86000121
86000123,McGrey,ITEM,High Voltage Electrical,,,,,ACTIVE,55,USD,EA,"Unit Duct, 600v, 2-1c No.4, 1/C No.6 Ground","High Voltage Electrical - Unit Duct, 600v, 2-1c No.4, 1/C No.6 Ground",Electrical,http://lighttree.com/86000123
86000124,McGrey,ITEM,High Voltage Electrical,,,,,ACTIVE,55,USD,EA,"Unit Duct, 600v, 2-1c No.2, 1/C No.4 Ground","High Voltage Electrical - Unit Duct, 600v, 2-1c No.2, 1/C No.4 Ground",Electrical,http://lighttree.com/86000124
HPL-9023,McGrey,ITEM,High Voltage Electrical,,,,,ACTIVE,36,USD,EA,High-Efficiency Driver,Driver module with advanced efficiency features to maximize the performance of high-power LEDs.,Electrical,http://lighttree.com/HPL-9023
RPS-6931,McGrey,ITEM,High Voltage Electrical,,,,,ACTIVE,62,USD,EA,DALI Controller,Controller module that enables DALI (Digital Addressable Lighting Interface) control and management of lighting systems.,Electrical,http://lighttree.com/RPS-6931
PPG-9284,McGrey,ITEM,High Voltage Electrical,,,,,ACTIVE,89,USD,EA,DALI Dimmer,DALI-compatible dimmer module that enables smooth and precise dimming control in DALI lighting systems.,Electrical,http://lighttree.com/PPG-9284
PPF-2037,McGrey,ITEM,High Voltage Electrical,,,,,ACTIVE,35,USD,EA,DALI Gateway,Gateway device that enables DALI (Digital Addressable Lighting Interface) control and integration.,Electrical,http://lighttree.com/PPF-2037
GPC-2345,McGrey,ITEM,High Voltage Electrical,,,,,ACTIVE,41,USD,EA,Junction Box,Junction box designed for secure electrical connections in lighting installations.,Electrical,http://lighttree.com/GPC-2345
GPB-8291,Ripley,ITEM,High Voltage Electrical,,,,,ACTIVE,84,USD,EA,Power Distribution Bar,Distribution bar for organized power distribution and connection of lighting fixtures in a centralized manner.,Electrical,http://lighttree.com/GPB-8291
GPB-6742,Ripley,ITEM,High Voltage Electrical,,,,,ACTIVE,33,USD,EA,Power Distribution Block,Distribution block for efficient and organized electrical power distribution in lighting systems.,Electrical,http://lighttree.com/GPB-6742
GPU-4759,Ripley,ITEM,High Voltage Electrical,,,,,ACTIVE,60,USD,EA,Power Converter,State-of-the-art power converter for seamless conversion and regulation of electrical energy.,Electrical,http://lighttree.com/GPU-4759
GPC-3046,Ripley,ITEM,High Voltage Electrical,,,,,ACTIVE,67,USD,EA,Power Extension Cable,Extension cable designed to extend the reach of power connections in lighting setups.,Electrical,http://lighttree.com/GPC-3046
GEC-6752,Ripley,ITEM,High Voltage Electrical,,,,,ACTIVE,46,USD,EA,Power Extension Cord,Extension cord designed to extend the reach of power connections in lighting installations.,Electrical,http://lighttree.com/GEC-6752
CPD-6705,Ripley,ITEM,High Voltage Electrical,,,,,ACTIVE,61,USD,EA,Power Distribution Unit,Centralized power distribution unit for efficient and organized power supply to multiple lighting fixtures.,Electrical,http://lighttree.com/CPD-6705
CPD-2348,Ripley,ITEM,High Voltage Electrical,,,,,ACTIVE,40,USD,EA,RF Dimmer,RF (radio frequency) dimmer module for wireless and synchronized dimming control of lighting fixtures.,Electrical,http://lighttree.com/CPD-2348
CPL-8026,Ripley,ITEM,High Voltage Electrical,,,,,ACTIVE,29,USD,EA,RF Dimmer Switch,Dimmer switch module with RF (radio frequency) technology for wireless and synchronized dimming control.,Electrical,http://lighttree.com/CPL-8026
IPL-5418,Ripley,ITEM,High Voltage Electrical,,,,,ACTIVE,49,USD,EA,RF Gateway,Gateway device that enables RF (radio frequency) communication and integration of lighting control systems.,Electrical,http://lighttree.com/IPL-5418
LRD-7361,Ripley,ITEM,High Voltage Electrical,,,,,ACTIVE,97,USD,EA,RF Gateway,Gateway device that enables RF (radio frequency) communication and integration of lighting control systems.,Electrical,http://lighttree.com/LRD-7361
RRM-5678,Ripley,ITEM,High Voltage Electrical,,,,,ACTIVE,32,USD,EA,RF Remote Controller,Remote controller with RF (radio frequency) technology for wireless and long-range control of lighting fixtures.,Electrical,http://lighttree.com/RRM-5678
BRD-5048,Ripley,ITEM,High Voltage Electrical,,,,,ACTIVE,78,USD,EA,Smart Dimmer,Intelligent dimmer module with integrated smart features for seamless dimming and energy-saving capabilities.,Electrical,http://lighttree.com/BRD-5048
BRD-6105,Ripley,ITEM,High Voltage Electrical,,,,,ACTIVE,68,USD,EA,Surge Protector,Protective device that safeguards lighting systems against power surges and voltage fluctuations.,Electrical,http://lighttree.com/BRD-6105
BRG-8312,Ripley,ITEM,High Voltage Electrical,,,,,ACTIVE,20,USD,EA,DMX Decoder,DMX decoder module that receives and decodes DMX signals for precise and synchronized control of lighting fixtures.,Electrical,http://lighttree.com/BRG-8312
RSE-7025,Lex,ITEM,Lenses,,,,,ACTIVE,40,USD,EA,UV Filter Glass,Glass filter that selectively blocks UV radiation while allowing visible light to pass through,Lighting,http://lighttree.com/RSE-7025
LSD-2398,Lex,ITEM,Lenses,,,,,ACTIVE,30,USD,EA,Polarizing Film,Polarizing film accessory that controls and enhances light polarization for specific lighting requirements.,Lighting,http://lighttree.com/LSD-2398
LSC-8126,Lex,ITEM,Lenses,,,,,ACTIVE,14,USD,EA,Light Shaping Lens,Lens accessory that shapes and directs light output for precise and controlled lighting effects.,Lighting,http://lighttree.com/LSC-8126
LFS-8240,Lex,ITEM,Lenses,,,,,ACTIVE,31,USD,EA,Beam Shaping Lens,Lens accessory that shapes light beams into specific patterns or spreads for artistic lighting effects.,Lighting,http://lighttree.com/LFS-8240
BSM-7130,Lex,ITEM,Lenses,,,,,ACTIVE,21,USD,EA,Light Shield,Protective shield designed to minimize light spill and glare,Lighting,http://lighttree.com/BSM-7130
PGP-9652,Lex,ITEM,Lenses,,,,,ACTIVE,33,USD,EA,UV Filter,UV filter designed to selectively filter out harmful UV radiation while allowing visible light to pass through.,Lighting,http://lighttree.com/PGP-9652
LTL-5847,Lex,ITEM,Lenses,,,,,ACTIVE,28,USD,EA,Prismatic Diffuser,Prismatic diffuser that enhances light dispersion and creates captivating lighting patterns and effects.,Lighting,http://lighttree.com/LTL-5847
RTM-3681,Lex,ITEM,Lenses,,,,,ACTIVE,29,USD,EA,Prismatic Lens,Prismatic lens that enhances light diffusion and creates captivating lighting patterns and visual effects.,Lighting,http://lighttree.com/RTM-3681
RTP-5094,LightLens,ITEM,Lenses,,,,,ACTIVE,10,USD,EA,Prism Diffuser,Diffuser panel with prism pattern designed to refract light,Lighting,http://lighttree.com/RTP-5094
LTP-5674,LightLens,ITEM,Lenses,,,,,ACTIVE,47,USD,EA,Zoom Lens,Variable zoom lens that allows for adjustable beam angles,Lighting,http://lighttree.com/LTP-5674
39000221,Litesource,ITEM,Lenses,,,,,ACTIVE,190,USD,EA,230 cm Acrylic Street Lamp Lens,Lenses - 230 cm Acrylic Street Lamp Lens,Lighting,http://lighttree.com/39000221
39000224,Litesource,ITEM,Lenses,,,,,ACTIVE,203,USD,EA,340 cm Acrylic Street Lamp Lens,Lenses - 340 cm Acrylic Street Lamp Lens,Lighting,http://lighttree.com/39000224
LNT-4293,Litesource,ITEM,Lenses,,,,,ACTIVE,49,USD,EA,Beam Focuser,Precision beam focuser that enables accurate directionality and beam control.,Lighting,http://lighttree.com/LNT-4293
RNT-5129,Litesource,ITEM,Lenses,,,,,ACTIVE,20,USD,EA,Optical Lens,Optical lens with specialized optics for precisely shaping and focusing light beams.,Lighting,http://lighttree.com/RNT-5129
LRM-5961,Litesource,ITEM,Lenses,,,,,ACTIVE,43,USD,EA,Projection Lens,Specialized lens for creating sharp and focused light projections in architectural and entertainment lighting.,Lighting,http://lighttree.com/LRM-5961
IRS-6291,Litesource,ITEM,Lenses,,,,,ACTIVE,11,USD,EA,Reflector Module,Advanced reflector module designed to enhance and amplify light output.,Lighting,http://lighttree.com/IRS-6291
LFS-4637,Litesource,ITEM,Lenses,,,,,ACTIVE,45,USD,EA,Diffusion Lens,Clear lens with optimized diffusion properties for uniform light dispersion.,Lighting,http://lighttree.com/LFS-4637
IWP-3586,Lorel,ITEM,Lenses,,,,,ACTIVE,35,USD,EA,Color Changing Panel,LED panel that offers a wide range of color options and color-changing capabilities for vibrant and dynamic lighting displays.,Lighting,http://lighttree.com/IWP-3586
LWW-8024,Lorel,ITEM,Lenses,,,,,ACTIVE,26,USD,EA,Light Diffuser,Diffuser accessory designed to provide even light distribution and minimize glare in lighting applications.,Lighting,http://lighttree.com/LWW-8024
LSC-6182,Lorel,ITEM,Lenses,,,,,ACTIVE,32,USD,EA,Light Filter,Light filter accessory that modifies and controls the spectral output of light sources for precise color manipulation.,Lighting,http://lighttree.com/LSC-6182
2000287,LightLens,ITEM,Luminaire,,,,,ACTIVE,112,USD,EA,"Luminaire, Metal Halide, Horizontal Mount, 70 Watt, Special","Luminaire - Luminaire, Metal Halide, Horizontal Mount, 70 Watt, Special",Lighting,http://lighttree.com/2000287
8210677,LightLens,ITEM,Luminaire,,,,,ACTIVE,189,USD,EA,"Luminaire, Metal Halide, Horizontal Mount, 400 Watt, Special","Luminaire - Luminaire, Metal Halide, Horizontal Mount, 400 Watt, Special",Lighting,http://lighttree.com/8210677
9665303,LightLens,ITEM,Luminaire,,,,,ACTIVE,950,USD,EA,Cobra Head Luminaire,Luminaire - Cobra Head Luminaire,Lighting,http://lighttree.com/9665303
45000222,LightLens,ITEM,Luminaire,,,,,ACTIVE,774,USD,EA,"Luminaire, Sodium Vapor, Horizontal Mount, 400 Watt","Luminaire - Luminaire, Sodium Vapor, Horizontal Mount, 400 Watt",Lighting,http://lighttree.com/45000222
45000223,LightLens,ITEM,Luminaire,,,,,ACTIVE,774,USD,EA,"Luminaire, Sodium Vapor, Horizontal Mount, 600 Watt","Luminaire - Luminaire, Sodium Vapor, Horizontal Mount, 600 Watt",Lighting,http://lighttree.com/45000223
45000225,LightLens,ITEM,Luminaire,,,,,ACTIVE,774,USD,EA,"Luminaire, Sodium Vapor, Horizontal Mount, 800 Watt","Luminaire - Luminaire, Sodium Vapor, Horizontal Mount, 800 Watt",Lighting,http://lighttree.com/45000225
45000226,LightLens,ITEM,Luminaire,,,,,ACTIVE,774,USD,EA,"Luminaire, Sodium Vapor, Horizontal Mount, 1000 Watt","Luminaire - Luminaire, Sodium Vapor, Horizontal Mount, 1000 Watt",Lighting,http://lighttree.com/45000226
PUI-8357,LightLens,ITEM,Luminaire,,,,,ACTIVE,29,USD,EA,Linear Pendant,Linear pendant light fixture with a sleek and modern design,Lighting,http://lighttree.com/PUI-8357
UVS-6019,LightLens,ITEM,Luminaire,,,,,ACTIVE,30,USD,EA,RGBW Downlight,Recessed downlight with RGBW color output for creating colorful and immersive lighting atmospheres.,Lighting,http://lighttree.com/UVS-6019
PUV-3826,LightLens,ITEM,Luminaire,,,,,ACTIVE,45,USD,EA,RGBW Linear Light,Linear lighting fixture with RGBW color output for dynamic and colorful lighting displays and installations.,Lighting,http://lighttree.com/PUV-3826
RUV-6093,LightLens,ITEM,Luminaire,,,,,ACTIVE,27,USD,EA,Tunable White Bulb,Bulb with tunable white light output,Lighting,http://lighttree.com/RUV-6093
UVS-8326,LightLens,ITEM,Luminaire,,,,,ACTIVE,23,USD,EA,Tunable White Panel,LED panel with tunable white light output,Lighting,http://lighttree.com/UVS-8326
PUC-6593,LightLens,ITEM,Luminaire,,,,,ACTIVE,12,USD,EA,Tunable White Strip,Flexible LED strip with tunable white light output,Lighting,http://lighttree.com/PUC-6593
RVC-5823,LightLens,ITEM,Luminaire,,,,,ACTIVE,42,USD,EA,RGBW Wall Washer,Wall-mounted lighting fixture that delivers wide-angle and uniform RGBW color washes for captivating visual effects.,Lighting,http://lighttree.com/RVC-5823
LTK-1842,Litesource,ITEM,Luminaire,,,,,ACTIVE,27,USD,EA,Linear Pendant,Linear pendant light fixture with a sleek design that provides focused and uniform illumination.,Lighting,http://lighttree.com/LTK-1842
RTP-4926,Litesource,ITEM,Luminaire,,,,,ACTIVE,19,USD,EA,Track Pendant,Pendant light fixture designed for track systems,Lighting,http://lighttree.com/RTP-4926
ITS-1356,Litesource,ITEM,Luminaire,,,,,ACTIVE,47,USD,EA,Outdoor Wall Washer,Outdoor wall-mounted lighting fixture that delivers wide-angle and uniform light washes for architectural and decorative lighting.,Lighting,http://lighttree.com/ITS-1356
HTF-4297,Litesource,ITEM,Luminaire,,,,,ACTIVE,49,USD,EA,Wall Washer,Wall-mounted lighting fixture that provides wide-angle and uniform light washes for architectural and decorative lighting.,Lighting,http://lighttree.com/HTF-4297
LTW-1265,Litesource,ITEM,Luminaire,,,,,ACTIVE,45,USD,EA,RGBW Cove Light,Linear lighting fixture designed for cove lighting applications,Lighting,http://lighttree.com/LTW-1265
LTP-4873,Litesource,ITEM,Luminaire,,,,,ACTIVE,13,USD,EA,Decorative Filament,Decorative filament with unique patterns and designs,Lighting,http://lighttree.com/LTP-4873
LTS-1482,Litesource,ITEM,Luminaire,,,,,ACTIVE,50,USD,EA,Filament,Specialty filament designed to emit a warm and radiant glow reminiscent of vintage lighting.,Lighting,http://lighttree.com/LTS-1482
PDM-5479,Litesource,ITEM,Luminaire,,,,,ACTIVE,30,USD,EA,Wall Sconce,Wall-mounted sconce with a warm and inviting glow,Lighting,http://lighttree.com/PDM-5479
GUV-1267,Litesource,ITEM,Luminaire,,,,,ACTIVE,17,USD,EA,Wall Wash Sconce,Wall-mounted sconce that delivers a soft and uniform wash of light,Lighting,http://lighttree.com/GUV-1267
PFG-4951,Litesource,ITEM,Luminaire,,,,,ACTIVE,35,USD,EA,Illuminator,Unique illuminator that creates a captivating halo effect around the light source.,Lighting,http://lighttree.com/PFG-4951
PUG-9482,Litesource,ITEM,Luminaire,,,,,ACTIVE,22,USD,EA,Linear Diffuser,Linear diffuser with specialized design for even light distribution and reduced hotspots in linear lighting fixtures.,Lighting,http://lighttree.com/PUG-9482
PIC-7206,Litesource,ITEM,Luminaire,,,,,ACTIVE,49,USD,EA,Linear Lens,Linear lens with specific optics for precise light distribution and uniform illumination in linear lighting fixtures.,Lighting,http://lighttree.com/PIC-7206
7900012,F & M,ITEM,Mechanicals,,,,,ACTIVE,5,USD,EA,"Bolt Machine 5/8"" X 10""- 11 Unc Square Head And Nut","Mechanicals - Bolt Machine 5/8"" X 10""- 11 Unc Square Head And Nut",Mechanicals,http://lighttree.com/7900012
7900014,F & M,ITEM,Mechanicals,,,,,ACTIVE,19,USD,EA,"Buckle 3/4"" Banding Steel","Mechanicals - Buckle 3/4"" Banding Steel",Mechanicals,http://lighttree.com/7900014
7900015,F & M,ITEM,Mechanicals,,,,,ACTIVE,3,USD,EA,"Washer Curved Square Galv 2"" X 2"" For 4"" Bolt","Mechanicals - Washer Curved Square Galv 2"" X 2"" For 4"" Bolt",Mechanicals,http://lighttree.com/7900015
9664144,F & M,ITEM,Mechanicals,,,,,ACTIVE,24,USD,EA,"Banding Stainless Steel 0.030"" X 100' Roll","Mechanicals - Banding Stainless Steel 0.030"" X 100' Roll",Mechanicals,http://lighttree.com/9664144
9665306,F & M,ITEM,Mechanicals,,,,,ACTIVE,3,USD,EA,"Washer Galv Square 2"" X 2"" For 3"" Bolt","Mechanicals - Washer Galv Square 2"" X 2"" For 3"" Bolt",Mechanicals,http://lighttree.com/9665306
RVCC-5309,F & M,ITEM,Mechanicals,,,,,ACTIVE,54,USD,EA,Heat Sink Fan Combo,Combination of a heat sink and fan for efficient heat dissipation in lighting fixtures.,Mechanicals,http://lighttree.com/RVCC-5309
RCK-2073,F & M,ITEM,Mechanicals,,,,,ACTIVE,38,USD,EA,Fan Filter Unit,Filter unit with an integrated fan that provides filtered airflow for cooling and dust protection in lighting fixtures.,Mechanicals,http://lighttree.com/RCK-2073
RVS-3582,F & M,ITEM,Mechanicals,,,,,ACTIVE,60,USD,EA,Heat Pipe Cooler,Heat pipe cooler that efficiently dissipates heat from lighting components,Mechanicals,http://lighttree.com/RVS-3582
LWS-4275,F & M,ITEM,Mechanicals,,,,,ACTIVE,27,USD,EA,Silicone Encapsulant,Protective silicone encapsulant that enhances durability and resistance to environmental factors in lighting components.,Mechanicals,http://lighttree.com/LWS-4275
LWS-8124,F & M,ITEM,Mechanicals,,,,,ACTIVE,32,USD,EA,Thermal Interface Material,High-performance thermal interface material that enhances heat transfer between lighting components and heat sinks.,Mechanicals,http://lighttree.com/LWS-8124
HWL-7219,F & M,ITEM,Mechanicals,,,,,ACTIVE,60,USD,EA,Heat Spreader Plate,Heat spreader plate that efficiently distributes heat in lighting systems,Mechanicals,http://lighttree.com/HWL-7219
GWC-4593,F & M,ITEM,Mechanicals,,,,,ACTIVE,20,USD,EA,UV Ink Curing Module,Module that emits UV light for rapid curing of UV-sensitive inks in printing and manufacturing processes.,Mechanicals,http://lighttree.com/GWC-4593
LWC-1468,F & M,ITEM,Mechanicals,,,,,ACTIVE,45,USD,EA,UV-LED Curing Module,Module that emits UV-LED light for rapid curing of adhesives,Mechanicals,http://lighttree.com/LWC-1468
GWJ-9315,Glickman,ITEM,Pedestrian Lighting,,,,,ACTIVE,38,USD,EA,Display Light,Lighting fixture designed for illuminating displays and exhibits with focused and adjustable lighting.,Lighting,http://lighttree.com/GWJ-9315
PWC-7182,Glickman,ITEM,Pedestrian Lighting,,,,,ACTIVE,113,USD,EA,Outdoor Floodlight,Outdoor floodlight with a powerful beam for illuminating large areas and architectural features.,Lighting,http://lighttree.com/PWC-7182
PWD-5371,Glickman,ITEM,Pedestrian Lighting,,,,,ACTIVE,115,USD,EA,Adjustable Floor Lamp,Adjustable floor lamp that provides versatile and directional lighting for various settings.,Lighting,http://lighttree.com/PWD-5371
GWG-7634,Glickman,ITEM,Pedestrian Lighting,,,,,ACTIVE,135,USD,EA,Floor Lamp,Stylish and adjustable floor lamp that provides focused and directional lighting for various settings.,Lighting,http://lighttree.com/GWG-7634
BWH-7132,Glickman,ITEM,Pedestrian Lighting,,,,,ACTIVE,49,USD,EA,Tripod Floor Lamp,Floor lamp with a tripod base that provides stability and adjustable lighting angles.,Lighting,http://lighttree.com/BWH-7132
LWH-6413,Glickman,ITEM,Pedestrian Lighting,,,,,ACTIVE,102,USD,EA,Crystal Ceiling Fan,Ceiling fan with crystal accents that combines airflow and lighting in an elegant design.,Lighting,http://lighttree.com/LWH-6413
GMD-2468,RSQ,ITEM,Pedestrian Lighting,,,,,ACTIVE,155,USD,EA,Crystal Table Lamp,Table lamp adorned with crystals that refract light,Lighting,http://lighttree.com/GMD-2468
GMS-2498,RSQ,ITEM,Pedestrian Lighting,,,,,ACTIVE,27,USD,EA,Crystal Pendant,Elegant pendant light featuring a crystal design that creates a stunning play of light and shadow.,Lighting,http://lighttree.com/GMS-2498
HWR-8246,RSQ,ITEM,Pedestrian Lighting,,,,,ACTIVE,127,USD,EA,Crystal Wall Sconce,Wall-mounted sconce with crystal embellishments that refract light,Lighting,http://lighttree.com/HWR-8246
LRC-8361,RSQ,ITEM,Pedestrian Lighting,,,,,ACTIVE,171,USD,EA,Table Lamp,Table lamp that emits a warm and inviting glow,Lighting,http://lighttree.com/LRC-8361
2530003,McGrey,ITEM,Primary Chassis,,,,,ACTIVE,1290,USD,EA,Pole Concrete 35' Round Class C Direct Buried,Primary Chassis - Pole Concrete 35' Round Class C Direct Buried,Mechanicals,http://lighttree.com/2530003
2530020,McGrey,ITEM,Primary Chassis,,,,,ACTIVE,1180,USD,EA,Pole Concrete 30' Round Class C Direct Buried,Primary Chassis - Pole Concrete 30' Round Class C Direct Buried,Mechanicals,http://lighttree.com/2530020
7903986,McGrey,ITEM,Primary Chassis,,,,,ACTIVE,990,USD,EA,Pole Concrete 25' Round Class C Base Mounted,Primary Chassis - Pole Concrete 25' Round Class C Base Mounted,Mechanicals,http://lighttree.com/7903986
8220072,McGrey,ITEM,Primary Chassis,,,,,ACTIVE,1452,USD,EA,Pole Concrete 40' Round Class C Direct Buried,Primary Chassis - Pole Concrete 40' Round Class C Direct Buried,Mechanicals,http://lighttree.com/8220072
83008200,Flexilux,ITEM,Primary Chassis,,,,,ACTIVE,2398,USD,EA,"Light Pole, Aluminum, 40 Ft. M.H., 6 Ft. Mast Arm Each 17","Primary Chassis - Light Pole, Aluminum, 40 Ft. M.H., 6 Ft. Mast Arm Each 17",Mechanicals,http://lighttree.com/83008200
83008300,Flexilux,ITEM,Primary Chassis,,,,,ACTIVE,4592,USD,EA,"Light Pole, Aluminum, 40 Ft. M.H., 8 Ft. Mast Arm Each 7","Primary Chassis - Light Pole, Aluminum, 40 Ft. M.H., 8 Ft. Mast Arm Each 7",Mechanicals,http://lighttree.com/83008300
83008400,Flexilux,ITEM,Primary Chassis,,,,,ACTIVE,5530,USD,EA,"Light Pole, Aluminum, 40 Ft. M.H., 10 Ft. Mast Arm Each 37","Primary Chassis - Light Pole, Aluminum, 40 Ft. M.H., 10 Ft. Mast Arm Each 37",Mechanicals,http://lighttree.com/83008400
89820200,Flexilux,ITEM,Primary Chassis,,,,,ACTIVE,2349,USD,EA,"Light Pole, Galvanized Steel, 50 Ft. M.H., 12 Ft. Mast Arm, Twin","Primary Chassis - Light Pole, Galvanized Steel, 50 Ft. M.H., 12 Ft. Mast Arm, Twin",Mechanicals,http://lighttree.com/89820200
83600200,Brewers,ITEM,Primary Foundation,,,,,ACTIVE,1287,USD,EA,"Light Pole Foundation, 24"" Diameter","Primary Foundation - Light Pole Foundation, 24"" Diameter",Mechanicals,http://lighttree.com/83600200
83600300,Brewers,ITEM,Primary Foundation,,,,,ACTIVE,1456,USD,EA,"Light Pole Foundation, 30"" Diameter","Primary Foundation - Light Pole Foundation, 30"" Diameter",Mechanicals,http://lighttree.com/83600300
LTK-4962,Exclusive,ITEM,Secondary Chassis,,,,,ACTIVE,32,USD,EA,Cooling Fan,High-performance cooling fan designed to maintain optimal operating temperatures for lighting fixtures.,Mechanicals,http://lighttree.com/LTK-4962
LTP-9674,Exclusive,ITEM,Secondary Chassis,,,,,ACTIVE,14,USD,EA,Liquid Cooling Kit,Comprehensive liquid cooling kit for efficient heat dissipation in high-performance lighting systems.,Mechanicals,http://lighttree.com/LTP-9674
BWT-1054,Exclusive,ITEM,Secondary Chassis,,,,,ACTIVE,46,USD,EA,Vapor Cooling Kit,Comprehensive vapor cooling kit for efficient heat dissipation in high-temperature lighting systems.,Mechanicals,http://lighttree.com/BWT-1054
LWC-6012,Exclusive,ITEM,Secondary Chassis,,,,,ACTIVE,76,USD,EA,Heat Pipe,Heat pipe solution for effective and efficient heat dissipation in high-temperature lighting environments.,Mechanicals,http://lighttree.com/LWC-6012
LWD-9612,Exclusive,ITEM,Secondary Chassis,,,,,ACTIVE,45,USD,EA,Liquid Cooling Radiator,Radiator component for liquid cooling systems that efficiently dissipates heat from lighting fixtures.,Mechanicals,http://lighttree.com/LWD-9612
LWD-2374,Exclusive,ITEM,Secondary Chassis,,,,,ACTIVE,22,USD,EA,Fanless Heat Sink,Fanless heat sink solution for silent and efficient heat dissipation in noise-sensitive environments.,Mechanicals,http://lighttree.com/LWD-2374
LWK-2746,Exclusive,ITEM,Secondary Chassis,,,,,ACTIVE,60,USD,EA,Liquid Cooling System,Comprehensive liquid cooling system for effective heat dissipation in high-powered lighting setups.,Mechanicals,http://lighttree.com/LWK-2746
GWP-7501,Exclusive,ITEM,Secondary Chassis,,,,,ACTIVE,17,USD,EA,Vapor Cooling System,Vapor cooling system for efficient heat dissipation in high-power and high-temperature lighting applications.,Mechanicals,http://lighttree.com/GWP-7501
LWS-7912,Exclusive,ITEM,Secondary Chassis,,,,,ACTIVE,56,USD,EA,Heat Sink,Efficient heat sink with advanced thermal management capabilities for dissipating excess heat.,Mechanicals,http://lighttree.com/LWS-7912
BZD-5938,Exclusive,ITEM,Secondary Chassis,,,,,ACTIVE,23,USD,EA,Thermal Pad,High-performance thermal pad designed to efficiently transfer heat away from lighting components for thermal management.,Mechanicals,http://lighttree.com/BZD-5938
BZD-5197,Exclusive,ITEM,Secondary Chassis,,,,,ACTIVE,74,USD,EA,Waterproof Connector,Waterproof connector designed to ensure secure and reliable connections in outdoor lighting setups.,Mechanicals,http://lighttree.com/BZD-5197
BZG-1462,Exclusive,ITEM,Secondary Chassis,,,,,ACTIVE,59,USD,EA,Waveform Controller,Controller module that generates dynamic lighting waveforms for creating stunning visual effects and patterns.,Mechanicals,http://lighttree.com/BZG-1462
BMZ-5779,Exclusive,ITEM,Secondary Chassis,,,,,ACTIVE,20,USD,EA,Linear Light Guide,Linear light guide designed to distribute light evenly and efficiently in linear lighting applications.,Mechanicals,http://lighttree.com/BMZ-5779
BZD-3569,F & M,ITEM,Secondary Chassis,,,,,ACTIVE,29,USD,EA,Light Guide Rod,Light guide rod for efficient and uniform light distribution in lighting fixtures and displays.,Mechanicals,http://lighttree.com/BZD-3569
BZG-6809,F & M,ITEM,Secondary Chassis,,,,,ACTIVE,60,USD,EA,Weatherproof Junction Box,Durable and weatherproof junction box for secure electrical connections in outdoor lighting applications.,Mechanicals,http://lighttree.com/BZG-6809
9664145,Total Source,ITEM,Secondary Chassis,,,,,ACTIVE,833,USD,EA,Bracket Al Tapered 6' Reach,Secondary Chassis - Bracket Al Tapered 6' Reach,Mechanicals,http://lighttree.com/9664145
9664146,Total Source,ITEM,Secondary Chassis,,,,,ACTIVE,1032,USD,EA,Bracket Al Tapered 8' Reach,Secondary Chassis - Bracket Al Tapered 8' Reach,Mechanicals,http://lighttree.com/9664146
9664147,Total Source,ITEM,Secondary Chassis,,,,,ACTIVE,976,USD,EA,Bracket Al Tapered 7' Rise,Secondary Chassis - Bracket Al Tapered 7' Rise,Mechanicals,http://lighttree.com/9664147