﻿levelType,code,catalogType,name,description,emissionsFactorGroup.factorCode,sourceLink
CATEGORY,Capacitors,ITEM,Capacitors,Capacitors,Computer and electronic products,https://spexx.com/catalog/Capacitors
CATEGORY,Filters,ITEM,Filters,Filters,Computer and electronic products,https://spexx.com/catalog/Filters
CATEGORY,Inductors,ITEM,Inductors,Inductors,Computer and electronic products,https://spexx.com/catalog/Inductors
CATEGORY,Thermistors,ITEM,Thermistors,Thermistors,Computer and electronic products,https://spexx.com/catalog/Thermistors
