﻿order.orderIdentifier,orderLineNumber,order.orderType,product.partNumber,shipFromInstructionLocation.locationIdentifier,shipToLocation.locationIdentifier,status,createdDate,requestedShipDate,requestedDeliveryDate,plannedShipDate,plannedDeliveryDate,quantity,quantityUnits,productValue,value,valueCurrency
X000103336,100,INBOUND,CAP-6208,Monterro - Kyoto,Spexx - Singapore,,2023-08-15T00:00:00Z,2023-08-17T00:00:00Z,2023-08-27T00:00:00Z,2023-08-17T00:00:00Z,2023-08-27T00:00:00Z,5120,EA,2.07,10609,USD
X000103337,100,INBOUND,CAP-7654,Monterro - Kyoto,Spexx - Singapore,,2023-08-15T00:00:00Z,2023-08-17T00:00:00Z,2023-08-27T00:00:00Z,2023-08-17T00:00:00Z,2023-08-27T00:00:00Z,750,EA,2.29,1716,USD
X000103338,100,INBOUND,CAP-3996,Monterro - Kyoto,Spexx - Singapore,,2023-08-15T00:00:00Z,2023-08-17T00:00:00Z,2023-08-27T00:00:00Z,2023-08-17T00:00:00Z,2023-08-27T00:00:00Z,750,EA,1.52,1139,USD
X000103339,100,INBOUND,CAP-9832,Monterro - Kyoto,Spexx - Singapore,,2023-08-15T00:00:00Z,2023-08-17T00:00:00Z,2023-08-27T00:00:00Z,2023-08-17T00:00:00Z,2023-08-27T00:00:00Z,560,EA,1.65,923,USD
X000103340,100,INBOUND,CAP-2714,Monterro - Kyoto,Spexx - Singapore,,2023-08-15T00:00:00Z,2023-08-17T00:00:00Z,2023-08-27T00:00:00Z,2023-08-17T00:00:00Z,2023-08-27T00:00:00Z,560,EA,2.63,1473,USD
X000103341,100,INBOUND,CAP-8191,Monterro - Kyoto,Spexx - Singapore,,2023-08-15T00:00:00Z,2023-08-17T00:00:00Z,2023-08-27T00:00:00Z,2023-08-17T00:00:00Z,2023-08-27T00:00:00Z,440,EA,1.79,789,USD
X000103342,100,INBOUND,CAP-8865,Monterro - Kyoto,Spexx - Singapore,,2023-08-15T00:00:00Z,2023-08-17T00:00:00Z,2023-08-27T00:00:00Z,2023-08-17T00:00:00Z,2023-08-27T00:00:00Z,1240,EA,2.84,3519,USD
X000103343,100,INBOUND,CAP-5506,Monterro - Kyoto,Spexx - Singapore,,2023-08-15T00:00:00Z,2023-08-17T00:00:00Z,2023-08-27T00:00:00Z,2023-08-17T00:00:00Z,2023-08-27T00:00:00Z,440,EA,1.59,700,USD
X000103344,100,INBOUND,CAP-1050,Monterro - Kyoto,Spexx - Singapore,,2023-08-15T00:00:00Z,2023-08-17T00:00:00Z,2023-08-27T00:00:00Z,2023-08-17T00:00:00Z,2023-08-27T00:00:00Z,560,EA,1.11,621,USD
X000103345,100,INBOUND,CAP-5977,Monterro - Kyoto,Spexx - Singapore,,2023-08-15T00:00:00Z,2023-08-17T00:00:00Z,2023-08-27T00:00:00Z,2023-08-17T00:00:00Z,2023-08-27T00:00:00Z,14000,EA,1.14,15903,USD
X000103346,100,INBOUND,CAP-4796,Monterro - Kyoto,Spexx - Singapore,,2023-08-15T00:00:00Z,2023-08-17T00:00:00Z,2023-08-27T00:00:00Z,2023-08-17T00:00:00Z,2023-08-27T00:00:00Z,14000,EA,1.71,24000,USD
X000103347,100,INBOUND,CAP-1644,Monterro - Kyoto,Spexx - Singapore,,2023-08-15T00:00:00Z,2023-08-17T00:00:00Z,2023-08-27T00:00:00Z,2023-08-17T00:00:00Z,2023-08-27T00:00:00Z,14000,EA,1.44,20132,USD
X000103348,100,INBOUND,CAP-3658,Monterro - Kyoto,Spexx - Singapore,,2023-08-15T00:00:00Z,2023-08-17T00:00:00Z,2023-08-27T00:00:00Z,2023-08-17T00:00:00Z,2023-08-27T00:00:00Z,14000,EA,1.82,25494,USD
X000103349,100,INBOUND,CAP-8747,Monterro - Kyoto,Spexx - Singapore,,2023-08-15T00:00:00Z,2023-08-17T00:00:00Z,2023-08-27T00:00:00Z,2023-08-17T00:00:00Z,2023-08-27T00:00:00Z,14000,EA,2.91,40749,USD
X000103350,100,INBOUND,CAP-9438,Monterro - Kyoto,Spexx - Singapore,,2023-08-15T00:00:00Z,2023-08-17T00:00:00Z,2023-08-27T00:00:00Z,2023-08-17T00:00:00Z,2023-08-27T00:00:00Z,14000,EA,2.13,29871,USD
X000103351,100,INBOUND,CAP-2263,Monterro - Kyoto,Spexx - Singapore,,2023-08-15T00:00:00Z,2023-08-17T00:00:00Z,2023-08-27T00:00:00Z,2023-08-17T00:00:00Z,2023-08-27T00:00:00Z,14000,EA,2.20,30822,USD
X000103352,100,INBOUND,CAP-8588,Monterro - Kyoto,Spexx - Singapore,,2023-08-15T00:00:00Z,2023-08-17T00:00:00Z,2023-08-27T00:00:00Z,2023-08-17T00:00:00Z,2023-08-27T00:00:00Z,14000,EA,1.31,18317,USD
X000103353,100,INBOUND,CAP-1348,Monterro - Kyoto,Spexx - Singapore,,2023-08-15T00:00:00Z,2023-08-17T00:00:00Z,2023-08-27T00:00:00Z,2023-08-17T00:00:00Z,2023-08-27T00:00:00Z,14000,EA,1.63,22793,USD
X000103354,100,INBOUND,CAP-6181,Monterro - Kyoto,Spexx - Singapore,,2023-08-15T00:00:00Z,2023-08-17T00:00:00Z,2023-08-27T00:00:00Z,2023-08-17T00:00:00Z,2023-08-27T00:00:00Z,14000,EA,2.58,36175,USD
X000103355,100,INBOUND,CAP-5001,Monterro - Kyoto,Spexx - Singapore,,2023-08-15T00:00:00Z,2023-08-17T00:00:00Z,2023-08-27T00:00:00Z,2023-08-17T00:00:00Z,2023-08-27T00:00:00Z,14000,EA,2.47,34634,USD
X000103356,100,INBOUND,CAP-2660,Monterro - Kyoto,Spexx - Singapore,,2023-08-15T00:00:00Z,2023-08-17T00:00:00Z,2023-08-27T00:00:00Z,2023-08-17T00:00:00Z,2023-08-27T00:00:00Z,14000,EA,1.49,20910,USD
X000103357,100,INBOUND,CAP-8251,Monterro - Kyoto,Spexx - Singapore,,2023-08-15T00:00:00Z,2023-08-17T00:00:00Z,2023-08-27T00:00:00Z,2023-08-17T00:00:00Z,2023-08-27T00:00:00Z,3200,EA,1.71,5458,USD
X000103358,100,INBOUND,CAP-1987,Monterro - Kyoto,Spexx - Singapore,,2023-08-15T00:00:00Z,2023-08-17T00:00:00Z,2023-08-27T00:00:00Z,2023-08-17T00:00:00Z,2023-08-27T00:00:00Z,1240,EA,1.19,1480,USD
X000103359,100,INBOUND,CAP-2111,Monterro - Kyoto,Spexx - Singapore,,2023-08-15T00:00:00Z,2023-08-17T00:00:00Z,2023-08-27T00:00:00Z,2023-08-17T00:00:00Z,2023-08-27T00:00:00Z,3200,EA,1.71,5477,USD
X000103360,100,INBOUND,CAP-8104,Monterro - Kyoto,Spexx - Singapore,,2023-08-15T00:00:00Z,2023-08-17T00:00:00Z,2023-08-27T00:00:00Z,2023-08-17T00:00:00Z,2023-08-27T00:00:00Z,1240,EA,2.89,3579,USD
X000103398,100,INBOUND,CAP-3864,Monterro - Kyoto,Spexx - Singapore,,2023-08-15T00:00:00Z,2023-08-17T00:00:00Z,2023-08-27T00:00:00Z,2023-08-17T00:00:00Z,2023-08-27T00:00:00Z,1240,EA,1.20,1488,USD
X000103399,100,INBOUND,CAP-2313,Monterro - Kyoto,Spexx - Singapore,,2023-08-15T00:00:00Z,2023-08-17T00:00:00Z,2023-08-27T00:00:00Z,2023-08-17T00:00:00Z,2023-08-27T00:00:00Z,1240,EA,2.10,2602,USD
X000103521,100,INBOUND,CAP-9150,Monterro - Kyoto,Spexx - Singapore,,2023-08-15T00:00:00Z,2023-08-17T00:00:00Z,2023-08-27T00:00:00Z,2023-08-17T00:00:00Z,2023-08-27T00:00:00Z,750,EA,1.15,865,USD
X000103522,100,INBOUND,CAP-8039,Monterro - Kyoto,Spexx - Singapore,,2023-08-15T00:00:00Z,2023-08-17T00:00:00Z,2023-08-27T00:00:00Z,2023-08-17T00:00:00Z,2023-08-27T00:00:00Z,750,EA,2.47,1856,USD
X000103523,100,INBOUND,CAP-5383,Monterro - Kyoto,Spexx - Singapore,,2023-08-15T00:00:00Z,2023-08-17T00:00:00Z,2023-08-27T00:00:00Z,2023-08-17T00:00:00Z,2023-08-27T00:00:00Z,5120,EA,1.57,8058,USD
X000103524,100,INBOUND,CAP-3195,Monterro - Kyoto,Spexx - Singapore,,2023-08-15T00:00:00Z,2023-08-17T00:00:00Z,2023-08-27T00:00:00Z,2023-08-17T00:00:00Z,2023-08-27T00:00:00Z,750,EA,1.49,1114,USD
X000103525,100,INBOUND,CAP-7757,Monterro - Kyoto,Spexx - Singapore,,2023-08-15T00:00:00Z,2023-08-17T00:00:00Z,2023-08-27T00:00:00Z,2023-08-17T00:00:00Z,2023-08-27T00:00:00Z,1240,EA,2.09,2597,USD
X000103526,100,INBOUND,CAP-1357,Monterro - Kyoto,Spexx - Singapore,,2023-08-15T00:00:00Z,2023-08-17T00:00:00Z,2023-08-27T00:00:00Z,2023-08-17T00:00:00Z,2023-08-27T00:00:00Z,750,EA,1.26,942,USD
X000103527,100,INBOUND,CAP-4822,Monterro - Kyoto,Spexx - Singapore,,2023-08-15T00:00:00Z,2023-08-17T00:00:00Z,2023-08-27T00:00:00Z,2023-08-17T00:00:00Z,2023-08-27T00:00:00Z,5120,EA,2.11,10806,USD
X000103528,100,INBOUND,CAP-5663,Monterro - Kyoto,Spexx - Singapore,,2023-08-15T00:00:00Z,2023-08-17T00:00:00Z,2023-08-27T00:00:00Z,2023-08-17T00:00:00Z,2023-08-27T00:00:00Z,5120,EA,1.44,7397,USD
X000103529,100,INBOUND,CAP-6796,Monterro - Kyoto,Spexx - Singapore,,2023-08-15T00:00:00Z,2023-08-17T00:00:00Z,2023-08-27T00:00:00Z,2023-08-17T00:00:00Z,2023-08-27T00:00:00Z,560,EA,2.20,1235,USD
X000103530,100,INBOUND,CAP-8410,Monterro - Kyoto,Spexx - Singapore,,2023-08-15T00:00:00Z,2023-08-17T00:00:00Z,2023-08-27T00:00:00Z,2023-08-17T00:00:00Z,2023-08-27T00:00:00Z,560,EA,2.03,1135,USD
X000103531,100,INBOUND,CAP-8241,Monterro - Kyoto,Spexx - Singapore,,2023-08-15T00:00:00Z,2023-08-17T00:00:00Z,2023-08-27T00:00:00Z,2023-08-17T00:00:00Z,2023-08-27T00:00:00Z,750,EA,2.92,2189,USD
X000103532,100,INBOUND,CAP-8726,Monterro - Kyoto,Spexx - Singapore,,2023-08-15T00:00:00Z,2023-08-17T00:00:00Z,2023-08-27T00:00:00Z,2023-08-17T00:00:00Z,2023-08-27T00:00:00Z,440,EA,1.61,708,USD
X000103533,100,INBOUND,CAP-2765,Monterro - Kyoto,Spexx - Singapore,,2023-08-15T00:00:00Z,2023-08-17T00:00:00Z,2023-08-27T00:00:00Z,2023-08-17T00:00:00Z,2023-08-27T00:00:00Z,440,EA,1.02,449,USD
X000103534,100,INBOUND,FIL-6243,Monterro - Kyoto,Spexx - Singapore,,2023-08-15T00:00:00Z,2023-08-17T00:00:00Z,2023-08-27T00:00:00Z,2023-08-17T00:00:00Z,2023-08-27T00:00:00Z,560,EA,2.19,1224,USD
X000103535,100,INBOUND,IND-6061,Monterro - Kyoto,Spexx - Singapore,,2023-08-15T00:00:00Z,2023-08-17T00:00:00Z,2023-08-27T00:00:00Z,2023-08-17T00:00:00Z,2023-08-27T00:00:00Z,440,EA,2.47,1088,USD
X000103536,100,INBOUND,IND-8854,Monterro - Kyoto,Spexx - Singapore,,2023-08-15T00:00:00Z,2023-08-17T00:00:00Z,2023-08-27T00:00:00Z,2023-08-17T00:00:00Z,2023-08-27T00:00:00Z,750,EA,1.83,1370,USD
X000103537,100,INBOUND,IND-7885,Monterro - Kyoto,Spexx - Singapore,,2023-08-15T00:00:00Z,2023-08-17T00:00:00Z,2023-08-27T00:00:00Z,2023-08-17T00:00:00Z,2023-08-27T00:00:00Z,750,EA,2.82,2111,USD
X000103538,100,INBOUND,IND-8436,Monterro - Kyoto,Spexx - Singapore,,2023-08-15T00:00:00Z,2023-08-17T00:00:00Z,2023-08-27T00:00:00Z,2023-08-17T00:00:00Z,2023-08-27T00:00:00Z,750,EA,1.98,1485,USD
X000103539,100,INBOUND,IND-7447,Monterro - Kyoto,Spexx - Singapore,,2023-08-15T00:00:00Z,2023-08-17T00:00:00Z,2023-08-27T00:00:00Z,2023-08-17T00:00:00Z,2023-08-27T00:00:00Z,560,EA,2.65,1486,USD
X000103540,100,INBOUND,IND-6102,Monterro - Kyoto,Spexx - Singapore,,2023-08-15T00:00:00Z,2023-08-17T00:00:00Z,2023-08-27T00:00:00Z,2023-08-17T00:00:00Z,2023-08-27T00:00:00Z,1240,EA,1.97,2445,USD
X000103541,100,INBOUND,IND-7550,Monterro - Kyoto,Spexx - Singapore,,2023-08-15T00:00:00Z,2023-08-17T00:00:00Z,2023-08-27T00:00:00Z,2023-08-17T00:00:00Z,2023-08-27T00:00:00Z,750,EA,1.42,1063,USD
X000103542,100,INBOUND,IND-8973,Monterro - Kyoto,Spexx - Singapore,,2023-08-15T00:00:00Z,2023-08-17T00:00:00Z,2023-08-27T00:00:00Z,2023-08-17T00:00:00Z,2023-08-27T00:00:00Z,5120,EA,1.48,7576,USD
X000103543,100,INBOUND,IND-9603,Monterro - Kyoto,Spexx - Singapore,,2023-08-15T00:00:00Z,2023-08-17T00:00:00Z,2023-08-27T00:00:00Z,2023-08-17T00:00:00Z,2023-08-27T00:00:00Z,560,EA,1.81,1012,USD
X000103544,100,INBOUND,IND-1554,Monterro - Kyoto,Spexx - Singapore,,2023-08-15T00:00:00Z,2023-08-17T00:00:00Z,2023-08-27T00:00:00Z,2023-08-17T00:00:00Z,2023-08-27T00:00:00Z,750,EA,1.78,1336,USD
X000103545,100,INBOUND,IND-6739,Monterro - Kyoto,Spexx - Singapore,,2023-08-15T00:00:00Z,2023-08-17T00:00:00Z,2023-08-27T00:00:00Z,2023-08-17T00:00:00Z,2023-08-27T00:00:00Z,5120,EA,1.12,5747,USD
X000103546,100,INBOUND,IND-6878,Monterro - Kyoto,Spexx - Singapore,,2023-08-15T00:00:00Z,2023-08-17T00:00:00Z,2023-08-27T00:00:00Z,2023-08-17T00:00:00Z,2023-08-27T00:00:00Z,440,EA,1.88,828,USD
X000103547,100,INBOUND,IND-8458,Monterro - Kyoto,Spexx - Singapore,,2023-08-15T00:00:00Z,2023-08-17T00:00:00Z,2023-08-27T00:00:00Z,2023-08-17T00:00:00Z,2023-08-27T00:00:00Z,5120,EA,2.72,13919,USD
X000103548,100,INBOUND,IND-3167,Monterro - Kyoto,Spexx - Singapore,,2023-08-15T00:00:00Z,2023-08-17T00:00:00Z,2023-08-27T00:00:00Z,2023-08-17T00:00:00Z,2023-08-27T00:00:00Z,560,EA,2.31,1296,USD
X000103549,100,INBOUND,IND-7593,Monterro - Kyoto,Spexx - Singapore,,2023-08-15T00:00:00Z,2023-08-17T00:00:00Z,2023-08-27T00:00:00Z,2023-08-17T00:00:00Z,2023-08-27T00:00:00Z,440,EA,1.60,706,USD
X000103550,100,INBOUND,IND-6782,Monterro - Kyoto,Spexx - Singapore,,2023-08-15T00:00:00Z,2023-08-17T00:00:00Z,2023-08-27T00:00:00Z,2023-08-17T00:00:00Z,2023-08-27T00:00:00Z,750,EA,2.17,1630,USD
X000103588,100,INBOUND,IND-3360,Monterro - Kyoto,Spexx - Singapore,,2023-08-15T00:00:00Z,2023-08-17T00:00:00Z,2023-08-27T00:00:00Z,2023-08-17T00:00:00Z,2023-08-27T00:00:00Z,14000,EA,2.23,31171,USD
X000103589,100,INBOUND,IND-7600,Monterro - Kyoto,Spexx - Singapore,,2023-08-15T00:00:00Z,2023-08-17T00:00:00Z,2023-08-27T00:00:00Z,2023-08-17T00:00:00Z,2023-08-27T00:00:00Z,14000,EA,1.60,22431,USD
X000103711,100,INBOUND,IND-6706,Monterro - Kyoto,Spexx - Singapore,,2023-08-15T00:00:00Z,2023-08-17T00:00:00Z,2023-08-27T00:00:00Z,2023-08-17T00:00:00Z,2023-08-27T00:00:00Z,5120,EA,1.10,5620,USD
X000103712,100,INBOUND,IND-4990,Monterro - Kyoto,Spexx - Singapore,,2023-08-15T00:00:00Z,2023-08-17T00:00:00Z,2023-08-27T00:00:00Z,2023-08-17T00:00:00Z,2023-08-27T00:00:00Z,560,EA,1.44,805,USD
X000103713,100,INBOUND,IND-9750,Monterro - Kyoto,Spexx - Singapore,,2023-08-15T00:00:00Z,2023-08-17T00:00:00Z,2023-08-27T00:00:00Z,2023-08-17T00:00:00Z,2023-08-27T00:00:00Z,560,EA,1.10,614,USD
X000103714,100,INBOUND,IND-9878,Monterro - Kyoto,Spexx - Singapore,,2023-08-15T00:00:00Z,2023-08-17T00:00:00Z,2023-08-27T00:00:00Z,2023-08-17T00:00:00Z,2023-08-27T00:00:00Z,750,EA,2.77,2078,USD
X000103715,100,INBOUND,IND-1399,Monterro - Kyoto,Spexx - Singapore,,2023-08-15T00:00:00Z,2023-08-17T00:00:00Z,2023-08-27T00:00:00Z,2023-08-17T00:00:00Z,2023-08-27T00:00:00Z,750,EA,1.21,906,USD
X000103716,100,INBOUND,IND-4845,Monterro - Kyoto,Spexx - Singapore,,2023-08-15T00:00:00Z,2023-08-17T00:00:00Z,2023-08-27T00:00:00Z,2023-08-17T00:00:00Z,2023-08-27T00:00:00Z,5120,EA,2.83,14511,USD
X000103717,100,INBOUND,IND-8535,Monterro - Kyoto,Spexx - Singapore,,2023-08-15T00:00:00Z,2023-08-17T00:00:00Z,2023-08-27T00:00:00Z,2023-08-17T00:00:00Z,2023-08-27T00:00:00Z,750,EA,2.29,1719,USD
X000103718,100,INBOUND,IND-7445,Monterro - Kyoto,Spexx - Singapore,,2023-08-15T00:00:00Z,2023-08-17T00:00:00Z,2023-08-27T00:00:00Z,2023-08-17T00:00:00Z,2023-08-27T00:00:00Z,1240,EA,2.25,2788,USD
X000103719,100,INBOUND,IND-8803,Monterro - Kyoto,Spexx - Singapore,,2023-08-15T00:00:00Z,2023-08-17T00:00:00Z,2023-08-27T00:00:00Z,2023-08-17T00:00:00Z,2023-08-27T00:00:00Z,750,EA,1.14,853,USD
X000103720,100,INBOUND,IND-5972,Monterro - Kyoto,Spexx - Singapore,,2023-08-15T00:00:00Z,2023-08-17T00:00:00Z,2023-08-27T00:00:00Z,2023-08-17T00:00:00Z,2023-08-27T00:00:00Z,5120,EA,2.00,10266,USD
X000103721,100,INBOUND,IND-6223,Monterro - Kyoto,Spexx - Singapore,,2023-08-15T00:00:00Z,2023-08-17T00:00:00Z,2023-08-27T00:00:00Z,2023-08-17T00:00:00Z,2023-08-27T00:00:00Z,5120,EA,1.22,6259,USD
X000103722,100,INBOUND,IND-4828,Monterro - Kyoto,Spexx - Singapore,,2023-08-15T00:00:00Z,2023-08-17T00:00:00Z,2023-08-27T00:00:00Z,2023-08-17T00:00:00Z,2023-08-27T00:00:00Z,560,EA,2.59,1451,USD
X000103723,100,INBOUND,IND-2921,Monterro - Kyoto,Spexx - Singapore,,2023-08-15T00:00:00Z,2023-08-17T00:00:00Z,2023-08-27T00:00:00Z,2023-08-17T00:00:00Z,2023-08-27T00:00:00Z,560,EA,2.90,1626,USD
X000103724,100,INBOUND,IND-6523,Monterro - Kyoto,Spexx - Singapore,,2023-08-15T00:00:00Z,2023-08-17T00:00:00Z,2023-08-27T00:00:00Z,2023-08-17T00:00:00Z,2023-08-27T00:00:00Z,750,EA,2.40,1799,USD
X000103725,100,INBOUND,IND-4517,Monterro - Kyoto,Spexx - Singapore,,2023-08-15T00:00:00Z,2023-08-17T00:00:00Z,2023-08-27T00:00:00Z,2023-08-17T00:00:00Z,2023-08-27T00:00:00Z,440,EA,2.59,1140,USD
X000103726,100,INBOUND,IND-7166,Monterro - Kyoto,Spexx - Singapore,,2023-08-15T00:00:00Z,2023-08-17T00:00:00Z,2023-08-27T00:00:00Z,2023-08-17T00:00:00Z,2023-08-27T00:00:00Z,440,EA,2.27,998,USD
X000103727,100,INBOUND,IND-2617,Monterro - Kyoto,Spexx - Singapore,,2023-08-15T00:00:00Z,2023-08-17T00:00:00Z,2023-08-27T00:00:00Z,2023-08-17T00:00:00Z,2023-08-27T00:00:00Z,560,EA,2.05,1147,USD
X000103728,100,INBOUND,IND-8447,Monterro - Kyoto,Spexx - Singapore,,2023-08-15T00:00:00Z,2023-08-17T00:00:00Z,2023-08-27T00:00:00Z,2023-08-17T00:00:00Z,2023-08-27T00:00:00Z,440,EA,1.22,536,USD
X000103729,100,INBOUND,IND-7149,Monterro - Kyoto,Spexx - Singapore,,2023-08-15T00:00:00Z,2023-08-17T00:00:00Z,2023-08-27T00:00:00Z,2023-08-17T00:00:00Z,2023-08-27T00:00:00Z,560,EA,2.55,1428,USD
X000103730,100,INBOUND,IND-3671,Monterro - Kyoto,Spexx - Singapore,,2023-08-15T00:00:00Z,2023-08-17T00:00:00Z,2023-08-27T00:00:00Z,2023-08-17T00:00:00Z,2023-08-27T00:00:00Z,560,EA,2.03,1139,USD
X000103731,100,INBOUND,IND-1968,Monterro - Kyoto,Spexx - Singapore,,2023-08-15T00:00:00Z,2023-08-17T00:00:00Z,2023-08-27T00:00:00Z,2023-08-17T00:00:00Z,2023-08-27T00:00:00Z,440,EA,1.63,715,USD
X000103732,100,INBOUND,IND-1437,Monterro - Kyoto,Spexx - Singapore,,2023-08-15T00:00:00Z,2023-08-17T00:00:00Z,2023-08-27T00:00:00Z,2023-08-17T00:00:00Z,2023-08-27T00:00:00Z,440,EA,2.78,1224,USD
X000103733,100,INBOUND,THR-3049,Monterro - Kyoto,Spexx - Singapore,,2023-08-15T00:00:00Z,2023-08-17T00:00:00Z,2023-08-27T00:00:00Z,2023-08-17T00:00:00Z,2023-08-27T00:00:00Z,1240,EA,2.46,3052,USD
X000103734,100,INBOUND,CAP-2071,Monterro - Kyoto,Spexx - Singapore,,2023-08-15T00:00:00Z,2023-08-17T00:00:00Z,2023-08-27T00:00:00Z,2023-08-17T00:00:00Z,2023-08-27T00:00:00Z,440,EA,1.30,572,USD
X000103735,100,INBOUND,CAP-1613,Monterro - Kyoto,Spexx - Singapore,,2023-08-15T00:00:00Z,2023-08-17T00:00:00Z,2023-08-27T00:00:00Z,2023-08-17T00:00:00Z,2023-08-27T00:00:00Z,440,EA,1.18,520,USD
X000103736,100,INBOUND,CAP-4362,Monterro - Kyoto,Spexx - Singapore,,2023-08-15T00:00:00Z,2023-08-17T00:00:00Z,2023-08-27T00:00:00Z,2023-08-17T00:00:00Z,2023-08-27T00:00:00Z,560,EA,2.72,1525,USD
X000103737,100,INBOUND,CAP-4438,Monterro - Kyoto,Spexx - Singapore,,2023-08-15T00:00:00Z,2023-08-17T00:00:00Z,2023-08-27T00:00:00Z,2023-08-17T00:00:00Z,2023-08-27T00:00:00Z,560,EA,1.14,637,USD
X000103738,100,INBOUND,CAP-5233,Monterro - Kyoto,Spexx - Singapore,,2023-08-15T00:00:00Z,2023-08-17T00:00:00Z,2023-08-27T00:00:00Z,2023-08-17T00:00:00Z,2023-08-27T00:00:00Z,5120,EA,1.81,9279,USD
X000103739,100,INBOUND,CAP-8582,Monterro - Kyoto,Spexx - Singapore,,2023-08-15T00:00:00Z,2023-08-17T00:00:00Z,2023-08-27T00:00:00Z,2023-08-17T00:00:00Z,2023-08-27T00:00:00Z,440,EA,1.13,497,USD
X000103740,100,INBOUND,CAP-5148,Monterro - Kyoto,Spexx - Singapore,,2023-08-15T00:00:00Z,2023-08-17T00:00:00Z,2023-08-27T00:00:00Z,2023-08-17T00:00:00Z,2023-08-27T00:00:00Z,5120,EA,2.76,14142,USD
X000103778,100,INBOUND,CAP-8522,Monterro - Kyoto,Spexx - Singapore,,2023-08-15T00:00:00Z,2023-08-17T00:00:00Z,2023-08-27T00:00:00Z,2023-08-17T00:00:00Z,2023-08-27T00:00:00Z,5120,EA,2.19,11225,USD
X000103779,100,INBOUND,CAP-4715,Monterro - Kyoto,Spexx - Singapore,,2023-08-15T00:00:00Z,2023-08-17T00:00:00Z,2023-08-27T00:00:00Z,2023-08-17T00:00:00Z,2023-08-27T00:00:00Z,440,EA,1.06,464,USD
X000103901,100,INBOUND,CAP-8165,Monterro - Kyoto,Spexx - Singapore,,2023-09-15T00:00:00Z,2023-09-17T00:00:00Z,2023-09-27T00:00:00Z,2023-09-17T00:00:00Z,2023-09-27T00:00:00Z,440,EA,1.71,751,USD
X000103902,100,INBOUND,CAP-5090,Monterro - Kyoto,Spexx - Singapore,,2023-09-15T00:00:00Z,2023-09-17T00:00:00Z,2023-09-27T00:00:00Z,2023-09-17T00:00:00Z,2023-09-27T00:00:00Z,560,EA,2.86,1599,USD
X000103903,100,INBOUND,CAP-4902,Monterro - Kyoto,Spexx - Singapore,,2023-09-15T00:00:00Z,2023-09-17T00:00:00Z,2023-09-27T00:00:00Z,2023-09-17T00:00:00Z,2023-09-27T00:00:00Z,560,EA,2.98,1670,USD
X000103904,100,INBOUND,CAP-2661,Monterro - Kyoto,Spexx - Singapore,,2023-09-15T00:00:00Z,2023-09-17T00:00:00Z,2023-09-27T00:00:00Z,2023-09-17T00:00:00Z,2023-09-27T00:00:00Z,5120,EA,1.58,8077,USD
X000103905,100,INBOUND,CAP-7931,Monterro - Kyoto,Spexx - Singapore,,2023-09-15T00:00:00Z,2023-09-17T00:00:00Z,2023-09-27T00:00:00Z,2023-09-17T00:00:00Z,2023-09-27T00:00:00Z,440,EA,1.08,475,USD
X000103906,100,INBOUND,CAP-8130,Monterro - Kyoto,Spexx - Singapore,,2023-09-15T00:00:00Z,2023-09-17T00:00:00Z,2023-09-27T00:00:00Z,2023-09-17T00:00:00Z,2023-09-27T00:00:00Z,5120,EA,2.24,11451,USD
X000103907,100,INBOUND,CAP-6713,Monterro - Kyoto,Spexx - Singapore,,2023-09-15T00:00:00Z,2023-09-17T00:00:00Z,2023-09-27T00:00:00Z,2023-09-17T00:00:00Z,2023-09-27T00:00:00Z,560,EA,1.97,1105,USD
X000103908,100,INBOUND,CAP-1851,Monterro - Kyoto,Spexx - Singapore,,2023-09-15T00:00:00Z,2023-09-17T00:00:00Z,2023-09-27T00:00:00Z,2023-09-17T00:00:00Z,2023-09-27T00:00:00Z,5120,EA,2.14,10952,USD
X000103909,100,INBOUND,CAP-8034,Monterro - Kyoto,Spexx - Singapore,,2023-09-15T00:00:00Z,2023-09-17T00:00:00Z,2023-09-27T00:00:00Z,2023-09-17T00:00:00Z,2023-09-27T00:00:00Z,440,EA,2.20,970,USD
X000103910,100,INBOUND,CAP-6852,Monterro - Kyoto,Spexx - Singapore,,2023-09-15T00:00:00Z,2023-09-17T00:00:00Z,2023-09-27T00:00:00Z,2023-09-17T00:00:00Z,2023-09-27T00:00:00Z,5120,EA,2.20,11240,USD
X000103911,100,INBOUND,CAP-7487,Monterro - Kyoto,Spexx - Singapore,,2023-09-15T00:00:00Z,2023-09-17T00:00:00Z,2023-09-27T00:00:00Z,2023-09-17T00:00:00Z,2023-09-27T00:00:00Z,440,EA,2.20,967,USD
X000103912,100,INBOUND,CAP-3302,Monterro - Kyoto,Spexx - Singapore,,2023-09-15T00:00:00Z,2023-09-17T00:00:00Z,2023-09-27T00:00:00Z,2023-09-17T00:00:00Z,2023-09-27T00:00:00Z,5120,EA,1.87,9584,USD
X000103913,100,INBOUND,CAP-3185,Monterro - Kyoto,Spexx - Singapore,,2023-09-15T00:00:00Z,2023-09-17T00:00:00Z,2023-09-27T00:00:00Z,2023-09-17T00:00:00Z,2023-09-27T00:00:00Z,750,EA,1.23,919,USD
X000103914,100,INBOUND,CAP-4449,Monterro - Kyoto,Spexx - Singapore,,2023-09-15T00:00:00Z,2023-09-17T00:00:00Z,2023-09-27T00:00:00Z,2023-09-17T00:00:00Z,2023-09-27T00:00:00Z,5120,EA,2.86,14661,USD
X000103915,100,INBOUND,CAP-8554,Monterro - Kyoto,Spexx - Singapore,,2023-09-15T00:00:00Z,2023-09-17T00:00:00Z,2023-09-27T00:00:00Z,2023-09-17T00:00:00Z,2023-09-27T00:00:00Z,560,EA,1.09,611,USD
X000103916,100,INBOUND,CAP-3871,Monterro - Kyoto,Spexx - Singapore,,2023-09-15T00:00:00Z,2023-09-17T00:00:00Z,2023-09-27T00:00:00Z,2023-09-17T00:00:00Z,2023-09-27T00:00:00Z,750,EA,1.54,1157,USD
X000103917,100,INBOUND,CAP-1130,Monterro - Kyoto,Spexx - Singapore,,2023-09-15T00:00:00Z,2023-09-17T00:00:00Z,2023-09-27T00:00:00Z,2023-09-17T00:00:00Z,2023-09-27T00:00:00Z,440,EA,1.86,818,USD
X000103918,100,INBOUND,CAP-6971,Monterro - Kyoto,Spexx - Singapore,,2023-09-15T00:00:00Z,2023-09-17T00:00:00Z,2023-09-27T00:00:00Z,2023-09-17T00:00:00Z,2023-09-27T00:00:00Z,440,EA,2.38,1046,USD
X000103919,100,INBOUND,CAP-7773,Monterro - Kyoto,Spexx - Singapore,,2023-09-15T00:00:00Z,2023-09-17T00:00:00Z,2023-09-27T00:00:00Z,2023-09-17T00:00:00Z,2023-09-27T00:00:00Z,1240,EA,1.99,2466,USD
X000103920,100,INBOUND,CAP-7697,Monterro - Kyoto,Spexx - Singapore,,2023-09-15T00:00:00Z,2023-09-17T00:00:00Z,2023-09-27T00:00:00Z,2023-09-17T00:00:00Z,2023-09-27T00:00:00Z,440,EA,1.18,517,USD
X000103921,100,INBOUND,CAP-1415,Monterro - Kyoto,Spexx - Singapore,,2023-09-15T00:00:00Z,2023-09-17T00:00:00Z,2023-09-27T00:00:00Z,2023-09-17T00:00:00Z,2023-09-27T00:00:00Z,440,EA,1.72,755,USD
X000103922,100,INBOUND,CAP-6208,Monterro - Kyoto,Spexx - Singapore,,2023-09-15T00:00:00Z,2023-09-17T00:00:00Z,2023-09-27T00:00:00Z,2023-09-17T00:00:00Z,2023-09-27T00:00:00Z,560,EA,2.07,1160,USD
X000103923,100,INBOUND,CAP-7654,Monterro - Kyoto,Spexx - Singapore,,2023-09-15T00:00:00Z,2023-09-17T00:00:00Z,2023-09-27T00:00:00Z,2023-09-17T00:00:00Z,2023-09-27T00:00:00Z,560,EA,2.29,1281,USD
X000103924,100,INBOUND,CAP-3996,Monterro - Kyoto,Spexx - Singapore,,2023-09-15T00:00:00Z,2023-09-17T00:00:00Z,2023-09-27T00:00:00Z,2023-09-17T00:00:00Z,2023-09-27T00:00:00Z,440,EA,1.52,668,USD
X000103925,100,INBOUND,CAP-9832,Monterro - Kyoto,Spexx - Singapore,,2023-09-15T00:00:00Z,2023-09-17T00:00:00Z,2023-09-27T00:00:00Z,2023-09-17T00:00:00Z,2023-09-27T00:00:00Z,440,EA,1.65,725,USD
X000103926,100,INBOUND,CAP-2714,Monterro - Kyoto,Spexx - Singapore,,2023-09-15T00:00:00Z,2023-09-17T00:00:00Z,2023-09-27T00:00:00Z,2023-09-17T00:00:00Z,2023-09-27T00:00:00Z,1240,EA,2.63,3261,USD
X000103927,100,INBOUND,CAP-8191,Monterro - Kyoto,Spexx - Singapore,,2023-09-15T00:00:00Z,2023-09-17T00:00:00Z,2023-09-27T00:00:00Z,2023-09-17T00:00:00Z,2023-09-27T00:00:00Z,440,EA,1.79,789,USD
X000103928,100,INBOUND,CAP-8865,Monterro - Kyoto,Spexx - Singapore,,2023-09-15T00:00:00Z,2023-09-17T00:00:00Z,2023-09-27T00:00:00Z,2023-09-17T00:00:00Z,2023-09-27T00:00:00Z,440,EA,2.84,1249,USD
X000103929,100,INBOUND,CAP-5506,Monterro - Kyoto,Spexx - Singapore,,2023-09-15T00:00:00Z,2023-09-17T00:00:00Z,2023-09-27T00:00:00Z,2023-09-17T00:00:00Z,2023-09-27T00:00:00Z,560,EA,1.59,891,USD
X000103930,100,INBOUND,CAP-1050,Monterro - Kyoto,Spexx - Singapore,,2023-09-15T00:00:00Z,2023-09-17T00:00:00Z,2023-09-27T00:00:00Z,2023-09-17T00:00:00Z,2023-09-27T00:00:00Z,560,EA,1.11,621,USD
X000103968,100,INBOUND,CAP-5977,Monterro - Kyoto,Spexx - Singapore,,2023-09-15T00:00:00Z,2023-09-17T00:00:00Z,2023-09-27T00:00:00Z,2023-09-17T00:00:00Z,2023-09-27T00:00:00Z,440,EA,1.14,500,USD
X000103969,100,INBOUND,CAP-4796,Monterro - Kyoto,Spexx - Singapore,,2023-09-15T00:00:00Z,2023-09-17T00:00:00Z,2023-09-27T00:00:00Z,2023-09-17T00:00:00Z,2023-09-27T00:00:00Z,560,EA,1.71,960,USD
X000104091,100,INBOUND,CAP-1644,Monterro - Kyoto,Spexx - Singapore,,2023-09-15T00:00:00Z,2023-09-17T00:00:00Z,2023-09-27T00:00:00Z,2023-09-17T00:00:00Z,2023-09-27T00:00:00Z,1240,EA,1.44,1783,USD
X000104092,100,INBOUND,CAP-3658,Monterro - Kyoto,Spexx - Singapore,,2023-09-15T00:00:00Z,2023-09-17T00:00:00Z,2023-09-27T00:00:00Z,2023-09-17T00:00:00Z,2023-09-27T00:00:00Z,3200,EA,1.82,5827,USD
X000104093,100,INBOUND,CAP-8747,Monterro - Kyoto,Spexx - Singapore,,2023-09-15T00:00:00Z,2023-09-17T00:00:00Z,2023-09-27T00:00:00Z,2023-09-17T00:00:00Z,2023-09-27T00:00:00Z,1240,EA,2.91,3609,USD
X000104094,100,INBOUND,CAP-9438,Monterro - Kyoto,Spexx - Singapore,,2023-09-15T00:00:00Z,2023-09-17T00:00:00Z,2023-09-27T00:00:00Z,2023-09-17T00:00:00Z,2023-09-27T00:00:00Z,3200,EA,2.13,6828,USD
X000104095,100,INBOUND,CAP-2263,Monterro - Kyoto,Spexx - Singapore,,2023-09-15T00:00:00Z,2023-09-17T00:00:00Z,2023-09-27T00:00:00Z,2023-09-17T00:00:00Z,2023-09-27T00:00:00Z,3200,EA,2.20,7045,USD
X000104096,100,INBOUND,CAP-8588,Monterro - Kyoto,Spexx - Singapore,,2023-09-15T00:00:00Z,2023-09-17T00:00:00Z,2023-09-27T00:00:00Z,2023-09-17T00:00:00Z,2023-09-27T00:00:00Z,3200,EA,1.31,4187,USD
X000104097,100,INBOUND,CAP-1348,Monterro - Kyoto,Spexx - Singapore,,2023-09-15T00:00:00Z,2023-09-17T00:00:00Z,2023-09-27T00:00:00Z,2023-09-17T00:00:00Z,2023-09-27T00:00:00Z,1240,EA,1.63,2019,USD
X000104098,100,INBOUND,CAP-6181,Monterro - Kyoto,Spexx - Singapore,,2023-09-15T00:00:00Z,2023-09-17T00:00:00Z,2023-09-27T00:00:00Z,2023-09-17T00:00:00Z,2023-09-27T00:00:00Z,1240,EA,2.58,3204,USD
X000104099,100,INBOUND,CAP-5001,Monterro - Kyoto,Spexx - Singapore,,2023-09-15T00:00:00Z,2023-09-17T00:00:00Z,2023-09-27T00:00:00Z,2023-09-17T00:00:00Z,2023-09-27T00:00:00Z,1240,EA,2.47,3068,USD
X000104100,100,INBOUND,CAP-2660,Monterro - Kyoto,Spexx - Singapore,,2023-09-15T00:00:00Z,2023-09-17T00:00:00Z,2023-09-27T00:00:00Z,2023-09-17T00:00:00Z,2023-09-27T00:00:00Z,1240,EA,1.49,1852,USD
X000104101,100,INBOUND,CAP-8251,Monterro - Kyoto,Spexx - Singapore,,2023-09-15T00:00:00Z,2023-09-17T00:00:00Z,2023-09-27T00:00:00Z,2023-09-17T00:00:00Z,2023-09-27T00:00:00Z,1240,EA,1.71,2115,USD
X000104102,100,INBOUND,CAP-1987,Monterro - Kyoto,Spexx - Singapore,,2023-09-15T00:00:00Z,2023-09-17T00:00:00Z,2023-09-27T00:00:00Z,2023-09-17T00:00:00Z,2023-09-27T00:00:00Z,3200,EA,1.19,3819,USD
X000104103,100,INBOUND,CAP-2111,Monterro - Kyoto,Spexx - Singapore,,2023-09-15T00:00:00Z,2023-09-17T00:00:00Z,2023-09-27T00:00:00Z,2023-09-17T00:00:00Z,2023-09-27T00:00:00Z,3200,EA,1.71,5477,USD
X000104104,100,INBOUND,CAP-8104,Monterro - Kyoto,Spexx - Singapore,,2023-09-15T00:00:00Z,2023-09-17T00:00:00Z,2023-09-27T00:00:00Z,2023-09-17T00:00:00Z,2023-09-27T00:00:00Z,3200,EA,2.89,9235,USD
X000104105,100,INBOUND,CAP-3864,Monterro - Kyoto,Spexx - Singapore,,2023-09-15T00:00:00Z,2023-09-17T00:00:00Z,2023-09-27T00:00:00Z,2023-09-17T00:00:00Z,2023-09-27T00:00:00Z,3200,EA,1.20,3840,USD
X000104106,100,INBOUND,CAP-2313,Monterro - Kyoto,Spexx - Singapore,,2023-09-15T00:00:00Z,2023-09-17T00:00:00Z,2023-09-27T00:00:00Z,2023-09-17T00:00:00Z,2023-09-27T00:00:00Z,1240,EA,2.10,2602,USD
X000104107,100,INBOUND,CAP-9150,Monterro - Kyoto,Spexx - Singapore,,2023-09-15T00:00:00Z,2023-09-17T00:00:00Z,2023-09-27T00:00:00Z,2023-09-17T00:00:00Z,2023-09-27T00:00:00Z,1240,EA,1.15,1431,USD
X000104108,100,INBOUND,CAP-8039,Monterro - Kyoto,Spexx - Singapore,,2023-09-15T00:00:00Z,2023-09-17T00:00:00Z,2023-09-27T00:00:00Z,2023-09-17T00:00:00Z,2023-09-27T00:00:00Z,1240,EA,2.47,3069,USD
X000104109,100,INBOUND,CAP-5383,Monterro - Kyoto,Spexx - Singapore,,2023-09-15T00:00:00Z,2023-09-17T00:00:00Z,2023-09-27T00:00:00Z,2023-09-17T00:00:00Z,2023-09-27T00:00:00Z,1240,EA,1.57,1952,USD
X000104110,100,INBOUND,CAP-3195,Monterro - Kyoto,Spexx - Singapore,,2023-09-15T00:00:00Z,2023-09-17T00:00:00Z,2023-09-27T00:00:00Z,2023-09-17T00:00:00Z,2023-09-27T00:00:00Z,3200,EA,1.49,4755,USD
X000104111,100,INBOUND,CAP-7757,Monterro - Kyoto,Spexx - Singapore,,2023-09-15T00:00:00Z,2023-09-17T00:00:00Z,2023-09-27T00:00:00Z,2023-09-17T00:00:00Z,2023-09-27T00:00:00Z,1240,EA,2.09,2597,USD
X000104112,100,INBOUND,CAP-1357,Monterro - Kyoto,Spexx - Singapore,,2023-09-15T00:00:00Z,2023-09-17T00:00:00Z,2023-09-27T00:00:00Z,2023-09-17T00:00:00Z,2023-09-27T00:00:00Z,3200,EA,1.26,4021,USD
X000104113,100,INBOUND,CAP-4822,Monterro - Kyoto,Spexx - Singapore,,2023-09-15T00:00:00Z,2023-09-17T00:00:00Z,2023-09-27T00:00:00Z,2023-09-17T00:00:00Z,2023-09-27T00:00:00Z,1240,EA,2.11,2617,USD
X000104114,100,INBOUND,CAP-5663,Monterro - Kyoto,Spexx - Singapore,,2023-09-15T00:00:00Z,2023-09-17T00:00:00Z,2023-09-27T00:00:00Z,2023-09-17T00:00:00Z,2023-09-27T00:00:00Z,1240,EA,1.44,1791,USD
X000104115,100,INBOUND,CAP-6796,Monterro - Kyoto,Spexx - Singapore,,2023-09-15T00:00:00Z,2023-09-17T00:00:00Z,2023-09-27T00:00:00Z,2023-09-17T00:00:00Z,2023-09-27T00:00:00Z,1240,EA,2.20,2734,USD
X000104116,100,INBOUND,CAP-8410,Monterro - Kyoto,Spexx - Singapore,,2023-09-15T00:00:00Z,2023-09-17T00:00:00Z,2023-09-27T00:00:00Z,2023-09-17T00:00:00Z,2023-09-27T00:00:00Z,3200,EA,2.03,6486,USD
X000104117,100,INBOUND,CAP-8241,Monterro - Kyoto,Spexx - Singapore,,2023-09-15T00:00:00Z,2023-09-17T00:00:00Z,2023-09-27T00:00:00Z,2023-09-17T00:00:00Z,2023-09-27T00:00:00Z,1240,EA,2.92,3619,USD
X000104118,100,INBOUND,CAP-8726,Monterro - Kyoto,Spexx - Singapore,,2023-09-15T00:00:00Z,2023-09-17T00:00:00Z,2023-09-27T00:00:00Z,2023-09-17T00:00:00Z,2023-09-27T00:00:00Z,3200,EA,1.61,5152,USD
X000104119,100,INBOUND,CAP-2765,Monterro - Kyoto,Spexx - Singapore,,2023-09-15T00:00:00Z,2023-09-17T00:00:00Z,2023-09-27T00:00:00Z,2023-09-17T00:00:00Z,2023-09-27T00:00:00Z,3200,EA,1.02,3268,USD
X000104120,100,INBOUND,FIL-6243,Monterro - Kyoto,Spexx - Singapore,,2023-09-15T00:00:00Z,2023-09-17T00:00:00Z,2023-09-27T00:00:00Z,2023-09-17T00:00:00Z,2023-09-27T00:00:00Z,3200,EA,2.19,6997,USD
X000104158,100,INBOUND,IND-6061,Monterro - Kyoto,Spexx - Singapore,,2023-09-15T00:00:00Z,2023-09-17T00:00:00Z,2023-09-27T00:00:00Z,2023-09-17T00:00:00Z,2023-09-27T00:00:00Z,440,EA,2.47,1088,USD
X000104159,100,INBOUND,IND-8854,Monterro - Kyoto,Spexx - Singapore,,2023-09-15T00:00:00Z,2023-09-17T00:00:00Z,2023-09-27T00:00:00Z,2023-09-17T00:00:00Z,2023-09-27T00:00:00Z,1240,EA,1.83,2264,USD
X000104281,100,INBOUND,IND-7885,Monterro - Kyoto,Spexx - Singapore,,2023-09-15T00:00:00Z,2023-09-17T00:00:00Z,2023-09-27T00:00:00Z,2023-09-17T00:00:00Z,2023-09-27T00:00:00Z,14000,EA,2.82,39411,USD
X000104282,100,INBOUND,IND-8436,Monterro - Kyoto,Spexx - Singapore,,2023-09-15T00:00:00Z,2023-09-17T00:00:00Z,2023-09-27T00:00:00Z,2023-09-17T00:00:00Z,2023-09-27T00:00:00Z,14000,EA,1.98,27721,USD
X000104283,100,INBOUND,IND-7447,Monterro - Kyoto,Spexx - Singapore,,2023-09-15T00:00:00Z,2023-09-17T00:00:00Z,2023-09-27T00:00:00Z,2023-09-17T00:00:00Z,2023-09-27T00:00:00Z,14000,EA,2.65,37155,USD
X000104284,100,INBOUND,IND-6102,Monterro - Kyoto,Spexx - Singapore,,2023-09-15T00:00:00Z,2023-09-17T00:00:00Z,2023-09-27T00:00:00Z,2023-09-17T00:00:00Z,2023-09-27T00:00:00Z,14000,EA,1.97,27610,USD
X000104285,100,INBOUND,IND-7550,Monterro - Kyoto,Spexx - Singapore,,2023-09-15T00:00:00Z,2023-09-17T00:00:00Z,2023-09-27T00:00:00Z,2023-09-17T00:00:00Z,2023-09-27T00:00:00Z,14000,EA,1.42,19849,USD
X000104286,100,INBOUND,IND-8973,Monterro - Kyoto,Spexx - Singapore,,2023-09-15T00:00:00Z,2023-09-17T00:00:00Z,2023-09-27T00:00:00Z,2023-09-17T00:00:00Z,2023-09-27T00:00:00Z,14000,EA,1.48,20714,USD
X000104287,100,INBOUND,IND-9603,Monterro - Kyoto,Spexx - Singapore,,2023-09-15T00:00:00Z,2023-09-17T00:00:00Z,2023-09-27T00:00:00Z,2023-09-17T00:00:00Z,2023-09-27T00:00:00Z,14000,EA,1.81,25311,USD
X000104288,100,INBOUND,IND-1554,Monterro - Kyoto,Spexx - Singapore,,2023-09-15T00:00:00Z,2023-09-17T00:00:00Z,2023-09-27T00:00:00Z,2023-09-17T00:00:00Z,2023-09-27T00:00:00Z,14000,EA,1.78,24934,USD
X000104289,100,INBOUND,IND-6739,Monterro - Kyoto,Spexx - Singapore,,2023-09-15T00:00:00Z,2023-09-17T00:00:00Z,2023-09-27T00:00:00Z,2023-09-17T00:00:00Z,2023-09-27T00:00:00Z,3200,EA,1.12,3592,USD
X000104290,100,INBOUND,IND-6878,Monterro - Kyoto,Spexx - Singapore,,2023-09-15T00:00:00Z,2023-09-17T00:00:00Z,2023-09-27T00:00:00Z,2023-09-17T00:00:00Z,2023-09-27T00:00:00Z,1240,EA,1.88,2333,USD
X000104291,100,INBOUND,IND-8458,Monterro - Kyoto,Spexx - Singapore,,2023-09-15T00:00:00Z,2023-09-17T00:00:00Z,2023-09-27T00:00:00Z,2023-09-17T00:00:00Z,2023-09-27T00:00:00Z,3200,EA,2.72,8700,USD
X000104292,100,INBOUND,IND-3167,Monterro - Kyoto,Spexx - Singapore,,2023-09-15T00:00:00Z,2023-09-17T00:00:00Z,2023-09-27T00:00:00Z,2023-09-17T00:00:00Z,2023-09-27T00:00:00Z,1240,EA,2.31,2869,USD
X000104293,100,INBOUND,IND-7593,Monterro - Kyoto,Spexx - Singapore,,2023-09-15T00:00:00Z,2023-09-17T00:00:00Z,2023-09-27T00:00:00Z,2023-09-17T00:00:00Z,2023-09-27T00:00:00Z,3200,EA,1.60,5135,USD
X000104294,100,INBOUND,IND-6782,Monterro - Kyoto,Spexx - Singapore,,2023-09-15T00:00:00Z,2023-09-17T00:00:00Z,2023-09-27T00:00:00Z,2023-09-17T00:00:00Z,2023-09-27T00:00:00Z,3200,EA,2.17,6953,USD
X000104295,100,INBOUND,IND-3360,Monterro - Kyoto,Spexx - Singapore,,2023-09-15T00:00:00Z,2023-09-17T00:00:00Z,2023-09-27T00:00:00Z,2023-09-17T00:00:00Z,2023-09-27T00:00:00Z,1240,EA,2.23,2761,USD
X000104296,100,INBOUND,IND-7600,Monterro - Kyoto,Spexx - Singapore,,2023-09-15T00:00:00Z,2023-09-17T00:00:00Z,2023-09-27T00:00:00Z,2023-09-17T00:00:00Z,2023-09-27T00:00:00Z,3200,EA,1.60,5127,USD
X000104297,100,INBOUND,IND-6706,Monterro - Kyoto,Spexx - Singapore,,2023-09-15T00:00:00Z,2023-09-17T00:00:00Z,2023-09-27T00:00:00Z,2023-09-17T00:00:00Z,2023-09-27T00:00:00Z,3200,EA,1.10,3512,USD
X000104298,100,INBOUND,IND-4990,Monterro - Kyoto,Spexx - Singapore,,2023-09-15T00:00:00Z,2023-09-17T00:00:00Z,2023-09-27T00:00:00Z,2023-09-17T00:00:00Z,2023-09-27T00:00:00Z,1240,EA,1.44,1783,USD
X000104299,100,INBOUND,IND-9750,Monterro - Kyoto,Spexx - Singapore,,2023-09-15T00:00:00Z,2023-09-17T00:00:00Z,2023-09-27T00:00:00Z,2023-09-17T00:00:00Z,2023-09-27T00:00:00Z,3200,EA,1.10,3509,USD
X000104300,100,INBOUND,IND-9878,Monterro - Kyoto,Spexx - Singapore,,2023-09-15T00:00:00Z,2023-09-17T00:00:00Z,2023-09-27T00:00:00Z,2023-09-17T00:00:00Z,2023-09-27T00:00:00Z,1240,EA,2.77,3436,USD
X000104301,100,INBOUND,IND-1399,Monterro - Kyoto,Spexx - Singapore,,2023-09-15T00:00:00Z,2023-09-17T00:00:00Z,2023-09-27T00:00:00Z,2023-09-17T00:00:00Z,2023-09-27T00:00:00Z,1240,EA,1.21,1498,USD
X000104302,100,INBOUND,IND-4845,Monterro - Kyoto,Spexx - Singapore,,2023-09-15T00:00:00Z,2023-09-17T00:00:00Z,2023-09-27T00:00:00Z,2023-09-17T00:00:00Z,2023-09-27T00:00:00Z,1240,EA,2.83,3514,USD
X000104303,100,INBOUND,IND-8535,Monterro - Kyoto,Spexx - Singapore,,2023-09-15T00:00:00Z,2023-09-17T00:00:00Z,2023-09-27T00:00:00Z,2023-09-17T00:00:00Z,2023-09-27T00:00:00Z,3200,EA,2.29,7335,USD
X000104304,100,INBOUND,IND-7445,Monterro - Kyoto,Spexx - Singapore,,2023-09-15T00:00:00Z,2023-09-17T00:00:00Z,2023-09-27T00:00:00Z,2023-09-17T00:00:00Z,2023-09-27T00:00:00Z,1240,EA,2.25,2788,USD
X000104305,100,INBOUND,IND-8803,Monterro - Kyoto,Spexx - Singapore,,2023-09-15T00:00:00Z,2023-09-17T00:00:00Z,2023-09-27T00:00:00Z,2023-09-17T00:00:00Z,2023-09-27T00:00:00Z,3200,EA,1.14,3640,USD
X000104306,100,INBOUND,IND-5972,Monterro - Kyoto,Spexx - Singapore,,2023-09-15T00:00:00Z,2023-09-17T00:00:00Z,2023-09-27T00:00:00Z,2023-09-17T00:00:00Z,2023-09-27T00:00:00Z,3200,EA,2.00,6416,USD
X000104307,100,INBOUND,IND-6223,Monterro - Kyoto,Spexx - Singapore,,2023-09-15T00:00:00Z,2023-09-17T00:00:00Z,2023-09-27T00:00:00Z,2023-09-17T00:00:00Z,2023-09-27T00:00:00Z,3200,EA,1.22,3912,USD
X000104308,100,INBOUND,IND-4828,Monterro - Kyoto,Spexx - Singapore,,2023-09-15T00:00:00Z,2023-09-17T00:00:00Z,2023-09-27T00:00:00Z,2023-09-17T00:00:00Z,2023-09-27T00:00:00Z,3200,EA,2.59,8289,USD
X000104309,100,INBOUND,IND-2921,Monterro - Kyoto,Spexx - Singapore,,2023-09-15T00:00:00Z,2023-09-17T00:00:00Z,2023-09-27T00:00:00Z,2023-09-17T00:00:00Z,2023-09-27T00:00:00Z,3200,EA,2.90,9289,USD
X000104310,100,INBOUND,IND-6523,Monterro - Kyoto,Spexx - Singapore,,2023-09-15T00:00:00Z,2023-09-17T00:00:00Z,2023-09-27T00:00:00Z,2023-09-17T00:00:00Z,2023-09-27T00:00:00Z,3200,EA,2.40,7676,USD
X000104348,100,INBOUND,IND-4517,Monterro - Kyoto,Spexx - Singapore,,2023-10-15T00:00:00Z,2023-10-17T00:00:00Z,2023-10-27T00:00:00Z,2023-10-17T00:00:00Z,2023-10-27T00:00:00Z,1240,EA,2.59,3213,USD
X000104349,100,INBOUND,IND-7166,Monterro - Kyoto,Spexx - Singapore,,2023-10-15T00:00:00Z,2023-10-17T00:00:00Z,2023-10-27T00:00:00Z,2023-10-17T00:00:00Z,2023-10-27T00:00:00Z,3200,EA,2.27,7255,USD
X000104471,100,INBOUND,IND-2617,Monterro - Kyoto,Spexx - Singapore,,2023-10-15T00:00:00Z,2023-10-17T00:00:00Z,2023-10-27T00:00:00Z,2023-10-17T00:00:00Z,2023-10-27T00:00:00Z,560,EA,2.05,1147,USD
X000104472,100,INBOUND,IND-8447,Monterro - Kyoto,Spexx - Singapore,,2023-10-15T00:00:00Z,2023-10-17T00:00:00Z,2023-10-27T00:00:00Z,2023-10-17T00:00:00Z,2023-10-27T00:00:00Z,1240,EA,1.22,1509,USD
X000104473,100,INBOUND,IND-7149,Monterro - Kyoto,Spexx - Singapore,,2023-10-15T00:00:00Z,2023-10-17T00:00:00Z,2023-10-27T00:00:00Z,2023-10-17T00:00:00Z,2023-10-27T00:00:00Z,750,EA,2.55,1913,USD
X000104474,100,INBOUND,IND-3671,Monterro - Kyoto,Spexx - Singapore,,2023-10-15T00:00:00Z,2023-10-17T00:00:00Z,2023-10-27T00:00:00Z,2023-10-17T00:00:00Z,2023-10-27T00:00:00Z,5120,EA,2.03,10416,USD
X000104475,100,INBOUND,IND-1968,Monterro - Kyoto,Spexx - Singapore,,2023-10-15T00:00:00Z,2023-10-17T00:00:00Z,2023-10-27T00:00:00Z,2023-10-17T00:00:00Z,2023-10-27T00:00:00Z,560,EA,1.63,910,USD
X000104476,100,INBOUND,IND-1437,Monterro - Kyoto,Spexx - Singapore,,2023-10-15T00:00:00Z,2023-10-17T00:00:00Z,2023-10-27T00:00:00Z,2023-10-17T00:00:00Z,2023-10-27T00:00:00Z,750,EA,2.78,2087,USD
X000104477,100,INBOUND,THR-3049,Monterro - Kyoto,Spexx - Singapore,,2023-10-15T00:00:00Z,2023-10-17T00:00:00Z,2023-10-27T00:00:00Z,2023-10-17T00:00:00Z,2023-10-27T00:00:00Z,5120,EA,2.46,12603,USD
X000104478,100,INBOUND,CAP-2071,Monterro - Kyoto,Spexx - Singapore,,2023-10-15T00:00:00Z,2023-10-17T00:00:00Z,2023-10-27T00:00:00Z,2023-10-17T00:00:00Z,2023-10-27T00:00:00Z,440,EA,1.30,572,USD
X000104479,100,INBOUND,CAP-1613,Monterro - Kyoto,Spexx - Singapore,,2023-10-15T00:00:00Z,2023-10-17T00:00:00Z,2023-10-27T00:00:00Z,2023-10-17T00:00:00Z,2023-10-27T00:00:00Z,5120,EA,1.18,6047,USD
X000104480,100,INBOUND,CAP-4362,Monterro - Kyoto,Spexx - Singapore,,2023-10-15T00:00:00Z,2023-10-17T00:00:00Z,2023-10-27T00:00:00Z,2023-10-17T00:00:00Z,2023-10-27T00:00:00Z,560,EA,2.72,1525,USD
X000104481,100,INBOUND,CAP-4438,Monterro - Kyoto,Spexx - Singapore,,2023-10-15T00:00:00Z,2023-10-17T00:00:00Z,2023-10-27T00:00:00Z,2023-10-17T00:00:00Z,2023-10-27T00:00:00Z,440,EA,1.14,501,USD
X000104482,100,INBOUND,CAP-5233,Monterro - Kyoto,Spexx - Singapore,,2023-10-15T00:00:00Z,2023-10-17T00:00:00Z,2023-10-27T00:00:00Z,2023-10-17T00:00:00Z,2023-10-27T00:00:00Z,750,EA,1.81,1359,USD
X000104483,100,INBOUND,CAP-8582,Monterro - Kyoto,Spexx - Singapore,,2023-10-15T00:00:00Z,2023-10-17T00:00:00Z,2023-10-27T00:00:00Z,2023-10-17T00:00:00Z,2023-10-27T00:00:00Z,1240,EA,1.13,1400,USD
X000104484,100,INBOUND,CAP-5148,Monterro - Kyoto,Spexx - Singapore,,2023-10-15T00:00:00Z,2023-10-17T00:00:00Z,2023-10-27T00:00:00Z,2023-10-17T00:00:00Z,2023-10-27T00:00:00Z,750,EA,2.76,2072,USD
X000104485,100,INBOUND,CAP-8522,Monterro - Kyoto,Spexx - Singapore,,2023-10-15T00:00:00Z,2023-10-17T00:00:00Z,2023-10-27T00:00:00Z,2023-10-17T00:00:00Z,2023-10-27T00:00:00Z,5120,EA,2.19,11225,USD
X000104486,100,INBOUND,CAP-4715,Monterro - Kyoto,Spexx - Singapore,,2023-10-15T00:00:00Z,2023-10-17T00:00:00Z,2023-10-27T00:00:00Z,2023-10-17T00:00:00Z,2023-10-27T00:00:00Z,5120,EA,1.06,5402,USD
X000104487,100,INBOUND,CAP-8165,Monterro - Kyoto,Spexx - Singapore,,2023-10-15T00:00:00Z,2023-10-17T00:00:00Z,2023-10-27T00:00:00Z,2023-10-17T00:00:00Z,2023-10-27T00:00:00Z,440,EA,1.71,751,USD
X000104488,100,INBOUND,CAP-5090,Monterro - Kyoto,Spexx - Singapore,,2023-10-15T00:00:00Z,2023-10-17T00:00:00Z,2023-10-27T00:00:00Z,2023-10-17T00:00:00Z,2023-10-27T00:00:00Z,750,EA,2.86,2142,USD
X000104489,100,INBOUND,CAP-4902,Monterro - Kyoto,Spexx - Singapore,,2023-10-15T00:00:00Z,2023-10-17T00:00:00Z,2023-10-27T00:00:00Z,2023-10-17T00:00:00Z,2023-10-27T00:00:00Z,1240,EA,2.98,3699,USD
X000104490,100,INBOUND,CAP-2661,Monterro - Kyoto,Spexx - Singapore,,2023-10-15T00:00:00Z,2023-10-17T00:00:00Z,2023-10-27T00:00:00Z,2023-10-17T00:00:00Z,2023-10-27T00:00:00Z,440,EA,1.58,694,USD
X000104491,100,INBOUND,CAP-7931,Monterro - Kyoto,Spexx - Singapore,,2023-10-15T00:00:00Z,2023-10-17T00:00:00Z,2023-10-27T00:00:00Z,2023-10-17T00:00:00Z,2023-10-27T00:00:00Z,560,EA,1.08,604,USD
X000104492,100,INBOUND,CAP-8130,Monterro - Kyoto,Spexx - Singapore,,2023-10-15T00:00:00Z,2023-10-17T00:00:00Z,2023-10-27T00:00:00Z,2023-10-17T00:00:00Z,2023-10-27T00:00:00Z,750,EA,2.24,1677,USD
X000104493,100,INBOUND,CAP-6713,Monterro - Kyoto,Spexx - Singapore,,2023-10-15T00:00:00Z,2023-10-17T00:00:00Z,2023-10-27T00:00:00Z,2023-10-17T00:00:00Z,2023-10-27T00:00:00Z,5120,EA,1.97,10105,USD
X000104494,100,INBOUND,CAP-1851,Monterro - Kyoto,Spexx - Singapore,,2023-10-15T00:00:00Z,2023-10-17T00:00:00Z,2023-10-27T00:00:00Z,2023-10-17T00:00:00Z,2023-10-27T00:00:00Z,5120,EA,2.14,10952,USD
X000104495,100,INBOUND,CAP-8034,Monterro - Kyoto,Spexx - Singapore,,2023-10-15T00:00:00Z,2023-10-17T00:00:00Z,2023-10-27T00:00:00Z,2023-10-17T00:00:00Z,2023-10-27T00:00:00Z,440,EA,2.20,970,USD
X000104496,100,INBOUND,CAP-6852,Monterro - Kyoto,Spexx - Singapore,,2023-10-15T00:00:00Z,2023-10-17T00:00:00Z,2023-10-27T00:00:00Z,2023-10-17T00:00:00Z,2023-10-27T00:00:00Z,440,EA,2.20,966,USD
X000104497,100,INBOUND,CAP-7487,Monterro - Kyoto,Spexx - Singapore,,2023-10-15T00:00:00Z,2023-10-17T00:00:00Z,2023-10-27T00:00:00Z,2023-10-17T00:00:00Z,2023-10-27T00:00:00Z,440,EA,2.20,967,USD
X000104498,100,INBOUND,CAP-3302,Monterro - Kyoto,Spexx - Singapore,,2023-10-15T00:00:00Z,2023-10-17T00:00:00Z,2023-10-27T00:00:00Z,2023-10-17T00:00:00Z,2023-10-27T00:00:00Z,750,EA,1.87,1404,USD
X000104499,100,INBOUND,CAP-3185,Monterro - Kyoto,Spexx - Singapore,,2023-10-15T00:00:00Z,2023-10-17T00:00:00Z,2023-10-27T00:00:00Z,2023-10-17T00:00:00Z,2023-10-27T00:00:00Z,5120,EA,1.23,6274,USD
X000104500,100,INBOUND,CAP-4449,Monterro - Kyoto,Spexx - Singapore,,2023-10-15T00:00:00Z,2023-10-17T00:00:00Z,2023-10-27T00:00:00Z,2023-10-17T00:00:00Z,2023-10-27T00:00:00Z,560,EA,2.86,1604,USD
X000104538,100,INBOUND,CAP-8554,Monterro - Kyoto,Spexx - Singapore,,2023-10-15T00:00:00Z,2023-10-17T00:00:00Z,2023-10-27T00:00:00Z,2023-10-17T00:00:00Z,2023-10-27T00:00:00Z,3200,EA,1.09,3492,USD
X000104539,100,INBOUND,CAP-3871,Monterro - Kyoto,Spexx - Singapore,,2023-10-15T00:00:00Z,2023-10-17T00:00:00Z,2023-10-27T00:00:00Z,2023-10-17T00:00:00Z,2023-10-27T00:00:00Z,3200,EA,1.54,4935,USD
X000104661,100,INBOUND,CAP-1130,Monterro - Kyoto,Spexx - Singapore,,2023-10-15T00:00:00Z,2023-10-17T00:00:00Z,2023-10-27T00:00:00Z,2023-10-17T00:00:00Z,2023-10-27T00:00:00Z,560,EA,1.86,1041,USD
X000104662,100,INBOUND,CAP-6971,Monterro - Kyoto,Spexx - Singapore,,2023-10-15T00:00:00Z,2023-10-17T00:00:00Z,2023-10-27T00:00:00Z,2023-10-17T00:00:00Z,2023-10-27T00:00:00Z,560,EA,2.38,1331,USD
X000104663,100,INBOUND,CAP-7773,Monterro - Kyoto,Spexx - Singapore,,2023-10-15T00:00:00Z,2023-10-17T00:00:00Z,2023-10-27T00:00:00Z,2023-10-17T00:00:00Z,2023-10-27T00:00:00Z,440,EA,1.99,875,USD
X000104664,100,INBOUND,CAP-7697,Monterro - Kyoto,Spexx - Singapore,,2023-10-15T00:00:00Z,2023-10-17T00:00:00Z,2023-10-27T00:00:00Z,2023-10-17T00:00:00Z,2023-10-27T00:00:00Z,440,EA,1.18,517,USD
X000104665,100,INBOUND,CAP-1415,Monterro - Kyoto,Spexx - Singapore,,2023-10-15T00:00:00Z,2023-10-17T00:00:00Z,2023-10-27T00:00:00Z,2023-10-17T00:00:00Z,2023-10-27T00:00:00Z,1240,EA,1.72,2128,USD
X000104666,100,INBOUND,CAP-6208,Monterro - Kyoto,Spexx - Singapore,,2023-10-15T00:00:00Z,2023-10-17T00:00:00Z,2023-10-27T00:00:00Z,2023-10-17T00:00:00Z,2023-10-27T00:00:00Z,440,EA,2.07,912,USD
X000104667,100,INBOUND,CAP-7654,Monterro - Kyoto,Spexx - Singapore,,2023-10-15T00:00:00Z,2023-10-17T00:00:00Z,2023-10-27T00:00:00Z,2023-10-17T00:00:00Z,2023-10-27T00:00:00Z,440,EA,2.29,1007,USD
X000104668,100,INBOUND,CAP-3996,Monterro - Kyoto,Spexx - Singapore,,2023-10-15T00:00:00Z,2023-10-17T00:00:00Z,2023-10-27T00:00:00Z,2023-10-17T00:00:00Z,2023-10-27T00:00:00Z,560,EA,1.52,851,USD
X000104669,100,INBOUND,CAP-9832,Monterro - Kyoto,Spexx - Singapore,,2023-10-15T00:00:00Z,2023-10-17T00:00:00Z,2023-10-27T00:00:00Z,2023-10-17T00:00:00Z,2023-10-27T00:00:00Z,560,EA,1.65,923,USD
X000104670,100,INBOUND,CAP-2714,Monterro - Kyoto,Spexx - Singapore,,2023-10-15T00:00:00Z,2023-10-17T00:00:00Z,2023-10-27T00:00:00Z,2023-10-17T00:00:00Z,2023-10-27T00:00:00Z,5120,EA,2.63,13464,USD
X000104671,100,INBOUND,CAP-8191,Monterro - Kyoto,Spexx - Singapore,,2023-10-15T00:00:00Z,2023-10-17T00:00:00Z,2023-10-27T00:00:00Z,2023-10-17T00:00:00Z,2023-10-27T00:00:00Z,440,EA,1.79,789,USD
X000104672,100,INBOUND,CAP-8865,Monterro - Kyoto,Spexx - Singapore,,2023-10-15T00:00:00Z,2023-10-17T00:00:00Z,2023-10-27T00:00:00Z,2023-10-17T00:00:00Z,2023-10-27T00:00:00Z,5120,EA,2.84,14531,USD
X000104673,100,INBOUND,CAP-5506,Monterro - Kyoto,Spexx - Singapore,,2023-10-15T00:00:00Z,2023-10-17T00:00:00Z,2023-10-27T00:00:00Z,2023-10-17T00:00:00Z,2023-10-27T00:00:00Z,560,EA,1.59,891,USD
X000104674,100,INBOUND,CAP-1050,Monterro - Kyoto,Spexx - Singapore,,2023-10-15T00:00:00Z,2023-10-17T00:00:00Z,2023-10-27T00:00:00Z,2023-10-17T00:00:00Z,2023-10-27T00:00:00Z,5120,EA,1.11,5681,USD
X000104675,100,INBOUND,CAP-5977,Monterro - Kyoto,Spexx - Singapore,,2023-10-15T00:00:00Z,2023-10-17T00:00:00Z,2023-10-27T00:00:00Z,2023-10-17T00:00:00Z,2023-10-27T00:00:00Z,440,EA,1.14,500,USD
X000104676,100,INBOUND,CAP-4796,Monterro - Kyoto,Spexx - Singapore,,2023-10-15T00:00:00Z,2023-10-17T00:00:00Z,2023-10-27T00:00:00Z,2023-10-17T00:00:00Z,2023-10-27T00:00:00Z,5120,EA,1.71,8777,USD
X000104677,100,INBOUND,CAP-1644,Monterro - Kyoto,Spexx - Singapore,,2023-10-15T00:00:00Z,2023-10-17T00:00:00Z,2023-10-27T00:00:00Z,2023-10-17T00:00:00Z,2023-10-27T00:00:00Z,440,EA,1.44,633,USD
X000104678,100,INBOUND,CAP-3658,Monterro - Kyoto,Spexx - Singapore,,2023-10-15T00:00:00Z,2023-10-17T00:00:00Z,2023-10-27T00:00:00Z,2023-10-17T00:00:00Z,2023-10-27T00:00:00Z,5120,EA,1.82,9324,USD
X000104679,100,INBOUND,CAP-8747,Monterro - Kyoto,Spexx - Singapore,,2023-10-15T00:00:00Z,2023-10-17T00:00:00Z,2023-10-27T00:00:00Z,2023-10-17T00:00:00Z,2023-10-27T00:00:00Z,750,EA,2.91,2183,USD
X000104680,100,INBOUND,CAP-9438,Monterro - Kyoto,Spexx - Singapore,,2023-10-15T00:00:00Z,2023-10-17T00:00:00Z,2023-10-27T00:00:00Z,2023-10-17T00:00:00Z,2023-10-27T00:00:00Z,5120,EA,2.13,10924,USD
X000104681,100,INBOUND,CAP-2263,Monterro - Kyoto,Spexx - Singapore,,2023-10-15T00:00:00Z,2023-10-17T00:00:00Z,2023-10-27T00:00:00Z,2023-10-17T00:00:00Z,2023-10-27T00:00:00Z,560,EA,2.20,1233,USD
X000104682,100,INBOUND,CAP-8588,Monterro - Kyoto,Spexx - Singapore,,2023-10-15T00:00:00Z,2023-10-17T00:00:00Z,2023-10-27T00:00:00Z,2023-10-17T00:00:00Z,2023-10-27T00:00:00Z,750,EA,1.31,981,USD
X000104683,100,INBOUND,CAP-1348,Monterro - Kyoto,Spexx - Singapore,,2023-10-15T00:00:00Z,2023-10-17T00:00:00Z,2023-10-27T00:00:00Z,2023-10-17T00:00:00Z,2023-10-27T00:00:00Z,5120,EA,1.63,8336,USD
X000104684,100,INBOUND,CAP-6181,Monterro - Kyoto,Spexx - Singapore,,2023-10-15T00:00:00Z,2023-10-17T00:00:00Z,2023-10-27T00:00:00Z,2023-10-17T00:00:00Z,2023-10-27T00:00:00Z,560,EA,2.58,1447,USD
X000104685,100,INBOUND,CAP-5001,Monterro - Kyoto,Spexx - Singapore,,2023-10-15T00:00:00Z,2023-10-17T00:00:00Z,2023-10-27T00:00:00Z,2023-10-17T00:00:00Z,2023-10-27T00:00:00Z,560,EA,2.47,1385,USD
X000104686,100,INBOUND,CAP-2660,Monterro - Kyoto,Spexx - Singapore,,2023-10-15T00:00:00Z,2023-10-17T00:00:00Z,2023-10-27T00:00:00Z,2023-10-17T00:00:00Z,2023-10-27T00:00:00Z,750,EA,1.49,1120,USD
X000104687,100,INBOUND,CAP-8251,Monterro - Kyoto,Spexx - Singapore,,2023-10-15T00:00:00Z,2023-10-17T00:00:00Z,2023-10-27T00:00:00Z,2023-10-17T00:00:00Z,2023-10-27T00:00:00Z,750,EA,1.71,1279,USD
X000104688,100,INBOUND,CAP-1987,Monterro - Kyoto,Spexx - Singapore,,2023-10-15T00:00:00Z,2023-10-17T00:00:00Z,2023-10-27T00:00:00Z,2023-10-17T00:00:00Z,2023-10-27T00:00:00Z,5120,EA,1.19,6110,USD
X000104689,100,INBOUND,CAP-2111,Monterro - Kyoto,Spexx - Singapore,,2023-10-15T00:00:00Z,2023-10-17T00:00:00Z,2023-10-27T00:00:00Z,2023-10-17T00:00:00Z,2023-10-27T00:00:00Z,750,EA,1.71,1284,USD
X000104690,100,INBOUND,CAP-8104,Monterro - Kyoto,Spexx - Singapore,,2023-10-15T00:00:00Z,2023-10-17T00:00:00Z,2023-10-27T00:00:00Z,2023-10-17T00:00:00Z,2023-10-27T00:00:00Z,1240,EA,2.89,3579,USD
X000104728,100,INBOUND,CAP-3864,Monterro - Kyoto,Spexx - Singapore,,2023-10-15T00:00:00Z,2023-10-17T00:00:00Z,2023-10-27T00:00:00Z,2023-10-17T00:00:00Z,2023-10-27T00:00:00Z,440,EA,1.20,528,USD
X000104729,100,INBOUND,CAP-2313,Monterro - Kyoto,Spexx - Singapore,,2023-10-15T00:00:00Z,2023-10-17T00:00:00Z,2023-10-27T00:00:00Z,2023-10-17T00:00:00Z,2023-10-27T00:00:00Z,440,EA,2.10,923,USD
X000104851,100,INBOUND,CAP-9150,Monterro - Kyoto,Spexx - Singapore,,2023-10-15T00:00:00Z,2023-10-17T00:00:00Z,2023-10-27T00:00:00Z,2023-10-17T00:00:00Z,2023-10-27T00:00:00Z,1240,EA,1.15,1431,USD
X000104852,100,INBOUND,CAP-8039,Monterro - Kyoto,Spexx - Singapore,,2023-10-15T00:00:00Z,2023-10-17T00:00:00Z,2023-10-27T00:00:00Z,2023-10-17T00:00:00Z,2023-10-27T00:00:00Z,440,EA,2.47,1089,USD
X000104853,100,INBOUND,CAP-5383,Monterro - Kyoto,Spexx - Singapore,,2023-10-15T00:00:00Z,2023-10-17T00:00:00Z,2023-10-27T00:00:00Z,2023-10-17T00:00:00Z,2023-10-27T00:00:00Z,440,EA,1.57,693,USD
X000104854,100,INBOUND,CAP-3195,Monterro - Kyoto,Spexx - Singapore,,2023-10-15T00:00:00Z,2023-10-17T00:00:00Z,2023-10-27T00:00:00Z,2023-10-17T00:00:00Z,2023-10-27T00:00:00Z,560,EA,1.49,832,USD
X000104855,100,INBOUND,CAP-7757,Monterro - Kyoto,Spexx - Singapore,,2023-10-15T00:00:00Z,2023-10-17T00:00:00Z,2023-10-27T00:00:00Z,2023-10-17T00:00:00Z,2023-10-27T00:00:00Z,560,EA,2.09,1173,USD
X000104856,100,INBOUND,CAP-1357,Monterro - Kyoto,Spexx - Singapore,,2023-10-15T00:00:00Z,2023-10-17T00:00:00Z,2023-10-27T00:00:00Z,2023-10-17T00:00:00Z,2023-10-27T00:00:00Z,440,EA,1.26,553,USD
X000104857,100,INBOUND,CAP-4822,Monterro - Kyoto,Spexx - Singapore,,2023-10-15T00:00:00Z,2023-10-17T00:00:00Z,2023-10-27T00:00:00Z,2023-10-17T00:00:00Z,2023-10-27T00:00:00Z,440,EA,2.11,929,USD
X000104858,100,INBOUND,CAP-5663,Monterro - Kyoto,Spexx - Singapore,,2023-10-15T00:00:00Z,2023-10-17T00:00:00Z,2023-10-27T00:00:00Z,2023-10-17T00:00:00Z,2023-10-27T00:00:00Z,1240,EA,1.44,1791,USD
X000104859,100,INBOUND,CAP-6796,Monterro - Kyoto,Spexx - Singapore,,2023-10-15T00:00:00Z,2023-10-17T00:00:00Z,2023-10-27T00:00:00Z,2023-10-17T00:00:00Z,2023-10-27T00:00:00Z,440,EA,2.20,970,USD
X000104860,100,INBOUND,CAP-8410,Monterro - Kyoto,Spexx - Singapore,,2023-10-15T00:00:00Z,2023-10-17T00:00:00Z,2023-10-27T00:00:00Z,2023-10-17T00:00:00Z,2023-10-27T00:00:00Z,440,EA,2.03,892,USD
X000104861,100,INBOUND,CAP-8241,Monterro - Kyoto,Spexx - Singapore,,2023-10-15T00:00:00Z,2023-10-17T00:00:00Z,2023-10-27T00:00:00Z,2023-10-17T00:00:00Z,2023-10-27T00:00:00Z,560,EA,2.92,1634,USD
X000104862,100,INBOUND,CAP-8726,Monterro - Kyoto,Spexx - Singapore,,2023-10-15T00:00:00Z,2023-10-17T00:00:00Z,2023-10-27T00:00:00Z,2023-10-17T00:00:00Z,2023-10-27T00:00:00Z,560,EA,1.61,902,USD
X000104863,100,INBOUND,CAP-2765,Monterro - Kyoto,Spexx - Singapore,,2023-10-15T00:00:00Z,2023-10-17T00:00:00Z,2023-10-27T00:00:00Z,2023-10-17T00:00:00Z,2023-10-27T00:00:00Z,5120,EA,1.02,5229,USD
X000104864,100,INBOUND,FIL-6243,Monterro - Kyoto,Spexx - Singapore,,2023-10-15T00:00:00Z,2023-10-17T00:00:00Z,2023-10-27T00:00:00Z,2023-10-17T00:00:00Z,2023-10-27T00:00:00Z,440,EA,2.19,962,USD
X000104865,100,INBOUND,IND-6061,Monterro - Kyoto,Spexx - Singapore,,2023-10-15T00:00:00Z,2023-10-17T00:00:00Z,2023-10-27T00:00:00Z,2023-10-17T00:00:00Z,2023-10-27T00:00:00Z,5120,EA,2.47,12657,USD
X000104866,100,INBOUND,IND-8854,Monterro - Kyoto,Spexx - Singapore,,2023-10-15T00:00:00Z,2023-10-17T00:00:00Z,2023-10-27T00:00:00Z,2023-10-17T00:00:00Z,2023-10-27T00:00:00Z,560,EA,1.83,1023,USD
X000104867,100,INBOUND,IND-7885,Monterro - Kyoto,Spexx - Singapore,,2023-10-15T00:00:00Z,2023-10-17T00:00:00Z,2023-10-27T00:00:00Z,2023-10-17T00:00:00Z,2023-10-27T00:00:00Z,5120,EA,2.82,14413,USD
X000104868,100,INBOUND,IND-8436,Monterro - Kyoto,Spexx - Singapore,,2023-10-15T00:00:00Z,2023-10-17T00:00:00Z,2023-10-27T00:00:00Z,2023-10-17T00:00:00Z,2023-10-27T00:00:00Z,440,EA,1.98,871,USD
X000104869,100,INBOUND,IND-7447,Monterro - Kyoto,Spexx - Singapore,,2023-10-15T00:00:00Z,2023-10-17T00:00:00Z,2023-10-27T00:00:00Z,2023-10-17T00:00:00Z,2023-10-27T00:00:00Z,5120,EA,2.65,13588,USD
X000104870,100,INBOUND,IND-6102,Monterro - Kyoto,Spexx - Singapore,,2023-10-15T00:00:00Z,2023-10-17T00:00:00Z,2023-10-27T00:00:00Z,2023-10-17T00:00:00Z,2023-10-27T00:00:00Z,440,EA,1.97,868,USD
X000104871,100,INBOUND,IND-7550,Monterro - Kyoto,Spexx - Singapore,,2023-10-15T00:00:00Z,2023-10-17T00:00:00Z,2023-10-27T00:00:00Z,2023-10-17T00:00:00Z,2023-10-27T00:00:00Z,5120,EA,1.42,7259,USD
X000104872,100,INBOUND,IND-8973,Monterro - Kyoto,Spexx - Singapore,,2023-10-15T00:00:00Z,2023-10-17T00:00:00Z,2023-10-27T00:00:00Z,2023-10-17T00:00:00Z,2023-10-27T00:00:00Z,750,EA,1.48,1110,USD
X000104873,100,INBOUND,IND-9603,Monterro - Kyoto,Spexx - Singapore,,2023-10-15T00:00:00Z,2023-10-17T00:00:00Z,2023-10-27T00:00:00Z,2023-10-17T00:00:00Z,2023-10-27T00:00:00Z,5120,EA,1.81,9257,USD
X000104874,100,INBOUND,IND-1554,Monterro - Kyoto,Spexx - Singapore,,2023-10-15T00:00:00Z,2023-10-17T00:00:00Z,2023-10-27T00:00:00Z,2023-10-17T00:00:00Z,2023-10-27T00:00:00Z,560,EA,1.78,997,USD
X000104875,100,INBOUND,IND-6739,Monterro - Kyoto,Spexx - Singapore,,2023-10-15T00:00:00Z,2023-10-17T00:00:00Z,2023-10-27T00:00:00Z,2023-10-17T00:00:00Z,2023-10-27T00:00:00Z,750,EA,1.12,842,USD
X000104876,100,INBOUND,IND-6878,Monterro - Kyoto,Spexx - Singapore,,2023-10-15T00:00:00Z,2023-10-17T00:00:00Z,2023-10-27T00:00:00Z,2023-10-17T00:00:00Z,2023-10-27T00:00:00Z,5120,EA,1.88,9634,USD
X000104877,100,INBOUND,IND-8458,Monterro - Kyoto,Spexx - Singapore,,2023-10-15T00:00:00Z,2023-10-17T00:00:00Z,2023-10-27T00:00:00Z,2023-10-17T00:00:00Z,2023-10-27T00:00:00Z,560,EA,2.72,1522,USD
X000104878,100,INBOUND,IND-3167,Monterro - Kyoto,Spexx - Singapore,,2023-10-15T00:00:00Z,2023-10-17T00:00:00Z,2023-10-27T00:00:00Z,2023-10-17T00:00:00Z,2023-10-27T00:00:00Z,560,EA,2.31,1296,USD
X000104879,100,INBOUND,IND-7593,Monterro - Kyoto,Spexx - Singapore,,2023-10-15T00:00:00Z,2023-10-17T00:00:00Z,2023-10-27T00:00:00Z,2023-10-17T00:00:00Z,2023-10-27T00:00:00Z,750,EA,1.60,1203,USD
X000104880,100,INBOUND,IND-6782,Monterro - Kyoto,Spexx - Singapore,,2023-10-15T00:00:00Z,2023-10-17T00:00:00Z,2023-10-27T00:00:00Z,2023-10-17T00:00:00Z,2023-10-27T00:00:00Z,750,EA,2.17,1630,USD
X000104918,100,INBOUND,IND-3360,Monterro - Kyoto,Spexx - Singapore,,2023-11-15T00:00:00Z,2023-11-17T00:00:00Z,2023-11-27T00:00:00Z,2023-11-17T00:00:00Z,2023-11-27T00:00:00Z,560,EA,2.23,1247,USD
X000104919,100,INBOUND,IND-7600,Monterro - Kyoto,Spexx - Singapore,,2023-11-15T00:00:00Z,2023-11-17T00:00:00Z,2023-11-27T00:00:00Z,2023-11-17T00:00:00Z,2023-11-27T00:00:00Z,750,EA,1.60,1202,USD
X000105041,100,INBOUND,IND-6706,Monterro - Kyoto,Spexx - Singapore,,2023-11-15T00:00:00Z,2023-11-17T00:00:00Z,2023-11-27T00:00:00Z,2023-11-17T00:00:00Z,2023-11-27T00:00:00Z,1240,EA,1.10,1361,USD
X000105042,100,INBOUND,IND-4990,Monterro - Kyoto,Spexx - Singapore,,2023-11-15T00:00:00Z,2023-11-17T00:00:00Z,2023-11-27T00:00:00Z,2023-11-17T00:00:00Z,2023-11-27T00:00:00Z,3200,EA,1.44,4601,USD
X000105043,100,INBOUND,IND-9750,Monterro - Kyoto,Spexx - Singapore,,2023-11-15T00:00:00Z,2023-11-17T00:00:00Z,2023-11-27T00:00:00Z,2023-11-17T00:00:00Z,2023-11-27T00:00:00Z,1240,EA,1.10,1360,USD
X000105044,100,INBOUND,IND-9878,Monterro - Kyoto,Spexx - Singapore,,2023-11-15T00:00:00Z,2023-11-17T00:00:00Z,2023-11-27T00:00:00Z,2023-11-17T00:00:00Z,2023-11-27T00:00:00Z,3200,EA,2.77,8867,USD
X000105045,100,INBOUND,IND-1399,Monterro - Kyoto,Spexx - Singapore,,2023-11-15T00:00:00Z,2023-11-17T00:00:00Z,2023-11-27T00:00:00Z,2023-11-17T00:00:00Z,2023-11-27T00:00:00Z,1240,EA,1.21,1498,USD
X000105046,100,INBOUND,IND-4845,Monterro - Kyoto,Spexx - Singapore,,2023-11-15T00:00:00Z,2023-11-17T00:00:00Z,2023-11-27T00:00:00Z,2023-11-17T00:00:00Z,2023-11-27T00:00:00Z,1240,EA,2.83,3514,USD
X000105047,100,INBOUND,IND-8535,Monterro - Kyoto,Spexx - Singapore,,2023-11-15T00:00:00Z,2023-11-17T00:00:00Z,2023-11-27T00:00:00Z,2023-11-17T00:00:00Z,2023-11-27T00:00:00Z,1240,EA,2.29,2842,USD
X000105048,100,INBOUND,IND-7445,Monterro - Kyoto,Spexx - Singapore,,2023-11-15T00:00:00Z,2023-11-17T00:00:00Z,2023-11-27T00:00:00Z,2023-11-17T00:00:00Z,2023-11-27T00:00:00Z,3200,EA,2.25,7195,USD
X000105049,100,INBOUND,IND-8803,Monterro - Kyoto,Spexx - Singapore,,2023-11-15T00:00:00Z,2023-11-17T00:00:00Z,2023-11-27T00:00:00Z,2023-11-17T00:00:00Z,2023-11-27T00:00:00Z,1240,EA,1.14,1411,USD
X000105050,100,INBOUND,IND-5972,Monterro - Kyoto,Spexx - Singapore,,2023-11-15T00:00:00Z,2023-11-17T00:00:00Z,2023-11-27T00:00:00Z,2023-11-17T00:00:00Z,2023-11-27T00:00:00Z,3200,EA,2.00,6416,USD
X000105051,100,INBOUND,IND-6223,Monterro - Kyoto,Spexx - Singapore,,2023-11-15T00:00:00Z,2023-11-17T00:00:00Z,2023-11-27T00:00:00Z,2023-11-17T00:00:00Z,2023-11-27T00:00:00Z,3200,EA,1.22,3912,USD
X000105052,100,INBOUND,IND-4828,Monterro - Kyoto,Spexx - Singapore,,2023-11-15T00:00:00Z,2023-11-17T00:00:00Z,2023-11-27T00:00:00Z,2023-11-17T00:00:00Z,2023-11-27T00:00:00Z,3200,EA,2.59,8289,USD
X000105053,100,INBOUND,IND-2921,Monterro - Kyoto,Spexx - Singapore,,2023-11-15T00:00:00Z,2023-11-17T00:00:00Z,2023-11-27T00:00:00Z,2023-11-17T00:00:00Z,2023-11-27T00:00:00Z,1240,EA,2.90,3599,USD
X000105054,100,INBOUND,IND-6523,Monterro - Kyoto,Spexx - Singapore,,2023-11-15T00:00:00Z,2023-11-17T00:00:00Z,2023-11-27T00:00:00Z,2023-11-17T00:00:00Z,2023-11-27T00:00:00Z,3200,EA,2.40,7676,USD
X000105055,100,INBOUND,IND-4517,Monterro - Kyoto,Spexx - Singapore,,2023-11-15T00:00:00Z,2023-11-17T00:00:00Z,2023-11-27T00:00:00Z,2023-11-17T00:00:00Z,2023-11-27T00:00:00Z,3200,EA,2.59,8291,USD
X000105056,100,INBOUND,IND-7166,Monterro - Kyoto,Spexx - Singapore,,2023-11-15T00:00:00Z,2023-11-17T00:00:00Z,2023-11-27T00:00:00Z,2023-11-17T00:00:00Z,2023-11-27T00:00:00Z,3200,EA,2.27,7255,USD
X000105057,100,INBOUND,IND-2617,Monterro - Kyoto,Spexx - Singapore,,2023-11-15T00:00:00Z,2023-11-17T00:00:00Z,2023-11-27T00:00:00Z,2023-11-17T00:00:00Z,2023-11-27T00:00:00Z,3200,EA,2.05,6556,USD
X000105058,100,INBOUND,IND-8447,Monterro - Kyoto,Spexx - Singapore,,2023-11-15T00:00:00Z,2023-11-17T00:00:00Z,2023-11-27T00:00:00Z,2023-11-17T00:00:00Z,2023-11-27T00:00:00Z,1240,EA,1.22,1509,USD
X000105059,100,INBOUND,IND-7149,Monterro - Kyoto,Spexx - Singapore,,2023-11-15T00:00:00Z,2023-11-17T00:00:00Z,2023-11-27T00:00:00Z,2023-11-17T00:00:00Z,2023-11-27T00:00:00Z,1240,EA,2.55,3163,USD
X000105060,100,INBOUND,IND-3671,Monterro - Kyoto,Spexx - Singapore,,2023-11-15T00:00:00Z,2023-11-17T00:00:00Z,2023-11-27T00:00:00Z,2023-11-17T00:00:00Z,2023-11-27T00:00:00Z,1240,EA,2.03,2523,USD
X000105061,100,INBOUND,IND-1968,Monterro - Kyoto,Spexx - Singapore,,2023-11-15T00:00:00Z,2023-11-17T00:00:00Z,2023-11-27T00:00:00Z,2023-11-17T00:00:00Z,2023-11-27T00:00:00Z,1240,EA,1.63,2016,USD
X000105062,100,INBOUND,IND-1437,Monterro - Kyoto,Spexx - Singapore,,2023-11-15T00:00:00Z,2023-11-17T00:00:00Z,2023-11-27T00:00:00Z,2023-11-17T00:00:00Z,2023-11-27T00:00:00Z,440,EA,2.78,1224,USD
X000105063,100,INBOUND,THR-3049,Monterro - Kyoto,Spexx - Singapore,,2023-11-15T00:00:00Z,2023-11-17T00:00:00Z,2023-11-27T00:00:00Z,2023-11-17T00:00:00Z,2023-11-27T00:00:00Z,440,EA,2.46,1083,USD
X000105064,100,INBOUND,CAP-2071,Monterro - Kyoto,Spexx - Singapore,,2023-11-15T00:00:00Z,2023-11-17T00:00:00Z,2023-11-27T00:00:00Z,2023-11-17T00:00:00Z,2023-11-27T00:00:00Z,1240,EA,1.30,1611,USD
X000105065,100,INBOUND,CAP-1613,Monterro - Kyoto,Spexx - Singapore,,2023-11-15T00:00:00Z,2023-11-17T00:00:00Z,2023-11-27T00:00:00Z,2023-11-17T00:00:00Z,2023-11-27T00:00:00Z,440,EA,1.18,520,USD
X000105066,100,INBOUND,CAP-4362,Monterro - Kyoto,Spexx - Singapore,,2023-11-15T00:00:00Z,2023-11-17T00:00:00Z,2023-11-27T00:00:00Z,2023-11-17T00:00:00Z,2023-11-27T00:00:00Z,440,EA,2.72,1198,USD
X000105067,100,INBOUND,CAP-4438,Monterro - Kyoto,Spexx - Singapore,,2023-11-15T00:00:00Z,2023-11-17T00:00:00Z,2023-11-27T00:00:00Z,2023-11-17T00:00:00Z,2023-11-27T00:00:00Z,560,EA,1.14,637,USD
X000105068,100,INBOUND,CAP-5233,Monterro - Kyoto,Spexx - Singapore,,2023-11-15T00:00:00Z,2023-11-17T00:00:00Z,2023-11-27T00:00:00Z,2023-11-17T00:00:00Z,2023-11-27T00:00:00Z,560,EA,1.81,1015,USD
X000105069,100,INBOUND,CAP-8582,Monterro - Kyoto,Spexx - Singapore,,2023-11-15T00:00:00Z,2023-11-17T00:00:00Z,2023-11-27T00:00:00Z,2023-11-17T00:00:00Z,2023-11-27T00:00:00Z,5120,EA,1.13,5780,USD
X000105070,100,INBOUND,CAP-5148,Monterro - Kyoto,Spexx - Singapore,,2023-11-15T00:00:00Z,2023-11-17T00:00:00Z,2023-11-27T00:00:00Z,2023-11-17T00:00:00Z,2023-11-27T00:00:00Z,440,EA,2.76,1215,USD
X000105108,100,INBOUND,CAP-8522,Monterro - Kyoto,Spexx - Singapore,,2023-11-15T00:00:00Z,2023-11-17T00:00:00Z,2023-11-27T00:00:00Z,2023-11-17T00:00:00Z,2023-11-27T00:00:00Z,750,EA,2.19,1644,USD
X000105109,100,INBOUND,CAP-4715,Monterro - Kyoto,Spexx - Singapore,,2023-11-15T00:00:00Z,2023-11-17T00:00:00Z,2023-11-27T00:00:00Z,2023-11-17T00:00:00Z,2023-11-27T00:00:00Z,5120,EA,1.06,5402,USD
X000105231,100,INBOUND,CAP-8165,Monterro - Kyoto,Spexx - Singapore,,2023-11-15T00:00:00Z,2023-11-17T00:00:00Z,2023-11-27T00:00:00Z,2023-11-17T00:00:00Z,2023-11-27T00:00:00Z,3200,EA,1.71,5458,USD
X000105232,100,INBOUND,CAP-5090,Monterro - Kyoto,Spexx - Singapore,,2023-11-15T00:00:00Z,2023-11-17T00:00:00Z,2023-11-27T00:00:00Z,2023-11-17T00:00:00Z,2023-11-27T00:00:00Z,1240,EA,2.86,3542,USD
X000105233,100,INBOUND,CAP-4902,Monterro - Kyoto,Spexx - Singapore,,2023-11-15T00:00:00Z,2023-11-17T00:00:00Z,2023-11-27T00:00:00Z,2023-11-17T00:00:00Z,2023-11-27T00:00:00Z,1240,EA,2.98,3699,USD
X000105234,100,INBOUND,CAP-2661,Monterro - Kyoto,Spexx - Singapore,,2023-11-15T00:00:00Z,2023-11-17T00:00:00Z,2023-11-27T00:00:00Z,2023-11-17T00:00:00Z,2023-11-27T00:00:00Z,1240,EA,1.58,1956,USD
X000105235,100,INBOUND,CAP-7931,Monterro - Kyoto,Spexx - Singapore,,2023-11-15T00:00:00Z,2023-11-17T00:00:00Z,2023-11-27T00:00:00Z,2023-11-17T00:00:00Z,2023-11-27T00:00:00Z,3200,EA,1.08,3451,USD
X000105236,100,INBOUND,CAP-8130,Monterro - Kyoto,Spexx - Singapore,,2023-11-15T00:00:00Z,2023-11-17T00:00:00Z,2023-11-27T00:00:00Z,2023-11-17T00:00:00Z,2023-11-27T00:00:00Z,1240,EA,2.24,2773,USD
X000105237,100,INBOUND,CAP-6713,Monterro - Kyoto,Spexx - Singapore,,2023-11-15T00:00:00Z,2023-11-17T00:00:00Z,2023-11-27T00:00:00Z,2023-11-17T00:00:00Z,2023-11-27T00:00:00Z,3200,EA,1.97,6316,USD
X000105238,100,INBOUND,CAP-1851,Monterro - Kyoto,Spexx - Singapore,,2023-11-15T00:00:00Z,2023-11-17T00:00:00Z,2023-11-27T00:00:00Z,2023-11-17T00:00:00Z,2023-11-27T00:00:00Z,3200,EA,2.14,6845,USD
X000105239,100,INBOUND,CAP-8034,Monterro - Kyoto,Spexx - Singapore,,2023-11-15T00:00:00Z,2023-11-17T00:00:00Z,2023-11-27T00:00:00Z,2023-11-17T00:00:00Z,2023-11-27T00:00:00Z,3200,EA,2.20,7054,USD
X000105240,100,INBOUND,CAP-6852,Monterro - Kyoto,Spexx - Singapore,,2023-11-15T00:00:00Z,2023-11-17T00:00:00Z,2023-11-27T00:00:00Z,2023-11-17T00:00:00Z,2023-11-27T00:00:00Z,3200,EA,2.20,7025,USD
X000105241,100,INBOUND,CAP-7487,Monterro - Kyoto,Spexx - Singapore,,2023-11-15T00:00:00Z,2023-11-17T00:00:00Z,2023-11-27T00:00:00Z,2023-11-17T00:00:00Z,2023-11-27T00:00:00Z,3200,EA,2.20,7032,USD
X000105242,100,INBOUND,CAP-3302,Monterro - Kyoto,Spexx - Singapore,,2023-11-15T00:00:00Z,2023-11-17T00:00:00Z,2023-11-27T00:00:00Z,2023-11-17T00:00:00Z,2023-11-27T00:00:00Z,3200,EA,1.87,5990,USD
X000105243,100,INBOUND,CAP-3185,Monterro - Kyoto,Spexx - Singapore,,2023-11-15T00:00:00Z,2023-11-17T00:00:00Z,2023-11-27T00:00:00Z,2023-11-17T00:00:00Z,2023-11-27T00:00:00Z,1240,EA,1.23,1519,USD
X000105244,100,INBOUND,CAP-4449,Monterro - Kyoto,Spexx - Singapore,,2023-11-15T00:00:00Z,2023-11-17T00:00:00Z,2023-11-27T00:00:00Z,2023-11-17T00:00:00Z,2023-11-27T00:00:00Z,3200,EA,2.86,9163,USD
X000105245,100,INBOUND,CAP-8554,Monterro - Kyoto,Spexx - Singapore,,2023-11-15T00:00:00Z,2023-11-17T00:00:00Z,2023-11-27T00:00:00Z,2023-11-17T00:00:00Z,2023-11-27T00:00:00Z,3200,EA,1.09,3492,USD
X000105246,100,INBOUND,CAP-3871,Monterro - Kyoto,Spexx - Singapore,,2023-11-15T00:00:00Z,2023-11-17T00:00:00Z,2023-11-27T00:00:00Z,2023-11-17T00:00:00Z,2023-11-27T00:00:00Z,3200,EA,1.54,4935,USD
X000105247,100,INBOUND,CAP-1130,Monterro - Kyoto,Spexx - Singapore,,2023-11-15T00:00:00Z,2023-11-17T00:00:00Z,2023-11-27T00:00:00Z,2023-11-17T00:00:00Z,2023-11-27T00:00:00Z,3200,EA,1.86,5948,USD
X000105248,100,INBOUND,CAP-6971,Monterro - Kyoto,Spexx - Singapore,,2023-11-15T00:00:00Z,2023-11-17T00:00:00Z,2023-11-27T00:00:00Z,2023-11-17T00:00:00Z,2023-11-27T00:00:00Z,1240,EA,2.38,2947,USD
X000105249,100,INBOUND,CAP-7773,Monterro - Kyoto,Spexx - Singapore,,2023-11-15T00:00:00Z,2023-11-17T00:00:00Z,2023-11-27T00:00:00Z,2023-11-17T00:00:00Z,2023-11-27T00:00:00Z,1240,EA,1.99,2466,USD
X000105250,100,INBOUND,CAP-7697,Monterro - Kyoto,Spexx - Singapore,,2023-11-15T00:00:00Z,2023-11-17T00:00:00Z,2023-11-27T00:00:00Z,2023-11-17T00:00:00Z,2023-11-27T00:00:00Z,1240,EA,1.18,1458,USD
X000105251,100,INBOUND,CAP-1415,Monterro - Kyoto,Spexx - Singapore,,2023-11-15T00:00:00Z,2023-11-17T00:00:00Z,2023-11-27T00:00:00Z,2023-11-17T00:00:00Z,2023-11-27T00:00:00Z,1240,EA,1.72,2128,USD
X000105252,100,INBOUND,CAP-6208,Monterro - Kyoto,Spexx - Singapore,,2023-11-15T00:00:00Z,2023-11-17T00:00:00Z,2023-11-27T00:00:00Z,2023-11-17T00:00:00Z,2023-11-27T00:00:00Z,3200,EA,2.07,6630,USD
X000105253,100,INBOUND,CAP-7654,Monterro - Kyoto,Spexx - Singapore,,2023-11-15T00:00:00Z,2023-11-17T00:00:00Z,2023-11-27T00:00:00Z,2023-11-17T00:00:00Z,2023-11-27T00:00:00Z,3200,EA,2.29,7321,USD
X000105254,100,INBOUND,CAP-3996,Monterro - Kyoto,Spexx - Singapore,,2023-11-15T00:00:00Z,2023-11-17T00:00:00Z,2023-11-27T00:00:00Z,2023-11-17T00:00:00Z,2023-11-27T00:00:00Z,3200,EA,1.52,4860,USD
X000105255,100,INBOUND,CAP-9832,Monterro - Kyoto,Spexx - Singapore,,2023-11-15T00:00:00Z,2023-11-17T00:00:00Z,2023-11-27T00:00:00Z,2023-11-17T00:00:00Z,2023-11-27T00:00:00Z,3200,EA,1.65,5272,USD
X000105256,100,INBOUND,CAP-2714,Monterro - Kyoto,Spexx - Singapore,,2023-11-15T00:00:00Z,2023-11-17T00:00:00Z,2023-11-27T00:00:00Z,2023-11-17T00:00:00Z,2023-11-27T00:00:00Z,1240,EA,2.63,3261,USD
X000105257,100,INBOUND,CAP-8191,Monterro - Kyoto,Spexx - Singapore,,2023-11-15T00:00:00Z,2023-11-17T00:00:00Z,2023-11-27T00:00:00Z,2023-11-17T00:00:00Z,2023-11-27T00:00:00Z,3200,EA,1.79,5737,USD
X000105258,100,INBOUND,CAP-8865,Monterro - Kyoto,Spexx - Singapore,,2023-11-15T00:00:00Z,2023-11-17T00:00:00Z,2023-11-27T00:00:00Z,2023-11-17T00:00:00Z,2023-11-27T00:00:00Z,1240,EA,2.84,3519,USD
X000105259,100,INBOUND,CAP-5506,Monterro - Kyoto,Spexx - Singapore,,2023-11-15T00:00:00Z,2023-11-17T00:00:00Z,2023-11-27T00:00:00Z,2023-11-17T00:00:00Z,2023-11-27T00:00:00Z,3200,EA,1.59,5092,USD
X000105260,100,INBOUND,CAP-1050,Monterro - Kyoto,Spexx - Singapore,,2023-11-15T00:00:00Z,2023-11-17T00:00:00Z,2023-11-27T00:00:00Z,2023-11-17T00:00:00Z,2023-11-27T00:00:00Z,3200,EA,1.11,3551,USD
X000105298,100,INBOUND,CAP-5977,Monterro - Kyoto,Spexx - Singapore,,2023-11-15T00:00:00Z,2023-11-17T00:00:00Z,2023-11-27T00:00:00Z,2023-11-17T00:00:00Z,2023-11-27T00:00:00Z,440,EA,1.14,500,USD
X000105299,100,INBOUND,CAP-4796,Monterro - Kyoto,Spexx - Singapore,,2023-11-15T00:00:00Z,2023-11-17T00:00:00Z,2023-11-27T00:00:00Z,2023-11-17T00:00:00Z,2023-11-27T00:00:00Z,440,EA,1.71,754,USD
X000105421,100,INBOUND,CAP-1644,Monterro - Kyoto,Spexx - Singapore,,2023-12-15T00:00:00Z,2023-12-17T00:00:00Z,2023-12-27T00:00:00Z,2023-12-17T00:00:00Z,2023-12-27T00:00:00Z,1240,EA,1.44,1783,USD
X000105422,100,INBOUND,CAP-3658,Monterro - Kyoto,Spexx - Singapore,,2023-12-15T00:00:00Z,2023-12-17T00:00:00Z,2023-12-27T00:00:00Z,2023-12-17T00:00:00Z,2023-12-27T00:00:00Z,440,EA,1.82,801,USD
X000105423,100,INBOUND,CAP-8747,Monterro - Kyoto,Spexx - Singapore,,2023-12-15T00:00:00Z,2023-12-17T00:00:00Z,2023-12-27T00:00:00Z,2023-12-17T00:00:00Z,2023-12-27T00:00:00Z,560,EA,2.91,1630,USD
X000105424,100,INBOUND,CAP-9438,Monterro - Kyoto,Spexx - Singapore,,2023-12-15T00:00:00Z,2023-12-17T00:00:00Z,2023-12-27T00:00:00Z,2023-12-17T00:00:00Z,2023-12-27T00:00:00Z,750,EA,2.13,1600,USD
X000105425,100,INBOUND,CAP-2263,Monterro - Kyoto,Spexx - Singapore,,2023-12-15T00:00:00Z,2023-12-17T00:00:00Z,2023-12-27T00:00:00Z,2023-12-17T00:00:00Z,2023-12-27T00:00:00Z,5120,EA,2.20,11272,USD
X000105426,100,INBOUND,CAP-8588,Monterro - Kyoto,Spexx - Singapore,,2023-12-15T00:00:00Z,2023-12-17T00:00:00Z,2023-12-27T00:00:00Z,2023-12-17T00:00:00Z,2023-12-27T00:00:00Z,5120,EA,1.31,6699,USD
X000105427,100,INBOUND,CAP-1348,Monterro - Kyoto,Spexx - Singapore,,2023-12-15T00:00:00Z,2023-12-17T00:00:00Z,2023-12-27T00:00:00Z,2023-12-17T00:00:00Z,2023-12-27T00:00:00Z,440,EA,1.63,716,USD
X000105428,100,INBOUND,CAP-6181,Monterro - Kyoto,Spexx - Singapore,,2023-12-15T00:00:00Z,2023-12-17T00:00:00Z,2023-12-27T00:00:00Z,2023-12-17T00:00:00Z,2023-12-27T00:00:00Z,440,EA,2.58,1137,USD
X000105429,100,INBOUND,CAP-5001,Monterro - Kyoto,Spexx - Singapore,,2023-12-15T00:00:00Z,2023-12-17T00:00:00Z,2023-12-27T00:00:00Z,2023-12-17T00:00:00Z,2023-12-27T00:00:00Z,440,EA,2.47,1089,USD
X000105430,100,INBOUND,CAP-2660,Monterro - Kyoto,Spexx - Singapore,,2023-12-15T00:00:00Z,2023-12-17T00:00:00Z,2023-12-27T00:00:00Z,2023-12-17T00:00:00Z,2023-12-27T00:00:00Z,750,EA,1.49,1120,USD
X000105431,100,INBOUND,CAP-8251,Monterro - Kyoto,Spexx - Singapore,,2023-12-15T00:00:00Z,2023-12-17T00:00:00Z,2023-12-27T00:00:00Z,2023-12-17T00:00:00Z,2023-12-27T00:00:00Z,5120,EA,1.71,8732,USD
X000105432,100,INBOUND,CAP-1987,Monterro - Kyoto,Spexx - Singapore,,2023-12-15T00:00:00Z,2023-12-17T00:00:00Z,2023-12-27T00:00:00Z,2023-12-17T00:00:00Z,2023-12-27T00:00:00Z,560,EA,1.19,668,USD
X000105433,100,INBOUND,CAP-2111,Monterro - Kyoto,Spexx - Singapore,,2023-12-15T00:00:00Z,2023-12-17T00:00:00Z,2023-12-27T00:00:00Z,2023-12-17T00:00:00Z,2023-12-27T00:00:00Z,5120,EA,1.71,8763,USD
X000105434,100,INBOUND,CAP-8104,Monterro - Kyoto,Spexx - Singapore,,2023-12-15T00:00:00Z,2023-12-17T00:00:00Z,2023-12-27T00:00:00Z,2023-12-17T00:00:00Z,2023-12-27T00:00:00Z,750,EA,2.89,2164,USD
X000105435,100,INBOUND,CAP-3864,Monterro - Kyoto,Spexx - Singapore,,2023-12-15T00:00:00Z,2023-12-17T00:00:00Z,2023-12-27T00:00:00Z,2023-12-17T00:00:00Z,2023-12-27T00:00:00Z,750,EA,1.20,900,USD
X000105436,100,INBOUND,CAP-2313,Monterro - Kyoto,Spexx - Singapore,,2023-12-15T00:00:00Z,2023-12-17T00:00:00Z,2023-12-27T00:00:00Z,2023-12-17T00:00:00Z,2023-12-27T00:00:00Z,560,EA,2.10,1175,USD
X000105437,100,INBOUND,CAP-9150,Monterro - Kyoto,Spexx - Singapore,,2023-12-15T00:00:00Z,2023-12-17T00:00:00Z,2023-12-27T00:00:00Z,2023-12-17T00:00:00Z,2023-12-27T00:00:00Z,560,EA,1.15,646,USD
X000105438,100,INBOUND,CAP-8039,Monterro - Kyoto,Spexx - Singapore,,2023-12-15T00:00:00Z,2023-12-17T00:00:00Z,2023-12-27T00:00:00Z,2023-12-17T00:00:00Z,2023-12-27T00:00:00Z,440,EA,2.47,1089,USD
X000105439,100,INBOUND,CAP-5383,Monterro - Kyoto,Spexx - Singapore,,2023-12-15T00:00:00Z,2023-12-17T00:00:00Z,2023-12-27T00:00:00Z,2023-12-17T00:00:00Z,2023-12-27T00:00:00Z,1240,EA,1.57,1952,USD
X000105440,100,INBOUND,CAP-3195,Monterro - Kyoto,Spexx - Singapore,,2023-12-15T00:00:00Z,2023-12-17T00:00:00Z,2023-12-27T00:00:00Z,2023-12-17T00:00:00Z,2023-12-27T00:00:00Z,440,EA,1.49,654,USD
X000105441,100,INBOUND,CAP-7757,Monterro - Kyoto,Spexx - Singapore,,2023-12-15T00:00:00Z,2023-12-17T00:00:00Z,2023-12-27T00:00:00Z,2023-12-17T00:00:00Z,2023-12-27T00:00:00Z,560,EA,2.09,1173,USD
X000105442,100,INBOUND,CAP-1357,Monterro - Kyoto,Spexx - Singapore,,2023-12-15T00:00:00Z,2023-12-17T00:00:00Z,2023-12-27T00:00:00Z,2023-12-17T00:00:00Z,2023-12-27T00:00:00Z,14000,EA,1.26,17592,USD
X000105443,100,INBOUND,CAP-4822,Monterro - Kyoto,Spexx - Singapore,,2023-12-15T00:00:00Z,2023-12-17T00:00:00Z,2023-12-27T00:00:00Z,2023-12-17T00:00:00Z,2023-12-27T00:00:00Z,14000,EA,2.11,29549,USD
X000105444,100,INBOUND,CAP-5663,Monterro - Kyoto,Spexx - Singapore,,2023-12-15T00:00:00Z,2023-12-17T00:00:00Z,2023-12-27T00:00:00Z,2023-12-17T00:00:00Z,2023-12-27T00:00:00Z,14000,EA,1.44,20225,USD
X000105445,100,INBOUND,CAP-6796,Monterro - Kyoto,Spexx - Singapore,,2023-12-15T00:00:00Z,2023-12-17T00:00:00Z,2023-12-27T00:00:00Z,2023-12-17T00:00:00Z,2023-12-27T00:00:00Z,14000,EA,2.20,30867,USD
X000105446,100,INBOUND,CAP-8410,Monterro - Kyoto,Spexx - Singapore,,2023-12-15T00:00:00Z,2023-12-17T00:00:00Z,2023-12-27T00:00:00Z,2023-12-17T00:00:00Z,2023-12-27T00:00:00Z,14000,EA,2.03,28378,USD
X000105447,100,INBOUND,CAP-8241,Monterro - Kyoto,Spexx - Singapore,,2023-12-15T00:00:00Z,2023-12-17T00:00:00Z,2023-12-27T00:00:00Z,2023-12-17T00:00:00Z,2023-12-27T00:00:00Z,14000,EA,2.92,40854,USD
X000105448,100,INBOUND,CAP-8726,Monterro - Kyoto,Spexx - Singapore,,2023-12-15T00:00:00Z,2023-12-17T00:00:00Z,2023-12-27T00:00:00Z,2023-12-17T00:00:00Z,2023-12-27T00:00:00Z,14000,EA,1.61,22539,USD
X000105449,100,INBOUND,CAP-2765,Monterro - Kyoto,Spexx - Singapore,,2023-12-15T00:00:00Z,2023-12-17T00:00:00Z,2023-12-27T00:00:00Z,2023-12-17T00:00:00Z,2023-12-27T00:00:00Z,14000,EA,1.02,14299,USD
X000105450,100,INBOUND,FIL-6243,Monterro - Kyoto,Spexx - Singapore,,2023-12-15T00:00:00Z,2023-12-17T00:00:00Z,2023-12-27T00:00:00Z,2023-12-17T00:00:00Z,2023-12-27T00:00:00Z,14000,EA,2.19,30612,USD
X000105488,100,INBOUND,IND-6061,Monterro - Kyoto,Spexx - Singapore,,2023-12-15T00:00:00Z,2023-12-17T00:00:00Z,2023-12-27T00:00:00Z,2023-12-17T00:00:00Z,2023-12-27T00:00:00Z,3200,EA,2.47,7911,USD
X000105489,100,INBOUND,IND-8854,Monterro - Kyoto,Spexx - Singapore,,2023-12-15T00:00:00Z,2023-12-17T00:00:00Z,2023-12-27T00:00:00Z,2023-12-17T00:00:00Z,2023-12-27T00:00:00Z,1240,EA,1.83,2264,USD
