﻿order.orderIdentifier,orderLineNumber,order.orderType,product.partNumber,shipFromInstructionLocation.locationIdentifier,shipToLocation.locationIdentifier,status,createdDate,requestedShipDate,requestedDeliveryDate,plannedShipDate,plannedDeliveryDate,quantity,quantityUnits,productValue,value,valueCurrency
X100100101,100,INBOUND,CAP-2071,Monterro - Kyoto,Spexx - Singapore,,2023-01-15T00:00:00Z,2023-01-17T00:00:00Z,2023-01-27T00:00:00Z,2023-01-17T00:00:00Z,2023-01-27T00:00:00Z,1240,EA,1.30,1611,USD
X100100102,100,INBOUND,CAP-1613,Monterro - Kyoto,Spexx - Singapore,,2023-01-15T00:00:00Z,2023-01-17T00:00:00Z,2023-01-27T00:00:00Z,2023-01-17T00:00:00Z,2023-01-27T00:00:00Z,3200,EA,1.18,3779,USD
X100100103,100,INBOUND,CAP-4362,Monterro - Kyoto,Spexx - Singapore,,2023-01-15T00:00:00Z,2023-01-17T00:00:00Z,2023-01-27T00:00:00Z,2023-01-17T00:00:00Z,2023-01-27T00:00:00Z,3200,EA,2.72,8715,USD
X100100104,100,INBOUND,CAP-4438,Monterro - Kyoto,Spexx - Singapore,,2023-01-15T00:00:00Z,2023-01-17T00:00:00Z,2023-01-27T00:00:00Z,2023-01-17T00:00:00Z,2023-01-27T00:00:00Z,1240,EA,1.14,1411,USD
X100100105,100,INBOUND,CAP-5233,Monterro - Kyoto,Spexx - Singapore,,2023-01-15T00:00:00Z,2023-01-17T00:00:00Z,2023-01-27T00:00:00Z,2023-01-17T00:00:00Z,2023-01-27T00:00:00Z,3200,EA,1.81,5800,USD
X100100106,100,INBOUND,CAP-8582,Monterro - Kyoto,Spexx - Singapore,,2023-01-15T00:00:00Z,2023-01-17T00:00:00Z,2023-01-27T00:00:00Z,2023-01-17T00:00:00Z,2023-01-27T00:00:00Z,1240,EA,1.13,1400,USD
X100100107,100,INBOUND,CAP-5148,Monterro - Kyoto,Spexx - Singapore,,2023-01-15T00:00:00Z,2023-01-17T00:00:00Z,2023-01-27T00:00:00Z,2023-01-17T00:00:00Z,2023-01-27T00:00:00Z,1240,EA,2.76,3425,USD
X100100108,100,INBOUND,CAP-8522,Monterro - Kyoto,Spexx - Singapore,,2023-01-15T00:00:00Z,2023-01-17T00:00:00Z,2023-01-27T00:00:00Z,2023-01-17T00:00:00Z,2023-01-27T00:00:00Z,1240,EA,2.19,2719,USD
X100100109,100,INBOUND,CAP-4715,Monterro - Kyoto,Spexx - Singapore,,2023-01-15T00:00:00Z,2023-01-17T00:00:00Z,2023-01-27T00:00:00Z,2023-01-17T00:00:00Z,2023-01-27T00:00:00Z,3200,EA,1.06,3376,USD
X100100110,100,INBOUND,CAP-8165,Monterro - Kyoto,Spexx - Singapore,,2023-01-15T00:00:00Z,2023-01-17T00:00:00Z,2023-01-27T00:00:00Z,2023-01-17T00:00:00Z,2023-01-27T00:00:00Z,1240,EA,1.71,2115,USD
X100100111,100,INBOUND,CAP-5090,Monterro - Kyoto,Spexx - Singapore,,2023-01-15T00:00:00Z,2023-01-17T00:00:00Z,2023-01-27T00:00:00Z,2023-01-17T00:00:00Z,2023-01-27T00:00:00Z,3200,EA,2.86,9140,USD
X100100112,100,INBOUND,CAP-4902,Monterro - Kyoto,Spexx - Singapore,,2023-01-15T00:00:00Z,2023-01-17T00:00:00Z,2023-01-27T00:00:00Z,2023-01-17T00:00:00Z,2023-01-27T00:00:00Z,3200,EA,2.98,9545,USD
X100100113,100,INBOUND,CAP-2661,Monterro - Kyoto,Spexx - Singapore,,2023-01-15T00:00:00Z,2023-01-17T00:00:00Z,2023-01-27T00:00:00Z,2023-01-17T00:00:00Z,2023-01-27T00:00:00Z,3200,EA,1.58,5048,USD
X100100114,100,INBOUND,CAP-7931,Monterro - Kyoto,Spexx - Singapore,,2023-01-15T00:00:00Z,2023-01-17T00:00:00Z,2023-01-27T00:00:00Z,2023-01-17T00:00:00Z,2023-01-27T00:00:00Z,3200,EA,1.08,3451,USD
X100100115,100,INBOUND,CAP-8130,Monterro - Kyoto,Spexx - Singapore,,2023-01-15T00:00:00Z,2023-01-17T00:00:00Z,2023-01-27T00:00:00Z,2023-01-17T00:00:00Z,2023-01-27T00:00:00Z,3200,EA,2.24,7157,USD
X100100116,100,INBOUND,CAP-6713,Monterro - Kyoto,Spexx - Singapore,,2023-01-15T00:00:00Z,2023-01-17T00:00:00Z,2023-01-27T00:00:00Z,2023-01-17T00:00:00Z,2023-01-27T00:00:00Z,3200,EA,1.97,6316,USD
X100100117,100,INBOUND,CAP-1851,Monterro - Kyoto,Spexx - Singapore,,2023-01-15T00:00:00Z,2023-01-17T00:00:00Z,2023-01-27T00:00:00Z,2023-01-17T00:00:00Z,2023-01-27T00:00:00Z,1240,EA,2.14,2652,USD
X100100118,100,INBOUND,CAP-8034,Monterro - Kyoto,Spexx - Singapore,,2023-01-15T00:00:00Z,2023-01-17T00:00:00Z,2023-01-27T00:00:00Z,2023-01-17T00:00:00Z,2023-01-27T00:00:00Z,3200,EA,2.20,7054,USD
X100100119,100,INBOUND,CAP-6852,Monterro - Kyoto,Spexx - Singapore,,2023-01-15T00:00:00Z,2023-01-17T00:00:00Z,2023-01-27T00:00:00Z,2023-01-17T00:00:00Z,2023-01-27T00:00:00Z,3200,EA,2.20,7025,USD
X100100120,100,INBOUND,CAP-7487,Monterro - Kyoto,Spexx - Singapore,,2023-01-15T00:00:00Z,2023-01-17T00:00:00Z,2023-01-27T00:00:00Z,2023-01-17T00:00:00Z,2023-01-27T00:00:00Z,3200,EA,2.20,7032,USD
X100100121,100,INBOUND,CAP-3302,Monterro - Kyoto,Spexx - Singapore,,2023-01-15T00:00:00Z,2023-01-17T00:00:00Z,2023-01-27T00:00:00Z,2023-01-17T00:00:00Z,2023-01-27T00:00:00Z,3200,EA,1.87,5990,USD
X100100122,100,INBOUND,CAP-3185,Monterro - Kyoto,Spexx - Singapore,,2023-01-15T00:00:00Z,2023-01-17T00:00:00Z,2023-01-27T00:00:00Z,2023-01-17T00:00:00Z,2023-01-27T00:00:00Z,1240,EA,1.23,1519,USD
X100100123,100,INBOUND,CAP-4449,Monterro - Kyoto,Spexx - Singapore,,2023-01-15T00:00:00Z,2023-01-17T00:00:00Z,2023-01-27T00:00:00Z,2023-01-17T00:00:00Z,2023-01-27T00:00:00Z,1240,EA,2.86,3551,USD
X100100124,100,INBOUND,CAP-8554,Monterro - Kyoto,Spexx - Singapore,,2023-01-15T00:00:00Z,2023-01-17T00:00:00Z,2023-01-27T00:00:00Z,2023-01-17T00:00:00Z,2023-01-27T00:00:00Z,1240,EA,1.09,1353,USD
X100100125,100,INBOUND,CAP-3871,Monterro - Kyoto,Spexx - Singapore,,2023-01-15T00:00:00Z,2023-01-17T00:00:00Z,2023-01-27T00:00:00Z,2023-01-17T00:00:00Z,2023-01-27T00:00:00Z,1240,EA,1.54,1912,USD
X100100126,100,INBOUND,CAP-1130,Monterro - Kyoto,Spexx - Singapore,,2023-01-15T00:00:00Z,2023-01-17T00:00:00Z,2023-01-27T00:00:00Z,2023-01-17T00:00:00Z,2023-01-27T00:00:00Z,3200,EA,1.86,5948,USD
X100100127,100,INBOUND,CAP-6971,Monterro - Kyoto,Spexx - Singapore,,2023-01-15T00:00:00Z,2023-01-17T00:00:00Z,2023-01-27T00:00:00Z,2023-01-17T00:00:00Z,2023-01-27T00:00:00Z,3200,EA,2.38,7604,USD
X100100128,100,INBOUND,CAP-7773,Monterro - Kyoto,Spexx - Singapore,,2023-01-15T00:00:00Z,2023-01-17T00:00:00Z,2023-01-27T00:00:00Z,2023-01-17T00:00:00Z,2023-01-27T00:00:00Z,3200,EA,1.99,6365,USD
X100100129,100,INBOUND,CAP-7697,Monterro - Kyoto,Spexx - Singapore,,2023-01-15T00:00:00Z,2023-01-17T00:00:00Z,2023-01-27T00:00:00Z,2023-01-17T00:00:00Z,2023-01-27T00:00:00Z,3200,EA,1.18,3762,USD
X100100130,100,INBOUND,CAP-1415,Monterro - Kyoto,Spexx - Singapore,,2023-01-15T00:00:00Z,2023-01-17T00:00:00Z,2023-01-27T00:00:00Z,2023-01-17T00:00:00Z,2023-01-27T00:00:00Z,1240,EA,1.72,2128,USD
X100100168,100,INBOUND,CAP-6208,Monterro - Kyoto,Spexx - Singapore,,2023-01-15T00:00:00Z,2023-01-17T00:00:00Z,2023-01-27T00:00:00Z,2023-01-17T00:00:00Z,2023-01-27T00:00:00Z,1240,EA,2.07,2569,USD
X100100169,100,INBOUND,CAP-7654,Monterro - Kyoto,Spexx - Singapore,,2023-01-15T00:00:00Z,2023-01-17T00:00:00Z,2023-01-27T00:00:00Z,2023-01-17T00:00:00Z,2023-01-27T00:00:00Z,440,EA,2.29,1007,USD
X100100291,100,INBOUND,CAP-3996,Monterro - Kyoto,Spexx - Singapore,,2023-01-15T00:00:00Z,2023-01-17T00:00:00Z,2023-01-27T00:00:00Z,2023-01-17T00:00:00Z,2023-01-27T00:00:00Z,5120,EA,1.52,7776,USD
X100100292,100,INBOUND,CAP-9832,Monterro - Kyoto,Spexx - Singapore,,2023-01-15T00:00:00Z,2023-01-17T00:00:00Z,2023-01-27T00:00:00Z,2023-01-17T00:00:00Z,2023-01-27T00:00:00Z,5120,EA,1.65,8435,USD
X100100293,100,INBOUND,CAP-2714,Monterro - Kyoto,Spexx - Singapore,,2023-01-15T00:00:00Z,2023-01-17T00:00:00Z,2023-01-27T00:00:00Z,2023-01-17T00:00:00Z,2023-01-27T00:00:00Z,440,EA,2.63,1157,USD
X100100294,100,INBOUND,CAP-8191,Monterro - Kyoto,Spexx - Singapore,,2023-01-15T00:00:00Z,2023-01-17T00:00:00Z,2023-01-27T00:00:00Z,2023-01-17T00:00:00Z,2023-01-27T00:00:00Z,750,EA,1.79,1345,USD
X100100295,100,INBOUND,CAP-8865,Monterro - Kyoto,Spexx - Singapore,,2023-01-15T00:00:00Z,2023-01-17T00:00:00Z,2023-01-27T00:00:00Z,2023-01-17T00:00:00Z,2023-01-27T00:00:00Z,1240,EA,2.84,3519,USD
X100100296,100,INBOUND,CAP-5506,Monterro - Kyoto,Spexx - Singapore,,2023-01-15T00:00:00Z,2023-01-17T00:00:00Z,2023-01-27T00:00:00Z,2023-01-17T00:00:00Z,2023-01-27T00:00:00Z,440,EA,1.59,700,USD
X100100297,100,INBOUND,CAP-1050,Monterro - Kyoto,Spexx - Singapore,,2023-01-15T00:00:00Z,2023-01-17T00:00:00Z,2023-01-27T00:00:00Z,2023-01-17T00:00:00Z,2023-01-27T00:00:00Z,560,EA,1.11,621,USD
X100100298,100,INBOUND,CAP-5977,Monterro - Kyoto,Spexx - Singapore,,2023-01-15T00:00:00Z,2023-01-17T00:00:00Z,2023-01-27T00:00:00Z,2023-01-17T00:00:00Z,2023-01-27T00:00:00Z,750,EA,1.14,852,USD
X100100299,100,INBOUND,CAP-4796,Monterro - Kyoto,Spexx - Singapore,,2023-01-15T00:00:00Z,2023-01-17T00:00:00Z,2023-01-27T00:00:00Z,2023-01-17T00:00:00Z,2023-01-27T00:00:00Z,5120,EA,1.71,8777,USD
X100100300,100,INBOUND,CAP-1644,Monterro - Kyoto,Spexx - Singapore,,2023-01-15T00:00:00Z,2023-01-17T00:00:00Z,2023-01-27T00:00:00Z,2023-01-17T00:00:00Z,2023-01-27T00:00:00Z,5120,EA,1.44,7363,USD
X100100301,100,INBOUND,CAP-3658,Monterro - Kyoto,Spexx - Singapore,,2023-01-15T00:00:00Z,2023-01-17T00:00:00Z,2023-01-27T00:00:00Z,2023-01-17T00:00:00Z,2023-01-27T00:00:00Z,440,EA,1.82,801,USD
X100100302,100,INBOUND,CAP-8747,Monterro - Kyoto,Spexx - Singapore,,2023-01-15T00:00:00Z,2023-01-17T00:00:00Z,2023-01-27T00:00:00Z,2023-01-17T00:00:00Z,2023-01-27T00:00:00Z,440,EA,2.91,1281,USD
X100100303,100,INBOUND,CAP-9438,Monterro - Kyoto,Spexx - Singapore,,2023-01-15T00:00:00Z,2023-01-17T00:00:00Z,2023-01-27T00:00:00Z,2023-01-17T00:00:00Z,2023-01-27T00:00:00Z,440,EA,2.13,939,USD
X100100304,100,INBOUND,CAP-2263,Monterro - Kyoto,Spexx - Singapore,,2023-01-15T00:00:00Z,2023-01-17T00:00:00Z,2023-01-27T00:00:00Z,2023-01-17T00:00:00Z,2023-01-27T00:00:00Z,750,EA,2.20,1651,USD
X100100305,100,INBOUND,CAP-8588,Monterro - Kyoto,Spexx - Singapore,,2023-01-15T00:00:00Z,2023-01-17T00:00:00Z,2023-01-27T00:00:00Z,2023-01-17T00:00:00Z,2023-01-27T00:00:00Z,5120,EA,1.31,6699,USD
X100100306,100,INBOUND,CAP-1348,Monterro - Kyoto,Spexx - Singapore,,2023-01-15T00:00:00Z,2023-01-17T00:00:00Z,2023-01-27T00:00:00Z,2023-01-17T00:00:00Z,2023-01-27T00:00:00Z,560,EA,1.63,912,USD
X100100307,100,INBOUND,CAP-6181,Monterro - Kyoto,Spexx - Singapore,,2023-01-15T00:00:00Z,2023-01-17T00:00:00Z,2023-01-27T00:00:00Z,2023-01-17T00:00:00Z,2023-01-27T00:00:00Z,5120,EA,2.58,13230,USD
X100100308,100,INBOUND,CAP-5001,Monterro - Kyoto,Spexx - Singapore,,2023-01-15T00:00:00Z,2023-01-17T00:00:00Z,2023-01-27T00:00:00Z,2023-01-17T00:00:00Z,2023-01-27T00:00:00Z,750,EA,2.47,1855,USD
X100100309,100,INBOUND,CAP-2660,Monterro - Kyoto,Spexx - Singapore,,2023-01-15T00:00:00Z,2023-01-17T00:00:00Z,2023-01-27T00:00:00Z,2023-01-17T00:00:00Z,2023-01-27T00:00:00Z,750,EA,1.49,1120,USD
X100100310,100,INBOUND,CAP-8251,Monterro - Kyoto,Spexx - Singapore,,2023-01-15T00:00:00Z,2023-01-17T00:00:00Z,2023-01-27T00:00:00Z,2023-01-17T00:00:00Z,2023-01-27T00:00:00Z,560,EA,1.71,955,USD
X100100311,100,INBOUND,CAP-1987,Monterro - Kyoto,Spexx - Singapore,,2023-01-15T00:00:00Z,2023-01-17T00:00:00Z,2023-01-27T00:00:00Z,2023-01-17T00:00:00Z,2023-01-27T00:00:00Z,560,EA,1.19,668,USD
X000100312,100,INBOUND,CAP-2111,Monterro - Kyoto,Spexx - Singapore,,2023-01-15T00:00:00Z,2023-01-17T00:00:00Z,2023-01-27T00:00:00Z,2023-01-17T00:00:00Z,2023-01-27T00:00:00Z,440,EA,1.71,753,USD
X000100313,100,INBOUND,CAP-8104,Monterro - Kyoto,Spexx - Singapore,,2023-01-15T00:00:00Z,2023-01-17T00:00:00Z,2023-01-27T00:00:00Z,2023-01-17T00:00:00Z,2023-01-27T00:00:00Z,1240,EA,2.89,3579,USD
X000100314,100,INBOUND,CAP-3864,Monterro - Kyoto,Spexx - Singapore,,2023-01-15T00:00:00Z,2023-01-17T00:00:00Z,2023-01-27T00:00:00Z,2023-01-17T00:00:00Z,2023-01-27T00:00:00Z,440,EA,1.20,528,USD
X000100315,100,INBOUND,CAP-2313,Monterro - Kyoto,Spexx - Singapore,,2023-01-15T00:00:00Z,2023-01-17T00:00:00Z,2023-01-27T00:00:00Z,2023-01-17T00:00:00Z,2023-01-27T00:00:00Z,560,EA,2.10,1175,USD
X000100316,100,INBOUND,CAP-9150,Monterro - Kyoto,Spexx - Singapore,,2023-01-15T00:00:00Z,2023-01-17T00:00:00Z,2023-01-27T00:00:00Z,2023-01-17T00:00:00Z,2023-01-27T00:00:00Z,14000,EA,1.15,16155,USD
X000100317,100,INBOUND,CAP-8039,Monterro - Kyoto,Spexx - Singapore,,2023-01-15T00:00:00Z,2023-01-17T00:00:00Z,2023-01-27T00:00:00Z,2023-01-17T00:00:00Z,2023-01-27T00:00:00Z,14000,EA,2.47,34647,USD
X000100318,100,INBOUND,CAP-5383,Monterro - Kyoto,Spexx - Singapore,,2023-01-15T00:00:00Z,2023-01-17T00:00:00Z,2023-01-27T00:00:00Z,2023-01-17T00:00:00Z,2023-01-27T00:00:00Z,14000,EA,1.57,22034,USD
X000100319,100,INBOUND,CAP-3195,Monterro - Kyoto,Spexx - Singapore,,2023-01-15T00:00:00Z,2023-01-17T00:00:00Z,2023-01-27T00:00:00Z,2023-01-17T00:00:00Z,2023-01-27T00:00:00Z,14000,EA,1.49,20801,USD
X000100320,100,INBOUND,CAP-7757,Monterro - Kyoto,Spexx - Singapore,,2023-01-15T00:00:00Z,2023-01-17T00:00:00Z,2023-01-27T00:00:00Z,2023-01-17T00:00:00Z,2023-01-27T00:00:00Z,14000,EA,2.09,29317,USD
X000100358,100,INBOUND,CAP-1357,Monterro - Kyoto,Spexx - Singapore,,2023-02-15T00:00:00Z,2023-02-17T00:00:00Z,2023-02-27T00:00:00Z,2023-02-17T00:00:00Z,2023-02-27T00:00:00Z,1240,EA,1.26,1558,USD
X000100359,100,INBOUND,CAP-4822,Monterro - Kyoto,Spexx - Singapore,,2023-02-15T00:00:00Z,2023-02-17T00:00:00Z,2023-02-27T00:00:00Z,2023-02-17T00:00:00Z,2023-02-27T00:00:00Z,3200,EA,2.11,6754,USD
X000100481,100,INBOUND,CAP-5663,Monterro - Kyoto,Spexx - Singapore,,2023-02-15T00:00:00Z,2023-02-17T00:00:00Z,2023-02-27T00:00:00Z,2023-02-17T00:00:00Z,2023-02-27T00:00:00Z,440,EA,1.44,636,USD
X000100482,100,INBOUND,CAP-6796,Monterro - Kyoto,Spexx - Singapore,,2023-02-15T00:00:00Z,2023-02-17T00:00:00Z,2023-02-27T00:00:00Z,2023-02-17T00:00:00Z,2023-02-27T00:00:00Z,5120,EA,2.20,11288,USD
X000100483,100,INBOUND,CAP-8410,Monterro - Kyoto,Spexx - Singapore,,2023-02-15T00:00:00Z,2023-02-17T00:00:00Z,2023-02-27T00:00:00Z,2023-02-17T00:00:00Z,2023-02-27T00:00:00Z,440,EA,2.03,892,USD
X000100484,100,INBOUND,CAP-8241,Monterro - Kyoto,Spexx - Singapore,,2023-02-15T00:00:00Z,2023-02-17T00:00:00Z,2023-02-27T00:00:00Z,2023-02-17T00:00:00Z,2023-02-27T00:00:00Z,5120,EA,2.92,14941,USD
X000100485,100,INBOUND,CAP-8726,Monterro - Kyoto,Spexx - Singapore,,2023-02-15T00:00:00Z,2023-02-17T00:00:00Z,2023-02-27T00:00:00Z,2023-02-17T00:00:00Z,2023-02-27T00:00:00Z,750,EA,1.61,1207,USD
X000100486,100,INBOUND,CAP-2765,Monterro - Kyoto,Spexx - Singapore,,2023-02-15T00:00:00Z,2023-02-17T00:00:00Z,2023-02-27T00:00:00Z,2023-02-17T00:00:00Z,2023-02-27T00:00:00Z,5120,EA,1.02,5229,USD
X000100487,100,INBOUND,FIL-6243,Monterro - Kyoto,Spexx - Singapore,,2023-02-15T00:00:00Z,2023-02-17T00:00:00Z,2023-02-27T00:00:00Z,2023-02-17T00:00:00Z,2023-02-27T00:00:00Z,560,EA,2.19,1224,USD
X000100488,100,INBOUND,IND-6061,Monterro - Kyoto,Spexx - Singapore,,2023-02-15T00:00:00Z,2023-02-17T00:00:00Z,2023-02-27T00:00:00Z,2023-02-17T00:00:00Z,2023-02-27T00:00:00Z,750,EA,2.47,1854,USD
X000100489,100,INBOUND,IND-8854,Monterro - Kyoto,Spexx - Singapore,,2023-02-15T00:00:00Z,2023-02-17T00:00:00Z,2023-02-27T00:00:00Z,2023-02-17T00:00:00Z,2023-02-27T00:00:00Z,5120,EA,1.83,9350,USD
X000100490,100,INBOUND,IND-7885,Monterro - Kyoto,Spexx - Singapore,,2023-02-15T00:00:00Z,2023-02-17T00:00:00Z,2023-02-27T00:00:00Z,2023-02-17T00:00:00Z,2023-02-27T00:00:00Z,560,EA,2.82,1576,USD
X000100491,100,INBOUND,IND-8436,Monterro - Kyoto,Spexx - Singapore,,2023-02-15T00:00:00Z,2023-02-17T00:00:00Z,2023-02-27T00:00:00Z,2023-02-17T00:00:00Z,2023-02-27T00:00:00Z,560,EA,1.98,1109,USD
X000100492,100,INBOUND,IND-7447,Monterro - Kyoto,Spexx - Singapore,,2023-02-15T00:00:00Z,2023-02-17T00:00:00Z,2023-02-27T00:00:00Z,2023-02-17T00:00:00Z,2023-02-27T00:00:00Z,750,EA,2.65,1990,USD
X000100493,100,INBOUND,IND-6102,Monterro - Kyoto,Spexx - Singapore,,2023-02-15T00:00:00Z,2023-02-17T00:00:00Z,2023-02-27T00:00:00Z,2023-02-17T00:00:00Z,2023-02-27T00:00:00Z,750,EA,1.97,1479,USD
X000100494,100,INBOUND,IND-7550,Monterro - Kyoto,Spexx - Singapore,,2023-02-15T00:00:00Z,2023-02-17T00:00:00Z,2023-02-27T00:00:00Z,2023-02-17T00:00:00Z,2023-02-27T00:00:00Z,5120,EA,1.42,7259,USD
X000100495,100,INBOUND,IND-8973,Monterro - Kyoto,Spexx - Singapore,,2023-02-15T00:00:00Z,2023-02-17T00:00:00Z,2023-02-27T00:00:00Z,2023-02-17T00:00:00Z,2023-02-27T00:00:00Z,750,EA,1.48,1110,USD
X000100496,100,INBOUND,IND-9603,Monterro - Kyoto,Spexx - Singapore,,2023-02-15T00:00:00Z,2023-02-17T00:00:00Z,2023-02-27T00:00:00Z,2023-02-17T00:00:00Z,2023-02-27T00:00:00Z,1240,EA,1.81,2242,USD
X000100497,100,INBOUND,IND-1554,Monterro - Kyoto,Spexx - Singapore,,2023-02-15T00:00:00Z,2023-02-17T00:00:00Z,2023-02-27T00:00:00Z,2023-02-17T00:00:00Z,2023-02-27T00:00:00Z,750,EA,1.78,1336,USD
X000100498,100,INBOUND,IND-6739,Monterro - Kyoto,Spexx - Singapore,,2023-02-15T00:00:00Z,2023-02-17T00:00:00Z,2023-02-27T00:00:00Z,2023-02-17T00:00:00Z,2023-02-27T00:00:00Z,5120,EA,1.12,5747,USD
X000100499,100,INBOUND,IND-6878,Monterro - Kyoto,Spexx - Singapore,,2023-02-15T00:00:00Z,2023-02-17T00:00:00Z,2023-02-27T00:00:00Z,2023-02-17T00:00:00Z,2023-02-27T00:00:00Z,5120,EA,1.88,9634,USD
X000100500,100,INBOUND,IND-8458,Monterro - Kyoto,Spexx - Singapore,,2023-02-15T00:00:00Z,2023-02-17T00:00:00Z,2023-02-27T00:00:00Z,2023-02-17T00:00:00Z,2023-02-27T00:00:00Z,560,EA,2.72,1522,USD
X000100501,100,INBOUND,IND-3167,Monterro - Kyoto,Spexx - Singapore,,2023-02-15T00:00:00Z,2023-02-17T00:00:00Z,2023-02-27T00:00:00Z,2023-02-17T00:00:00Z,2023-02-27T00:00:00Z,560,EA,2.31,1296,USD
X000100502,100,INBOUND,IND-7593,Monterro - Kyoto,Spexx - Singapore,,2023-02-15T00:00:00Z,2023-02-17T00:00:00Z,2023-02-27T00:00:00Z,2023-02-17T00:00:00Z,2023-02-27T00:00:00Z,750,EA,1.60,1203,USD
X000100503,100,INBOUND,IND-6782,Monterro - Kyoto,Spexx - Singapore,,2023-02-15T00:00:00Z,2023-02-17T00:00:00Z,2023-02-27T00:00:00Z,2023-02-17T00:00:00Z,2023-02-27T00:00:00Z,440,EA,2.17,956,USD
X000100504,100,INBOUND,IND-3360,Monterro - Kyoto,Spexx - Singapore,,2023-02-15T00:00:00Z,2023-02-17T00:00:00Z,2023-02-27T00:00:00Z,2023-02-17T00:00:00Z,2023-02-27T00:00:00Z,440,EA,2.23,980,USD
X000100505,100,INBOUND,IND-7600,Monterro - Kyoto,Spexx - Singapore,,2023-02-15T00:00:00Z,2023-02-17T00:00:00Z,2023-02-27T00:00:00Z,2023-02-17T00:00:00Z,2023-02-27T00:00:00Z,560,EA,1.60,897,USD
X000100506,100,INBOUND,IND-6706,Monterro - Kyoto,Spexx - Singapore,,2023-02-15T00:00:00Z,2023-02-17T00:00:00Z,2023-02-27T00:00:00Z,2023-02-17T00:00:00Z,2023-02-27T00:00:00Z,440,EA,1.10,483,USD
X000100507,100,INBOUND,IND-4990,Monterro - Kyoto,Spexx - Singapore,,2023-02-15T00:00:00Z,2023-02-17T00:00:00Z,2023-02-27T00:00:00Z,2023-02-17T00:00:00Z,2023-02-27T00:00:00Z,750,EA,1.44,1078,USD
X000100508,100,INBOUND,IND-9750,Monterro - Kyoto,Spexx - Singapore,,2023-02-15T00:00:00Z,2023-02-17T00:00:00Z,2023-02-27T00:00:00Z,2023-02-17T00:00:00Z,2023-02-27T00:00:00Z,750,EA,1.10,822,USD
X000100509,100,INBOUND,IND-9878,Monterro - Kyoto,Spexx - Singapore,,2023-02-15T00:00:00Z,2023-02-17T00:00:00Z,2023-02-27T00:00:00Z,2023-02-17T00:00:00Z,2023-02-27T00:00:00Z,750,EA,2.77,2078,USD
X000100510,100,INBOUND,IND-1399,Monterro - Kyoto,Spexx - Singapore,,2023-02-15T00:00:00Z,2023-02-17T00:00:00Z,2023-02-27T00:00:00Z,2023-02-17T00:00:00Z,2023-02-27T00:00:00Z,560,EA,1.21,676,USD
X000100548,100,INBOUND,IND-4845,Monterro - Kyoto,Spexx - Singapore,,2023-02-15T00:00:00Z,2023-02-17T00:00:00Z,2023-02-27T00:00:00Z,2023-02-17T00:00:00Z,2023-02-27T00:00:00Z,560,EA,2.83,1587,USD
X000100549,100,INBOUND,IND-8535,Monterro - Kyoto,Spexx - Singapore,,2023-02-15T00:00:00Z,2023-02-17T00:00:00Z,2023-02-27T00:00:00Z,2023-02-17T00:00:00Z,2023-02-27T00:00:00Z,14000,EA,2.29,32092,USD
X000100671,100,INBOUND,IND-7445,Monterro - Kyoto,Spexx - Singapore,,2023-02-15T00:00:00Z,2023-02-17T00:00:00Z,2023-02-27T00:00:00Z,2023-02-17T00:00:00Z,2023-02-27T00:00:00Z,5120,EA,2.25,11513,USD
X000100672,100,INBOUND,IND-8803,Monterro - Kyoto,Spexx - Singapore,,2023-02-15T00:00:00Z,2023-02-17T00:00:00Z,2023-02-27T00:00:00Z,2023-02-17T00:00:00Z,2023-02-27T00:00:00Z,560,EA,1.14,637,USD
X000100673,100,INBOUND,IND-5972,Monterro - Kyoto,Spexx - Singapore,,2023-02-15T00:00:00Z,2023-02-17T00:00:00Z,2023-02-27T00:00:00Z,2023-02-17T00:00:00Z,2023-02-27T00:00:00Z,5120,EA,2.00,10266,USD
X000100674,100,INBOUND,IND-6223,Monterro - Kyoto,Spexx - Singapore,,2023-02-15T00:00:00Z,2023-02-17T00:00:00Z,2023-02-27T00:00:00Z,2023-02-17T00:00:00Z,2023-02-27T00:00:00Z,440,EA,1.22,538,USD
X000100675,100,INBOUND,IND-4828,Monterro - Kyoto,Spexx - Singapore,,2023-02-15T00:00:00Z,2023-02-17T00:00:00Z,2023-02-27T00:00:00Z,2023-02-17T00:00:00Z,2023-02-27T00:00:00Z,5120,EA,2.59,13262,USD
X000100676,100,INBOUND,IND-2921,Monterro - Kyoto,Spexx - Singapore,,2023-02-15T00:00:00Z,2023-02-17T00:00:00Z,2023-02-27T00:00:00Z,2023-02-17T00:00:00Z,2023-02-27T00:00:00Z,440,EA,2.90,1277,USD
X000100677,100,INBOUND,IND-6523,Monterro - Kyoto,Spexx - Singapore,,2023-02-15T00:00:00Z,2023-02-17T00:00:00Z,2023-02-27T00:00:00Z,2023-02-17T00:00:00Z,2023-02-27T00:00:00Z,5120,EA,2.40,12282,USD
X000100678,100,INBOUND,IND-4517,Monterro - Kyoto,Spexx - Singapore,,2023-02-15T00:00:00Z,2023-02-17T00:00:00Z,2023-02-27T00:00:00Z,2023-02-17T00:00:00Z,2023-02-27T00:00:00Z,750,EA,2.59,1943,USD
X000100679,100,INBOUND,IND-7166,Monterro - Kyoto,Spexx - Singapore,,2023-02-15T00:00:00Z,2023-02-17T00:00:00Z,2023-02-27T00:00:00Z,2023-02-17T00:00:00Z,2023-02-27T00:00:00Z,5120,EA,2.27,11608,USD
X000100680,100,INBOUND,IND-2617,Monterro - Kyoto,Spexx - Singapore,,2023-02-15T00:00:00Z,2023-02-17T00:00:00Z,2023-02-27T00:00:00Z,2023-02-17T00:00:00Z,2023-02-27T00:00:00Z,560,EA,2.05,1147,USD
X000100681,100,INBOUND,IND-8447,Monterro - Kyoto,Spexx - Singapore,,2023-02-15T00:00:00Z,2023-02-17T00:00:00Z,2023-02-27T00:00:00Z,2023-02-17T00:00:00Z,2023-02-27T00:00:00Z,750,EA,1.22,913,USD
X000100682,100,INBOUND,IND-7149,Monterro - Kyoto,Spexx - Singapore,,2023-02-15T00:00:00Z,2023-02-17T00:00:00Z,2023-02-27T00:00:00Z,2023-02-17T00:00:00Z,2023-02-27T00:00:00Z,5120,EA,2.55,13059,USD
X000100683,100,INBOUND,IND-3671,Monterro - Kyoto,Spexx - Singapore,,2023-02-15T00:00:00Z,2023-02-17T00:00:00Z,2023-02-27T00:00:00Z,2023-02-17T00:00:00Z,2023-02-27T00:00:00Z,560,EA,2.03,1139,USD
X000100684,100,INBOUND,IND-1968,Monterro - Kyoto,Spexx - Singapore,,2023-02-15T00:00:00Z,2023-02-17T00:00:00Z,2023-02-27T00:00:00Z,2023-02-17T00:00:00Z,2023-02-27T00:00:00Z,560,EA,1.63,910,USD
X000100685,100,INBOUND,IND-1437,Monterro - Kyoto,Spexx - Singapore,,2023-02-15T00:00:00Z,2023-02-17T00:00:00Z,2023-02-27T00:00:00Z,2023-02-17T00:00:00Z,2023-02-27T00:00:00Z,750,EA,2.78,2087,USD
X000100686,100,INBOUND,THR-3049,Monterro - Kyoto,Spexx - Singapore,,2023-02-15T00:00:00Z,2023-02-17T00:00:00Z,2023-02-27T00:00:00Z,2023-02-17T00:00:00Z,2023-02-27T00:00:00Z,750,EA,2.46,1846,USD
X000100687,100,INBOUND,CAP-2071,Monterro - Kyoto,Spexx - Singapore,,2023-02-15T00:00:00Z,2023-02-17T00:00:00Z,2023-02-27T00:00:00Z,2023-02-17T00:00:00Z,2023-02-27T00:00:00Z,5120,EA,1.30,6653,USD
X000100688,100,INBOUND,CAP-1613,Monterro - Kyoto,Spexx - Singapore,,2023-02-15T00:00:00Z,2023-02-17T00:00:00Z,2023-02-27T00:00:00Z,2023-02-17T00:00:00Z,2023-02-27T00:00:00Z,750,EA,1.18,886,USD
X000100689,100,INBOUND,CAP-4362,Monterro - Kyoto,Spexx - Singapore,,2023-02-15T00:00:00Z,2023-02-17T00:00:00Z,2023-02-27T00:00:00Z,2023-02-17T00:00:00Z,2023-02-27T00:00:00Z,1240,EA,2.72,3377,USD
X000100690,100,INBOUND,CAP-4438,Monterro - Kyoto,Spexx - Singapore,,2023-02-15T00:00:00Z,2023-02-17T00:00:00Z,2023-02-27T00:00:00Z,2023-02-17T00:00:00Z,2023-02-27T00:00:00Z,750,EA,1.14,854,USD
X000100691,100,INBOUND,CAP-5233,Monterro - Kyoto,Spexx - Singapore,,2023-02-15T00:00:00Z,2023-02-17T00:00:00Z,2023-02-27T00:00:00Z,2023-02-17T00:00:00Z,2023-02-27T00:00:00Z,5120,EA,1.81,9279,USD
X000100692,100,INBOUND,CAP-8582,Monterro - Kyoto,Spexx - Singapore,,2023-02-15T00:00:00Z,2023-02-17T00:00:00Z,2023-02-27T00:00:00Z,2023-02-17T00:00:00Z,2023-02-27T00:00:00Z,5120,EA,1.13,5780,USD
X000100693,100,INBOUND,CAP-5148,Monterro - Kyoto,Spexx - Singapore,,2023-02-15T00:00:00Z,2023-02-17T00:00:00Z,2023-02-27T00:00:00Z,2023-02-17T00:00:00Z,2023-02-27T00:00:00Z,560,EA,2.76,1547,USD
X000100694,100,INBOUND,CAP-8522,Monterro - Kyoto,Spexx - Singapore,,2023-02-15T00:00:00Z,2023-02-17T00:00:00Z,2023-02-27T00:00:00Z,2023-02-17T00:00:00Z,2023-02-27T00:00:00Z,560,EA,2.19,1228,USD
X000100695,100,INBOUND,CAP-4715,Monterro - Kyoto,Spexx - Singapore,,2023-02-15T00:00:00Z,2023-02-17T00:00:00Z,2023-02-27T00:00:00Z,2023-02-17T00:00:00Z,2023-02-27T00:00:00Z,750,EA,1.06,791,USD
X000100696,100,INBOUND,CAP-8165,Monterro - Kyoto,Spexx - Singapore,,2023-02-15T00:00:00Z,2023-02-17T00:00:00Z,2023-02-27T00:00:00Z,2023-02-17T00:00:00Z,2023-02-27T00:00:00Z,440,EA,1.71,751,USD
X000100697,100,INBOUND,CAP-5090,Monterro - Kyoto,Spexx - Singapore,,2023-02-15T00:00:00Z,2023-02-17T00:00:00Z,2023-02-27T00:00:00Z,2023-02-17T00:00:00Z,2023-02-27T00:00:00Z,440,EA,2.86,1257,USD
X000100698,100,INBOUND,CAP-4902,Monterro - Kyoto,Spexx - Singapore,,2023-02-15T00:00:00Z,2023-02-17T00:00:00Z,2023-02-27T00:00:00Z,2023-02-17T00:00:00Z,2023-02-27T00:00:00Z,560,EA,2.98,1670,USD
X000100699,100,INBOUND,CAP-2661,Monterro - Kyoto,Spexx - Singapore,,2023-02-15T00:00:00Z,2023-02-17T00:00:00Z,2023-02-27T00:00:00Z,2023-02-17T00:00:00Z,2023-02-27T00:00:00Z,440,EA,1.58,694,USD
X000100700,100,INBOUND,CAP-7931,Monterro - Kyoto,Spexx - Singapore,,2023-02-15T00:00:00Z,2023-02-17T00:00:00Z,2023-02-27T00:00:00Z,2023-02-17T00:00:00Z,2023-02-27T00:00:00Z,560,EA,1.08,604,USD
X000100738,100,INBOUND,CAP-8130,Monterro - Kyoto,Spexx - Singapore,,2023-03-15T00:00:00Z,2023-03-17T00:00:00Z,2023-03-27T00:00:00Z,2023-03-17T00:00:00Z,2023-03-27T00:00:00Z,560,EA,2.24,1252,USD
X000100739,100,INBOUND,CAP-6713,Monterro - Kyoto,Spexx - Singapore,,2023-03-15T00:00:00Z,2023-03-17T00:00:00Z,2023-03-27T00:00:00Z,2023-03-17T00:00:00Z,2023-03-27T00:00:00Z,440,EA,1.97,868,USD
X000100861,100,INBOUND,CAP-1851,Monterro - Kyoto,Spexx - Singapore,,2023-03-15T00:00:00Z,2023-03-17T00:00:00Z,2023-03-27T00:00:00Z,2023-03-17T00:00:00Z,2023-03-27T00:00:00Z,3200,EA,2.14,6845,USD
X000100862,100,INBOUND,CAP-8034,Monterro - Kyoto,Spexx - Singapore,,2023-03-15T00:00:00Z,2023-03-17T00:00:00Z,2023-03-27T00:00:00Z,2023-03-17T00:00:00Z,2023-03-27T00:00:00Z,3200,EA,2.20,7054,USD
X000100863,100,INBOUND,CAP-6852,Monterro - Kyoto,Spexx - Singapore,,2023-03-15T00:00:00Z,2023-03-17T00:00:00Z,2023-03-27T00:00:00Z,2023-03-17T00:00:00Z,2023-03-27T00:00:00Z,3200,EA,2.20,7025,USD
X000100864,100,INBOUND,CAP-7487,Monterro - Kyoto,Spexx - Singapore,,2023-03-15T00:00:00Z,2023-03-17T00:00:00Z,2023-03-27T00:00:00Z,2023-03-17T00:00:00Z,2023-03-27T00:00:00Z,1240,EA,2.20,2725,USD
X000100865,100,INBOUND,CAP-3302,Monterro - Kyoto,Spexx - Singapore,,2023-03-15T00:00:00Z,2023-03-17T00:00:00Z,2023-03-27T00:00:00Z,2023-03-17T00:00:00Z,2023-03-27T00:00:00Z,1240,EA,1.87,2321,USD
X000100866,100,INBOUND,CAP-3185,Monterro - Kyoto,Spexx - Singapore,,2023-03-15T00:00:00Z,2023-03-17T00:00:00Z,2023-03-27T00:00:00Z,2023-03-17T00:00:00Z,2023-03-27T00:00:00Z,1240,EA,1.23,1519,USD
X000100867,100,INBOUND,CAP-4449,Monterro - Kyoto,Spexx - Singapore,,2023-03-15T00:00:00Z,2023-03-17T00:00:00Z,2023-03-27T00:00:00Z,2023-03-17T00:00:00Z,2023-03-27T00:00:00Z,1240,EA,2.86,3551,USD
X000100868,100,INBOUND,CAP-8554,Monterro - Kyoto,Spexx - Singapore,,2023-03-15T00:00:00Z,2023-03-17T00:00:00Z,2023-03-27T00:00:00Z,2023-03-17T00:00:00Z,2023-03-27T00:00:00Z,440,EA,1.09,480,USD
X000100869,100,INBOUND,CAP-3871,Monterro - Kyoto,Spexx - Singapore,,2023-03-15T00:00:00Z,2023-03-17T00:00:00Z,2023-03-27T00:00:00Z,2023-03-17T00:00:00Z,2023-03-27T00:00:00Z,440,EA,1.54,679,USD
X000100870,100,INBOUND,CAP-1130,Monterro - Kyoto,Spexx - Singapore,,2023-03-15T00:00:00Z,2023-03-17T00:00:00Z,2023-03-27T00:00:00Z,2023-03-17T00:00:00Z,2023-03-27T00:00:00Z,1240,EA,1.86,2305,USD
X000100871,100,INBOUND,CAP-6971,Monterro - Kyoto,Spexx - Singapore,,2023-03-15T00:00:00Z,2023-03-17T00:00:00Z,2023-03-27T00:00:00Z,2023-03-17T00:00:00Z,2023-03-27T00:00:00Z,440,EA,2.38,1046,USD
X000100872,100,INBOUND,CAP-7773,Monterro - Kyoto,Spexx - Singapore,,2023-03-15T00:00:00Z,2023-03-17T00:00:00Z,2023-03-27T00:00:00Z,2023-03-17T00:00:00Z,2023-03-27T00:00:00Z,440,EA,1.99,875,USD
X000100873,100,INBOUND,CAP-7697,Monterro - Kyoto,Spexx - Singapore,,2023-03-15T00:00:00Z,2023-03-17T00:00:00Z,2023-03-27T00:00:00Z,2023-03-17T00:00:00Z,2023-03-27T00:00:00Z,560,EA,1.18,658,USD
X000100874,100,INBOUND,CAP-1415,Monterro - Kyoto,Spexx - Singapore,,2023-03-15T00:00:00Z,2023-03-17T00:00:00Z,2023-03-27T00:00:00Z,2023-03-17T00:00:00Z,2023-03-27T00:00:00Z,560,EA,1.72,961,USD
X000100875,100,INBOUND,CAP-6208,Monterro - Kyoto,Spexx - Singapore,,2023-03-15T00:00:00Z,2023-03-17T00:00:00Z,2023-03-27T00:00:00Z,2023-03-17T00:00:00Z,2023-03-27T00:00:00Z,5120,EA,2.07,10609,USD
X000100876,100,INBOUND,CAP-7654,Monterro - Kyoto,Spexx - Singapore,,2023-03-15T00:00:00Z,2023-03-17T00:00:00Z,2023-03-27T00:00:00Z,2023-03-17T00:00:00Z,2023-03-27T00:00:00Z,440,EA,2.29,1007,USD
X000100877,100,INBOUND,CAP-3996,Monterro - Kyoto,Spexx - Singapore,,2023-03-15T00:00:00Z,2023-03-17T00:00:00Z,2023-03-27T00:00:00Z,2023-03-17T00:00:00Z,2023-03-27T00:00:00Z,5120,EA,1.52,7776,USD
X000100878,100,INBOUND,CAP-9832,Monterro - Kyoto,Spexx - Singapore,,2023-03-15T00:00:00Z,2023-03-17T00:00:00Z,2023-03-27T00:00:00Z,2023-03-17T00:00:00Z,2023-03-27T00:00:00Z,560,EA,1.65,923,USD
X000100879,100,INBOUND,CAP-2714,Monterro - Kyoto,Spexx - Singapore,,2023-03-15T00:00:00Z,2023-03-17T00:00:00Z,2023-03-27T00:00:00Z,2023-03-17T00:00:00Z,2023-03-27T00:00:00Z,5120,EA,2.63,13464,USD
X000100880,100,INBOUND,CAP-8191,Monterro - Kyoto,Spexx - Singapore,,2023-03-15T00:00:00Z,2023-03-17T00:00:00Z,2023-03-27T00:00:00Z,2023-03-17T00:00:00Z,2023-03-27T00:00:00Z,440,EA,1.79,789,USD
X000100881,100,INBOUND,CAP-8865,Monterro - Kyoto,Spexx - Singapore,,2023-03-15T00:00:00Z,2023-03-17T00:00:00Z,2023-03-27T00:00:00Z,2023-03-17T00:00:00Z,2023-03-27T00:00:00Z,5120,EA,2.84,14531,USD
X000100882,100,INBOUND,CAP-5506,Monterro - Kyoto,Spexx - Singapore,,2023-03-15T00:00:00Z,2023-03-17T00:00:00Z,2023-03-27T00:00:00Z,2023-03-17T00:00:00Z,2023-03-27T00:00:00Z,440,EA,1.59,700,USD
X000100883,100,INBOUND,CAP-1050,Monterro - Kyoto,Spexx - Singapore,,2023-03-15T00:00:00Z,2023-03-17T00:00:00Z,2023-03-27T00:00:00Z,2023-03-17T00:00:00Z,2023-03-27T00:00:00Z,5120,EA,1.11,5681,USD
X000100884,100,INBOUND,CAP-5977,Monterro - Kyoto,Spexx - Singapore,,2023-03-15T00:00:00Z,2023-03-17T00:00:00Z,2023-03-27T00:00:00Z,2023-03-17T00:00:00Z,2023-03-27T00:00:00Z,750,EA,1.14,852,USD
X000100885,100,INBOUND,CAP-4796,Monterro - Kyoto,Spexx - Singapore,,2023-03-15T00:00:00Z,2023-03-17T00:00:00Z,2023-03-27T00:00:00Z,2023-03-17T00:00:00Z,2023-03-27T00:00:00Z,5120,EA,1.71,8777,USD
X000100886,100,INBOUND,CAP-1644,Monterro - Kyoto,Spexx - Singapore,,2023-03-15T00:00:00Z,2023-03-17T00:00:00Z,2023-03-27T00:00:00Z,2023-03-17T00:00:00Z,2023-03-27T00:00:00Z,560,EA,1.44,805,USD
X000100887,100,INBOUND,CAP-3658,Monterro - Kyoto,Spexx - Singapore,,2023-03-15T00:00:00Z,2023-03-17T00:00:00Z,2023-03-27T00:00:00Z,2023-03-17T00:00:00Z,2023-03-27T00:00:00Z,750,EA,1.82,1366,USD
X000100888,100,INBOUND,CAP-8747,Monterro - Kyoto,Spexx - Singapore,,2023-03-15T00:00:00Z,2023-03-17T00:00:00Z,2023-03-27T00:00:00Z,2023-03-17T00:00:00Z,2023-03-27T00:00:00Z,440,EA,2.91,1281,USD
X000100889,100,INBOUND,CAP-9438,Monterro - Kyoto,Spexx - Singapore,,2023-03-15T00:00:00Z,2023-03-17T00:00:00Z,2023-03-27T00:00:00Z,2023-03-17T00:00:00Z,2023-03-27T00:00:00Z,440,EA,2.13,939,USD
X000100890,100,INBOUND,CAP-2263,Monterro - Kyoto,Spexx - Singapore,,2023-03-15T00:00:00Z,2023-03-17T00:00:00Z,2023-03-27T00:00:00Z,2023-03-17T00:00:00Z,2023-03-27T00:00:00Z,1240,EA,2.20,2730,USD
X000100928,100,INBOUND,CAP-8588,Monterro - Kyoto,Spexx - Singapore,,2023-03-15T00:00:00Z,2023-03-17T00:00:00Z,2023-03-27T00:00:00Z,2023-03-17T00:00:00Z,2023-03-27T00:00:00Z,750,EA,1.31,981,USD
X000100929,100,INBOUND,CAP-1348,Monterro - Kyoto,Spexx - Singapore,,2023-03-15T00:00:00Z,2023-03-17T00:00:00Z,2023-03-27T00:00:00Z,2023-03-17T00:00:00Z,2023-03-27T00:00:00Z,440,EA,1.63,716,USD
X000101051,100,INBOUND,CAP-6181,Monterro - Kyoto,Spexx - Singapore,,2023-03-15T00:00:00Z,2023-03-17T00:00:00Z,2023-03-27T00:00:00Z,2023-03-17T00:00:00Z,2023-03-27T00:00:00Z,3200,EA,2.58,8269,USD
X000101052,100,INBOUND,CAP-5001,Monterro - Kyoto,Spexx - Singapore,,2023-03-15T00:00:00Z,2023-03-17T00:00:00Z,2023-03-27T00:00:00Z,2023-03-17T00:00:00Z,2023-03-27T00:00:00Z,3200,EA,2.47,7916,USD
X000101053,100,INBOUND,CAP-2660,Monterro - Kyoto,Spexx - Singapore,,2023-03-15T00:00:00Z,2023-03-17T00:00:00Z,2023-03-27T00:00:00Z,2023-03-17T00:00:00Z,2023-03-27T00:00:00Z,3200,EA,1.49,4779,USD
X000101054,100,INBOUND,CAP-8251,Monterro - Kyoto,Spexx - Singapore,,2023-03-15T00:00:00Z,2023-03-17T00:00:00Z,2023-03-27T00:00:00Z,2023-03-17T00:00:00Z,2023-03-27T00:00:00Z,1240,EA,1.71,2115,USD
X000101055,100,INBOUND,CAP-1987,Monterro - Kyoto,Spexx - Singapore,,2023-03-15T00:00:00Z,2023-03-17T00:00:00Z,2023-03-27T00:00:00Z,2023-03-17T00:00:00Z,2023-03-27T00:00:00Z,1240,EA,1.19,1480,USD
X000101056,100,INBOUND,CAP-2111,Monterro - Kyoto,Spexx - Singapore,,2023-03-15T00:00:00Z,2023-03-17T00:00:00Z,2023-03-27T00:00:00Z,2023-03-17T00:00:00Z,2023-03-27T00:00:00Z,1240,EA,1.71,2122,USD
X000101057,100,INBOUND,CAP-8104,Monterro - Kyoto,Spexx - Singapore,,2023-03-15T00:00:00Z,2023-03-17T00:00:00Z,2023-03-27T00:00:00Z,2023-03-17T00:00:00Z,2023-03-27T00:00:00Z,1240,EA,2.89,3579,USD
X000101058,100,INBOUND,CAP-3864,Monterro - Kyoto,Spexx - Singapore,,2023-03-15T00:00:00Z,2023-03-17T00:00:00Z,2023-03-27T00:00:00Z,2023-03-17T00:00:00Z,2023-03-27T00:00:00Z,3200,EA,1.20,3840,USD
X000101059,100,INBOUND,CAP-2313,Monterro - Kyoto,Spexx - Singapore,,2023-03-15T00:00:00Z,2023-03-17T00:00:00Z,2023-03-27T00:00:00Z,2023-03-17T00:00:00Z,2023-03-27T00:00:00Z,3200,EA,2.10,6714,USD
X000101060,100,INBOUND,CAP-9150,Monterro - Kyoto,Spexx - Singapore,,2023-03-15T00:00:00Z,2023-03-17T00:00:00Z,2023-03-27T00:00:00Z,2023-03-17T00:00:00Z,2023-03-27T00:00:00Z,3200,EA,1.15,3693,USD
X000101061,100,INBOUND,CAP-8039,Monterro - Kyoto,Spexx - Singapore,,2023-03-15T00:00:00Z,2023-03-17T00:00:00Z,2023-03-27T00:00:00Z,2023-03-17T00:00:00Z,2023-03-27T00:00:00Z,3200,EA,2.47,7919,USD
X000101062,100,INBOUND,CAP-5383,Monterro - Kyoto,Spexx - Singapore,,2023-03-15T00:00:00Z,2023-03-17T00:00:00Z,2023-03-27T00:00:00Z,2023-03-17T00:00:00Z,2023-03-27T00:00:00Z,1240,EA,1.57,1952,USD
X000101063,100,INBOUND,CAP-3195,Monterro - Kyoto,Spexx - Singapore,,2023-03-15T00:00:00Z,2023-03-17T00:00:00Z,2023-03-27T00:00:00Z,2023-03-17T00:00:00Z,2023-03-27T00:00:00Z,3200,EA,1.49,4755,USD
X000101064,100,INBOUND,CAP-7757,Monterro - Kyoto,Spexx - Singapore,,2023-03-15T00:00:00Z,2023-03-17T00:00:00Z,2023-03-27T00:00:00Z,2023-03-17T00:00:00Z,2023-03-27T00:00:00Z,1240,EA,2.09,2597,USD
X000101065,100,INBOUND,CAP-1357,Monterro - Kyoto,Spexx - Singapore,,2023-03-15T00:00:00Z,2023-03-17T00:00:00Z,2023-03-27T00:00:00Z,2023-03-17T00:00:00Z,2023-03-27T00:00:00Z,3200,EA,1.26,4021,USD
X000101066,100,INBOUND,CAP-4822,Monterro - Kyoto,Spexx - Singapore,,2023-03-15T00:00:00Z,2023-03-17T00:00:00Z,2023-03-27T00:00:00Z,2023-03-17T00:00:00Z,2023-03-27T00:00:00Z,3200,EA,2.11,6754,USD
X000101067,100,INBOUND,CAP-5663,Monterro - Kyoto,Spexx - Singapore,,2023-03-15T00:00:00Z,2023-03-17T00:00:00Z,2023-03-27T00:00:00Z,2023-03-17T00:00:00Z,2023-03-27T00:00:00Z,3200,EA,1.44,4623,USD
X000101068,100,INBOUND,CAP-6796,Monterro - Kyoto,Spexx - Singapore,,2023-03-15T00:00:00Z,2023-03-17T00:00:00Z,2023-03-27T00:00:00Z,2023-03-17T00:00:00Z,2023-03-27T00:00:00Z,1240,EA,2.20,2734,USD
X000101069,100,INBOUND,CAP-8410,Monterro - Kyoto,Spexx - Singapore,,2023-03-15T00:00:00Z,2023-03-17T00:00:00Z,2023-03-27T00:00:00Z,2023-03-17T00:00:00Z,2023-03-27T00:00:00Z,1240,EA,2.03,2513,USD
X000101070,100,INBOUND,CAP-8241,Monterro - Kyoto,Spexx - Singapore,,2023-03-15T00:00:00Z,2023-03-17T00:00:00Z,2023-03-27T00:00:00Z,2023-03-17T00:00:00Z,2023-03-27T00:00:00Z,1240,EA,2.92,3619,USD
X000101071,100,INBOUND,CAP-8726,Monterro - Kyoto,Spexx - Singapore,,2023-03-15T00:00:00Z,2023-03-17T00:00:00Z,2023-03-27T00:00:00Z,2023-03-17T00:00:00Z,2023-03-27T00:00:00Z,1240,EA,1.61,1996,USD
X000101072,100,INBOUND,CAP-2765,Monterro - Kyoto,Spexx - Singapore,,2023-03-15T00:00:00Z,2023-03-17T00:00:00Z,2023-03-27T00:00:00Z,2023-03-17T00:00:00Z,2023-03-27T00:00:00Z,1240,EA,1.02,1266,USD
X000101073,100,INBOUND,FIL-6243,Monterro - Kyoto,Spexx - Singapore,,2023-03-15T00:00:00Z,2023-03-17T00:00:00Z,2023-03-27T00:00:00Z,2023-03-17T00:00:00Z,2023-03-27T00:00:00Z,3200,EA,2.19,6997,USD
X000101074,100,INBOUND,IND-6061,Monterro - Kyoto,Spexx - Singapore,,2023-03-15T00:00:00Z,2023-03-17T00:00:00Z,2023-03-27T00:00:00Z,2023-03-17T00:00:00Z,2023-03-27T00:00:00Z,3200,EA,2.47,7911,USD
X000101075,100,INBOUND,IND-8854,Monterro - Kyoto,Spexx - Singapore,,2023-03-15T00:00:00Z,2023-03-17T00:00:00Z,2023-03-27T00:00:00Z,2023-03-17T00:00:00Z,2023-03-27T00:00:00Z,3200,EA,1.83,5844,USD
X000101076,100,INBOUND,IND-7885,Monterro - Kyoto,Spexx - Singapore,,2023-03-15T00:00:00Z,2023-03-17T00:00:00Z,2023-03-27T00:00:00Z,2023-03-17T00:00:00Z,2023-03-27T00:00:00Z,3200,EA,2.82,9008,USD
X000101077,100,INBOUND,IND-8436,Monterro - Kyoto,Spexx - Singapore,,2023-03-15T00:00:00Z,2023-03-17T00:00:00Z,2023-03-27T00:00:00Z,2023-03-17T00:00:00Z,2023-03-27T00:00:00Z,1240,EA,1.98,2455,USD
X000101078,100,INBOUND,IND-7447,Monterro - Kyoto,Spexx - Singapore,,2023-03-15T00:00:00Z,2023-03-17T00:00:00Z,2023-03-27T00:00:00Z,2023-03-17T00:00:00Z,2023-03-27T00:00:00Z,1240,EA,2.65,3291,USD
X000101079,100,INBOUND,IND-6102,Monterro - Kyoto,Spexx - Singapore,,2023-03-15T00:00:00Z,2023-03-17T00:00:00Z,2023-03-27T00:00:00Z,2023-03-17T00:00:00Z,2023-03-27T00:00:00Z,1240,EA,1.97,2445,USD
X000101080,100,INBOUND,IND-7550,Monterro - Kyoto,Spexx - Singapore,,2023-03-15T00:00:00Z,2023-03-17T00:00:00Z,2023-03-27T00:00:00Z,2023-03-17T00:00:00Z,2023-03-27T00:00:00Z,1240,EA,1.42,1758,USD
X000101118,100,INBOUND,IND-8973,Monterro - Kyoto,Spexx - Singapore,,2023-03-15T00:00:00Z,2023-03-17T00:00:00Z,2023-03-27T00:00:00Z,2023-03-17T00:00:00Z,2023-03-27T00:00:00Z,5120,EA,1.48,7576,USD
X000101119,100,INBOUND,IND-9603,Monterro - Kyoto,Spexx - Singapore,,2023-03-15T00:00:00Z,2023-03-17T00:00:00Z,2023-03-27T00:00:00Z,2023-03-17T00:00:00Z,2023-03-27T00:00:00Z,560,EA,1.81,1012,USD
X000101241,100,INBOUND,IND-1554,Monterro - Kyoto,Spexx - Singapore,,2023-03-15T00:00:00Z,2023-03-17T00:00:00Z,2023-03-27T00:00:00Z,2023-03-17T00:00:00Z,2023-03-27T00:00:00Z,750,EA,1.78,1336,USD
X000101242,100,INBOUND,IND-6739,Monterro - Kyoto,Spexx - Singapore,,2023-03-15T00:00:00Z,2023-03-17T00:00:00Z,2023-03-27T00:00:00Z,2023-03-17T00:00:00Z,2023-03-27T00:00:00Z,560,EA,1.12,629,USD
X000101243,100,INBOUND,IND-6878,Monterro - Kyoto,Spexx - Singapore,,2023-03-15T00:00:00Z,2023-03-17T00:00:00Z,2023-03-27T00:00:00Z,2023-03-17T00:00:00Z,2023-03-27T00:00:00Z,560,EA,1.88,1054,USD
X000101244,100,INBOUND,IND-8458,Monterro - Kyoto,Spexx - Singapore,,2023-03-15T00:00:00Z,2023-03-17T00:00:00Z,2023-03-27T00:00:00Z,2023-03-17T00:00:00Z,2023-03-27T00:00:00Z,440,EA,2.72,1196,USD
X000101245,100,INBOUND,IND-3167,Monterro - Kyoto,Spexx - Singapore,,2023-03-15T00:00:00Z,2023-03-17T00:00:00Z,2023-03-27T00:00:00Z,2023-03-17T00:00:00Z,2023-03-27T00:00:00Z,1240,EA,2.31,2869,USD
X000101246,100,INBOUND,IND-7593,Monterro - Kyoto,Spexx - Singapore,,2023-03-15T00:00:00Z,2023-03-17T00:00:00Z,2023-03-27T00:00:00Z,2023-03-17T00:00:00Z,2023-03-27T00:00:00Z,440,EA,1.60,706,USD
X000101247,100,INBOUND,IND-6782,Monterro - Kyoto,Spexx - Singapore,,2023-03-15T00:00:00Z,2023-03-17T00:00:00Z,2023-03-27T00:00:00Z,2023-03-17T00:00:00Z,2023-03-27T00:00:00Z,560,EA,2.17,1217,USD
X000101248,100,INBOUND,IND-3360,Monterro - Kyoto,Spexx - Singapore,,2023-03-15T00:00:00Z,2023-03-17T00:00:00Z,2023-03-27T00:00:00Z,2023-03-17T00:00:00Z,2023-03-27T00:00:00Z,14000,EA,2.23,31171,USD
X000101249,100,INBOUND,IND-7600,Monterro - Kyoto,Spexx - Singapore,,2023-03-15T00:00:00Z,2023-03-17T00:00:00Z,2023-03-27T00:00:00Z,2023-03-17T00:00:00Z,2023-03-27T00:00:00Z,14000,EA,1.60,22431,USD
X000101250,100,INBOUND,IND-6706,Monterro - Kyoto,Spexx - Singapore,,2023-03-15T00:00:00Z,2023-03-17T00:00:00Z,2023-03-27T00:00:00Z,2023-03-17T00:00:00Z,2023-03-27T00:00:00Z,14000,EA,1.10,15367,USD
X000101251,100,INBOUND,IND-4990,Monterro - Kyoto,Spexx - Singapore,,2023-03-15T00:00:00Z,2023-03-17T00:00:00Z,2023-03-27T00:00:00Z,2023-03-17T00:00:00Z,2023-03-27T00:00:00Z,14000,EA,1.44,20127,USD
X000101252,100,INBOUND,IND-9750,Monterro - Kyoto,Spexx - Singapore,,2023-03-15T00:00:00Z,2023-03-17T00:00:00Z,2023-03-27T00:00:00Z,2023-03-17T00:00:00Z,2023-03-27T00:00:00Z,14000,EA,1.10,15352,USD
X000101253,100,INBOUND,IND-9878,Monterro - Kyoto,Spexx - Singapore,,2023-03-15T00:00:00Z,2023-03-17T00:00:00Z,2023-03-27T00:00:00Z,2023-03-17T00:00:00Z,2023-03-27T00:00:00Z,14000,EA,2.77,38794,USD
X000101254,100,INBOUND,IND-1399,Monterro - Kyoto,Spexx - Singapore,,2023-03-15T00:00:00Z,2023-03-17T00:00:00Z,2023-03-27T00:00:00Z,2023-03-17T00:00:00Z,2023-03-27T00:00:00Z,14000,EA,1.21,16909,USD
X000101255,100,INBOUND,IND-4845,Monterro - Kyoto,Spexx - Singapore,,2023-03-15T00:00:00Z,2023-03-17T00:00:00Z,2023-03-27T00:00:00Z,2023-03-17T00:00:00Z,2023-03-27T00:00:00Z,14000,EA,2.83,39678,USD
X000101256,100,INBOUND,IND-8535,Monterro - Kyoto,Spexx - Singapore,,2023-03-15T00:00:00Z,2023-03-17T00:00:00Z,2023-03-27T00:00:00Z,2023-03-17T00:00:00Z,2023-03-27T00:00:00Z,14000,EA,2.29,32092,USD
X000101257,100,INBOUND,IND-7445,Monterro - Kyoto,Spexx - Singapore,,2023-03-15T00:00:00Z,2023-03-17T00:00:00Z,2023-03-27T00:00:00Z,2023-03-17T00:00:00Z,2023-03-27T00:00:00Z,14000,EA,2.25,31480,USD
X000101258,100,INBOUND,IND-8803,Monterro - Kyoto,Spexx - Singapore,,2023-03-15T00:00:00Z,2023-03-17T00:00:00Z,2023-03-27T00:00:00Z,2023-03-17T00:00:00Z,2023-03-27T00:00:00Z,14000,EA,1.14,15926,USD
X000101259,100,INBOUND,IND-5972,Monterro - Kyoto,Spexx - Singapore,,2023-03-15T00:00:00Z,2023-03-17T00:00:00Z,2023-03-27T00:00:00Z,2023-03-17T00:00:00Z,2023-03-27T00:00:00Z,14000,EA,2.00,28070,USD
X000101260,100,INBOUND,IND-6223,Monterro - Kyoto,Spexx - Singapore,,2023-03-15T00:00:00Z,2023-03-17T00:00:00Z,2023-03-27T00:00:00Z,2023-03-17T00:00:00Z,2023-03-27T00:00:00Z,3200,EA,1.22,3912,USD
X000101261,100,INBOUND,IND-4828,Monterro - Kyoto,Spexx - Singapore,,2023-03-15T00:00:00Z,2023-03-17T00:00:00Z,2023-03-27T00:00:00Z,2023-03-17T00:00:00Z,2023-03-27T00:00:00Z,1240,EA,2.59,3212,USD
X000101262,100,INBOUND,IND-2921,Monterro - Kyoto,Spexx - Singapore,,2023-03-15T00:00:00Z,2023-03-17T00:00:00Z,2023-03-27T00:00:00Z,2023-03-17T00:00:00Z,2023-03-27T00:00:00Z,3200,EA,2.90,9289,USD
X000101263,100,INBOUND,IND-6523,Monterro - Kyoto,Spexx - Singapore,,2023-03-15T00:00:00Z,2023-03-17T00:00:00Z,2023-03-27T00:00:00Z,2023-03-17T00:00:00Z,2023-03-27T00:00:00Z,1240,EA,2.40,2975,USD
X000101264,100,INBOUND,IND-4517,Monterro - Kyoto,Spexx - Singapore,,2023-03-15T00:00:00Z,2023-03-17T00:00:00Z,2023-03-27T00:00:00Z,2023-03-17T00:00:00Z,2023-03-27T00:00:00Z,3200,EA,2.59,8291,USD
X000101265,100,INBOUND,IND-7166,Monterro - Kyoto,Spexx - Singapore,,2023-03-15T00:00:00Z,2023-03-17T00:00:00Z,2023-03-27T00:00:00Z,2023-03-17T00:00:00Z,2023-03-27T00:00:00Z,3200,EA,2.27,7255,USD
X000101266,100,INBOUND,IND-2617,Monterro - Kyoto,Spexx - Singapore,,2023-03-15T00:00:00Z,2023-03-17T00:00:00Z,2023-03-27T00:00:00Z,2023-03-17T00:00:00Z,2023-03-27T00:00:00Z,1240,EA,2.05,2540,USD
X000101267,100,INBOUND,IND-8447,Monterro - Kyoto,Spexx - Singapore,,2023-03-15T00:00:00Z,2023-03-17T00:00:00Z,2023-03-27T00:00:00Z,2023-03-17T00:00:00Z,2023-03-27T00:00:00Z,3200,EA,1.22,3895,USD
X000101268,100,INBOUND,IND-7149,Monterro - Kyoto,Spexx - Singapore,,2023-03-15T00:00:00Z,2023-03-17T00:00:00Z,2023-03-27T00:00:00Z,2023-03-17T00:00:00Z,2023-03-27T00:00:00Z,3200,EA,2.55,8162,USD
X000101269,100,INBOUND,IND-3671,Monterro - Kyoto,Spexx - Singapore,,2023-03-15T00:00:00Z,2023-03-17T00:00:00Z,2023-03-27T00:00:00Z,2023-03-17T00:00:00Z,2023-03-27T00:00:00Z,1240,EA,2.03,2523,USD
X000101270,100,INBOUND,IND-1968,Monterro - Kyoto,Spexx - Singapore,,2023-03-15T00:00:00Z,2023-03-17T00:00:00Z,2023-03-27T00:00:00Z,2023-03-17T00:00:00Z,2023-03-27T00:00:00Z,3200,EA,1.63,5202,USD
X000101308,100,INBOUND,IND-1437,Monterro - Kyoto,Spexx - Singapore,,2023-04-15T00:00:00Z,2023-04-17T00:00:00Z,2023-04-27T00:00:00Z,2023-04-17T00:00:00Z,2023-04-27T00:00:00Z,3200,EA,2.78,8905,USD
X000101309,100,INBOUND,THR-3049,Monterro - Kyoto,Spexx - Singapore,,2023-04-15T00:00:00Z,2023-04-17T00:00:00Z,2023-04-27T00:00:00Z,2023-04-17T00:00:00Z,2023-04-27T00:00:00Z,3200,EA,2.46,7877,USD
X000101431,100,INBOUND,CAP-2071,Monterro - Kyoto,Spexx - Singapore,,2023-04-15T00:00:00Z,2023-04-17T00:00:00Z,2023-04-27T00:00:00Z,2023-04-17T00:00:00Z,2023-04-27T00:00:00Z,5120,EA,1.30,6653,USD
X000101432,100,INBOUND,CAP-1613,Monterro - Kyoto,Spexx - Singapore,,2023-04-15T00:00:00Z,2023-04-17T00:00:00Z,2023-04-27T00:00:00Z,2023-04-17T00:00:00Z,2023-04-27T00:00:00Z,560,EA,1.18,661,USD
X000101433,100,INBOUND,CAP-4362,Monterro - Kyoto,Spexx - Singapore,,2023-04-15T00:00:00Z,2023-04-17T00:00:00Z,2023-04-27T00:00:00Z,2023-04-17T00:00:00Z,2023-04-27T00:00:00Z,560,EA,2.72,1525,USD
X000101434,100,INBOUND,CAP-4438,Monterro - Kyoto,Spexx - Singapore,,2023-04-15T00:00:00Z,2023-04-17T00:00:00Z,2023-04-27T00:00:00Z,2023-04-17T00:00:00Z,2023-04-27T00:00:00Z,750,EA,1.14,854,USD
X000101435,100,INBOUND,CAP-5233,Monterro - Kyoto,Spexx - Singapore,,2023-04-15T00:00:00Z,2023-04-17T00:00:00Z,2023-04-27T00:00:00Z,2023-04-17T00:00:00Z,2023-04-27T00:00:00Z,440,EA,1.81,797,USD
X000101436,100,INBOUND,CAP-8582,Monterro - Kyoto,Spexx - Singapore,,2023-04-15T00:00:00Z,2023-04-17T00:00:00Z,2023-04-27T00:00:00Z,2023-04-17T00:00:00Z,2023-04-27T00:00:00Z,440,EA,1.13,497,USD
X000101437,100,INBOUND,CAP-5148,Monterro - Kyoto,Spexx - Singapore,,2023-04-15T00:00:00Z,2023-04-17T00:00:00Z,2023-04-27T00:00:00Z,2023-04-17T00:00:00Z,2023-04-27T00:00:00Z,560,EA,2.76,1547,USD
X000101438,100,INBOUND,CAP-8522,Monterro - Kyoto,Spexx - Singapore,,2023-04-15T00:00:00Z,2023-04-17T00:00:00Z,2023-04-27T00:00:00Z,2023-04-17T00:00:00Z,2023-04-27T00:00:00Z,440,EA,2.19,965,USD
X000101439,100,INBOUND,CAP-4715,Monterro - Kyoto,Spexx - Singapore,,2023-04-15T00:00:00Z,2023-04-17T00:00:00Z,2023-04-27T00:00:00Z,2023-04-17T00:00:00Z,2023-04-27T00:00:00Z,750,EA,1.06,791,USD
X000101440,100,INBOUND,CAP-8165,Monterro - Kyoto,Spexx - Singapore,,2023-04-15T00:00:00Z,2023-04-17T00:00:00Z,2023-04-27T00:00:00Z,2023-04-17T00:00:00Z,2023-04-27T00:00:00Z,750,EA,1.71,1279,USD
X000101441,100,INBOUND,CAP-5090,Monterro - Kyoto,Spexx - Singapore,,2023-04-15T00:00:00Z,2023-04-17T00:00:00Z,2023-04-27T00:00:00Z,2023-04-17T00:00:00Z,2023-04-27T00:00:00Z,750,EA,2.86,2142,USD
X000101442,100,INBOUND,CAP-4902,Monterro - Kyoto,Spexx - Singapore,,2023-04-15T00:00:00Z,2023-04-17T00:00:00Z,2023-04-27T00:00:00Z,2023-04-17T00:00:00Z,2023-04-27T00:00:00Z,560,EA,2.98,1670,USD
X000101443,100,INBOUND,CAP-2661,Monterro - Kyoto,Spexx - Singapore,,2023-04-15T00:00:00Z,2023-04-17T00:00:00Z,2023-04-27T00:00:00Z,2023-04-17T00:00:00Z,2023-04-27T00:00:00Z,1240,EA,1.58,1956,USD
X000101444,100,INBOUND,CAP-7931,Monterro - Kyoto,Spexx - Singapore,,2023-04-15T00:00:00Z,2023-04-17T00:00:00Z,2023-04-27T00:00:00Z,2023-04-17T00:00:00Z,2023-04-27T00:00:00Z,750,EA,1.08,809,USD
X000101445,100,INBOUND,CAP-8130,Monterro - Kyoto,Spexx - Singapore,,2023-04-15T00:00:00Z,2023-04-17T00:00:00Z,2023-04-27T00:00:00Z,2023-04-17T00:00:00Z,2023-04-27T00:00:00Z,5120,EA,2.24,11451,USD
X000101446,100,INBOUND,CAP-6713,Monterro - Kyoto,Spexx - Singapore,,2023-04-15T00:00:00Z,2023-04-17T00:00:00Z,2023-04-27T00:00:00Z,2023-04-17T00:00:00Z,2023-04-27T00:00:00Z,560,EA,1.97,1105,USD
X000101447,100,INBOUND,CAP-1851,Monterro - Kyoto,Spexx - Singapore,,2023-04-15T00:00:00Z,2023-04-17T00:00:00Z,2023-04-27T00:00:00Z,2023-04-17T00:00:00Z,2023-04-27T00:00:00Z,750,EA,2.14,1604,USD
X000101448,100,INBOUND,CAP-8034,Monterro - Kyoto,Spexx - Singapore,,2023-04-15T00:00:00Z,2023-04-17T00:00:00Z,2023-04-27T00:00:00Z,2023-04-17T00:00:00Z,2023-04-27T00:00:00Z,5120,EA,2.20,11287,USD
X000101449,100,INBOUND,CAP-6852,Monterro - Kyoto,Spexx - Singapore,,2023-04-15T00:00:00Z,2023-04-17T00:00:00Z,2023-04-27T00:00:00Z,2023-04-17T00:00:00Z,2023-04-27T00:00:00Z,440,EA,2.20,966,USD
X000101450,100,INBOUND,CAP-7487,Monterro - Kyoto,Spexx - Singapore,,2023-04-15T00:00:00Z,2023-04-17T00:00:00Z,2023-04-27T00:00:00Z,2023-04-17T00:00:00Z,2023-04-27T00:00:00Z,5120,EA,2.20,11251,USD
X000101451,100,INBOUND,CAP-3302,Monterro - Kyoto,Spexx - Singapore,,2023-04-15T00:00:00Z,2023-04-17T00:00:00Z,2023-04-27T00:00:00Z,2023-04-17T00:00:00Z,2023-04-27T00:00:00Z,560,EA,1.87,1048,USD
X000101452,100,INBOUND,CAP-3185,Monterro - Kyoto,Spexx - Singapore,,2023-04-15T00:00:00Z,2023-04-17T00:00:00Z,2023-04-27T00:00:00Z,2023-04-17T00:00:00Z,2023-04-27T00:00:00Z,440,EA,1.23,539,USD
X000101453,100,INBOUND,CAP-4449,Monterro - Kyoto,Spexx - Singapore,,2023-04-15T00:00:00Z,2023-04-17T00:00:00Z,2023-04-27T00:00:00Z,2023-04-17T00:00:00Z,2023-04-27T00:00:00Z,750,EA,2.86,2148,USD
X000101454,100,INBOUND,CAP-8554,Monterro - Kyoto,Spexx - Singapore,,2023-04-15T00:00:00Z,2023-04-17T00:00:00Z,2023-04-27T00:00:00Z,2023-04-17T00:00:00Z,2023-04-27T00:00:00Z,1240,EA,1.09,1353,USD
X000101455,100,INBOUND,CAP-3871,Monterro - Kyoto,Spexx - Singapore,,2023-04-15T00:00:00Z,2023-04-17T00:00:00Z,2023-04-27T00:00:00Z,2023-04-17T00:00:00Z,2023-04-27T00:00:00Z,750,EA,1.54,1157,USD
X000101456,100,INBOUND,CAP-1130,Monterro - Kyoto,Spexx - Singapore,,2023-04-15T00:00:00Z,2023-04-17T00:00:00Z,2023-04-27T00:00:00Z,2023-04-17T00:00:00Z,2023-04-27T00:00:00Z,5120,EA,1.86,9517,USD
X000101457,100,INBOUND,CAP-6971,Monterro - Kyoto,Spexx - Singapore,,2023-04-15T00:00:00Z,2023-04-17T00:00:00Z,2023-04-27T00:00:00Z,2023-04-17T00:00:00Z,2023-04-27T00:00:00Z,5120,EA,2.38,12167,USD
X000101458,100,INBOUND,CAP-7773,Monterro - Kyoto,Spexx - Singapore,,2023-04-15T00:00:00Z,2023-04-17T00:00:00Z,2023-04-27T00:00:00Z,2023-04-17T00:00:00Z,2023-04-27T00:00:00Z,440,EA,1.99,875,USD
X000101459,100,INBOUND,CAP-7697,Monterro - Kyoto,Spexx - Singapore,,2023-04-15T00:00:00Z,2023-04-17T00:00:00Z,2023-04-27T00:00:00Z,2023-04-17T00:00:00Z,2023-04-27T00:00:00Z,750,EA,1.18,882,USD
X000101460,100,INBOUND,CAP-1415,Monterro - Kyoto,Spexx - Singapore,,2023-04-15T00:00:00Z,2023-04-17T00:00:00Z,2023-04-27T00:00:00Z,2023-04-17T00:00:00Z,2023-04-27T00:00:00Z,1240,EA,1.72,2128,USD
X000101498,100,INBOUND,CAP-6208,Monterro - Kyoto,Spexx - Singapore,,2023-04-15T00:00:00Z,2023-04-17T00:00:00Z,2023-04-27T00:00:00Z,2023-04-17T00:00:00Z,2023-04-27T00:00:00Z,3200,EA,2.07,6630,USD
X000101499,100,INBOUND,CAP-7654,Monterro - Kyoto,Spexx - Singapore,,2023-04-15T00:00:00Z,2023-04-17T00:00:00Z,2023-04-27T00:00:00Z,2023-04-17T00:00:00Z,2023-04-27T00:00:00Z,1240,EA,2.29,2837,USD
X000101621,100,INBOUND,CAP-3996,Monterro - Kyoto,Spexx - Singapore,,2023-04-15T00:00:00Z,2023-04-17T00:00:00Z,2023-04-27T00:00:00Z,2023-04-17T00:00:00Z,2023-04-27T00:00:00Z,1240,EA,1.52,1883,USD
X000101622,100,INBOUND,CAP-9832,Monterro - Kyoto,Spexx - Singapore,,2023-04-15T00:00:00Z,2023-04-17T00:00:00Z,2023-04-27T00:00:00Z,2023-04-17T00:00:00Z,2023-04-27T00:00:00Z,750,EA,1.65,1236,USD
X000101623,100,INBOUND,CAP-2714,Monterro - Kyoto,Spexx - Singapore,,2023-04-15T00:00:00Z,2023-04-17T00:00:00Z,2023-04-27T00:00:00Z,2023-04-17T00:00:00Z,2023-04-27T00:00:00Z,5120,EA,2.63,13464,USD
X000101624,100,INBOUND,CAP-8191,Monterro - Kyoto,Spexx - Singapore,,2023-04-15T00:00:00Z,2023-04-17T00:00:00Z,2023-04-27T00:00:00Z,2023-04-17T00:00:00Z,2023-04-27T00:00:00Z,5120,EA,1.79,9180,USD
X000101625,100,INBOUND,CAP-8865,Monterro - Kyoto,Spexx - Singapore,,2023-04-15T00:00:00Z,2023-04-17T00:00:00Z,2023-04-27T00:00:00Z,2023-04-17T00:00:00Z,2023-04-27T00:00:00Z,560,EA,2.84,1589,USD
X000101626,100,INBOUND,CAP-5506,Monterro - Kyoto,Spexx - Singapore,,2023-04-15T00:00:00Z,2023-04-17T00:00:00Z,2023-04-27T00:00:00Z,2023-04-17T00:00:00Z,2023-04-27T00:00:00Z,560,EA,1.59,891,USD
X000101627,100,INBOUND,CAP-1050,Monterro - Kyoto,Spexx - Singapore,,2023-04-15T00:00:00Z,2023-04-17T00:00:00Z,2023-04-27T00:00:00Z,2023-04-17T00:00:00Z,2023-04-27T00:00:00Z,750,EA,1.11,832,USD
X000101628,100,INBOUND,CAP-5977,Monterro - Kyoto,Spexx - Singapore,,2023-04-15T00:00:00Z,2023-04-17T00:00:00Z,2023-04-27T00:00:00Z,2023-04-17T00:00:00Z,2023-04-27T00:00:00Z,440,EA,1.14,500,USD
X000101629,100,INBOUND,CAP-4796,Monterro - Kyoto,Spexx - Singapore,,2023-04-15T00:00:00Z,2023-04-17T00:00:00Z,2023-04-27T00:00:00Z,2023-04-17T00:00:00Z,2023-04-27T00:00:00Z,440,EA,1.71,754,USD
X000101630,100,INBOUND,CAP-1644,Monterro - Kyoto,Spexx - Singapore,,2023-04-15T00:00:00Z,2023-04-17T00:00:00Z,2023-04-27T00:00:00Z,2023-04-17T00:00:00Z,2023-04-27T00:00:00Z,560,EA,1.44,805,USD
X000101631,100,INBOUND,CAP-3658,Monterro - Kyoto,Spexx - Singapore,,2023-04-15T00:00:00Z,2023-04-17T00:00:00Z,2023-04-27T00:00:00Z,2023-04-17T00:00:00Z,2023-04-27T00:00:00Z,440,EA,1.82,801,USD
X000101632,100,INBOUND,CAP-8747,Monterro - Kyoto,Spexx - Singapore,,2023-04-15T00:00:00Z,2023-04-17T00:00:00Z,2023-04-27T00:00:00Z,2023-04-17T00:00:00Z,2023-04-27T00:00:00Z,560,EA,2.91,1630,USD
X000101633,100,INBOUND,CAP-9438,Monterro - Kyoto,Spexx - Singapore,,2023-04-15T00:00:00Z,2023-04-17T00:00:00Z,2023-04-27T00:00:00Z,2023-04-17T00:00:00Z,2023-04-27T00:00:00Z,560,EA,2.13,1195,USD
X000101634,100,INBOUND,CAP-2263,Monterro - Kyoto,Spexx - Singapore,,2023-04-15T00:00:00Z,2023-04-17T00:00:00Z,2023-04-27T00:00:00Z,2023-04-17T00:00:00Z,2023-04-27T00:00:00Z,440,EA,2.20,969,USD
X000101635,100,INBOUND,CAP-8588,Monterro - Kyoto,Spexx - Singapore,,2023-04-15T00:00:00Z,2023-04-17T00:00:00Z,2023-04-27T00:00:00Z,2023-04-17T00:00:00Z,2023-04-27T00:00:00Z,440,EA,1.31,576,USD
X000101636,100,INBOUND,CAP-1348,Monterro - Kyoto,Spexx - Singapore,,2023-04-15T00:00:00Z,2023-04-17T00:00:00Z,2023-04-27T00:00:00Z,2023-04-17T00:00:00Z,2023-04-27T00:00:00Z,1240,EA,1.63,2019,USD
X000101637,100,INBOUND,CAP-6181,Monterro - Kyoto,Spexx - Singapore,,2023-04-15T00:00:00Z,2023-04-17T00:00:00Z,2023-04-27T00:00:00Z,2023-04-17T00:00:00Z,2023-04-27T00:00:00Z,440,EA,2.58,1137,USD
X000101638,100,INBOUND,CAP-5001,Monterro - Kyoto,Spexx - Singapore,,2023-04-15T00:00:00Z,2023-04-17T00:00:00Z,2023-04-27T00:00:00Z,2023-04-17T00:00:00Z,2023-04-27T00:00:00Z,440,EA,2.47,1089,USD
X000101639,100,INBOUND,CAP-2660,Monterro - Kyoto,Spexx - Singapore,,2023-04-15T00:00:00Z,2023-04-17T00:00:00Z,2023-04-27T00:00:00Z,2023-04-17T00:00:00Z,2023-04-27T00:00:00Z,560,EA,1.49,836,USD
X000101640,100,INBOUND,CAP-8251,Monterro - Kyoto,Spexx - Singapore,,2023-04-15T00:00:00Z,2023-04-17T00:00:00Z,2023-04-27T00:00:00Z,2023-04-17T00:00:00Z,2023-04-27T00:00:00Z,560,EA,1.71,955,USD
X000101641,100,INBOUND,CAP-1987,Monterro - Kyoto,Spexx - Singapore,,2023-04-15T00:00:00Z,2023-04-17T00:00:00Z,2023-04-27T00:00:00Z,2023-04-17T00:00:00Z,2023-04-27T00:00:00Z,5120,EA,1.19,6110,USD
X000101642,100,INBOUND,CAP-2111,Monterro - Kyoto,Spexx - Singapore,,2023-04-15T00:00:00Z,2023-04-17T00:00:00Z,2023-04-27T00:00:00Z,2023-04-17T00:00:00Z,2023-04-27T00:00:00Z,440,EA,1.71,753,USD
X000101643,100,INBOUND,CAP-8104,Monterro - Kyoto,Spexx - Singapore,,2023-04-15T00:00:00Z,2023-04-17T00:00:00Z,2023-04-27T00:00:00Z,2023-04-17T00:00:00Z,2023-04-27T00:00:00Z,5120,EA,2.89,14776,USD
X000101644,100,INBOUND,CAP-3864,Monterro - Kyoto,Spexx - Singapore,,2023-04-15T00:00:00Z,2023-04-17T00:00:00Z,2023-04-27T00:00:00Z,2023-04-17T00:00:00Z,2023-04-27T00:00:00Z,560,EA,1.20,672,USD
X000101645,100,INBOUND,CAP-2313,Monterro - Kyoto,Spexx - Singapore,,2023-04-15T00:00:00Z,2023-04-17T00:00:00Z,2023-04-27T00:00:00Z,2023-04-17T00:00:00Z,2023-04-27T00:00:00Z,5120,EA,2.10,10743,USD
X000101646,100,INBOUND,CAP-9150,Monterro - Kyoto,Spexx - Singapore,,2023-04-15T00:00:00Z,2023-04-17T00:00:00Z,2023-04-27T00:00:00Z,2023-04-17T00:00:00Z,2023-04-27T00:00:00Z,440,EA,1.15,508,USD
X000101647,100,INBOUND,CAP-8039,Monterro - Kyoto,Spexx - Singapore,,2023-04-15T00:00:00Z,2023-04-17T00:00:00Z,2023-04-27T00:00:00Z,2023-04-17T00:00:00Z,2023-04-27T00:00:00Z,5120,EA,2.47,12671,USD
X000101648,100,INBOUND,CAP-5383,Monterro - Kyoto,Spexx - Singapore,,2023-04-15T00:00:00Z,2023-04-17T00:00:00Z,2023-04-27T00:00:00Z,2023-04-17T00:00:00Z,2023-04-27T00:00:00Z,440,EA,1.57,693,USD
X000101649,100,INBOUND,CAP-3195,Monterro - Kyoto,Spexx - Singapore,,2023-04-15T00:00:00Z,2023-04-17T00:00:00Z,2023-04-27T00:00:00Z,2023-04-17T00:00:00Z,2023-04-27T00:00:00Z,5120,EA,1.49,7607,USD
X000101650,100,INBOUND,CAP-7757,Monterro - Kyoto,Spexx - Singapore,,2023-04-15T00:00:00Z,2023-04-17T00:00:00Z,2023-04-27T00:00:00Z,2023-04-17T00:00:00Z,2023-04-27T00:00:00Z,750,EA,2.09,1571,USD
X000101688,100,INBOUND,CAP-1357,Monterro - Kyoto,Spexx - Singapore,,2023-05-15T00:00:00Z,2023-05-17T00:00:00Z,2023-05-27T00:00:00Z,2023-05-17T00:00:00Z,2023-05-27T00:00:00Z,750,EA,1.26,942,USD
X000101689,100,INBOUND,CAP-4822,Monterro - Kyoto,Spexx - Singapore,,2023-05-15T00:00:00Z,2023-05-17T00:00:00Z,2023-05-27T00:00:00Z,2023-05-17T00:00:00Z,2023-05-27T00:00:00Z,5120,EA,2.11,10806,USD
X000101811,100,INBOUND,CAP-5663,Monterro - Kyoto,Spexx - Singapore,,2023-05-15T00:00:00Z,2023-05-17T00:00:00Z,2023-05-27T00:00:00Z,2023-05-17T00:00:00Z,2023-05-27T00:00:00Z,5120,EA,1.44,7397,USD
X000101812,100,INBOUND,CAP-6796,Monterro - Kyoto,Spexx - Singapore,,2023-05-15T00:00:00Z,2023-05-17T00:00:00Z,2023-05-27T00:00:00Z,2023-05-17T00:00:00Z,2023-05-27T00:00:00Z,440,EA,2.20,970,USD
X000101813,100,INBOUND,CAP-8410,Monterro - Kyoto,Spexx - Singapore,,2023-05-15T00:00:00Z,2023-05-17T00:00:00Z,2023-05-27T00:00:00Z,2023-05-17T00:00:00Z,2023-05-27T00:00:00Z,5120,EA,2.03,10378,USD
X000101814,100,INBOUND,CAP-8241,Monterro - Kyoto,Spexx - Singapore,,2023-05-15T00:00:00Z,2023-05-17T00:00:00Z,2023-05-27T00:00:00Z,2023-05-17T00:00:00Z,2023-05-27T00:00:00Z,440,EA,2.92,1284,USD
X000101815,100,INBOUND,CAP-8726,Monterro - Kyoto,Spexx - Singapore,,2023-05-15T00:00:00Z,2023-05-17T00:00:00Z,2023-05-27T00:00:00Z,2023-05-17T00:00:00Z,2023-05-27T00:00:00Z,5120,EA,1.61,8243,USD
X000101816,100,INBOUND,CAP-2765,Monterro - Kyoto,Spexx - Singapore,,2023-05-15T00:00:00Z,2023-05-17T00:00:00Z,2023-05-27T00:00:00Z,2023-05-17T00:00:00Z,2023-05-27T00:00:00Z,750,EA,1.02,766,USD
X000101817,100,INBOUND,FIL-6243,Monterro - Kyoto,Spexx - Singapore,,2023-05-15T00:00:00Z,2023-05-17T00:00:00Z,2023-05-27T00:00:00Z,2023-05-17T00:00:00Z,2023-05-27T00:00:00Z,5120,EA,2.19,11195,USD
X000101818,100,INBOUND,IND-6061,Monterro - Kyoto,Spexx - Singapore,,2023-05-15T00:00:00Z,2023-05-17T00:00:00Z,2023-05-27T00:00:00Z,2023-05-17T00:00:00Z,2023-05-27T00:00:00Z,560,EA,2.47,1384,USD
X000101819,100,INBOUND,IND-8854,Monterro - Kyoto,Spexx - Singapore,,2023-05-15T00:00:00Z,2023-05-17T00:00:00Z,2023-05-27T00:00:00Z,2023-05-17T00:00:00Z,2023-05-27T00:00:00Z,750,EA,1.83,1370,USD
X000101820,100,INBOUND,IND-7885,Monterro - Kyoto,Spexx - Singapore,,2023-05-15T00:00:00Z,2023-05-17T00:00:00Z,2023-05-27T00:00:00Z,2023-05-17T00:00:00Z,2023-05-27T00:00:00Z,440,EA,2.82,1239,USD
X000101821,100,INBOUND,IND-8436,Monterro - Kyoto,Spexx - Singapore,,2023-05-15T00:00:00Z,2023-05-17T00:00:00Z,2023-05-27T00:00:00Z,2023-05-17T00:00:00Z,2023-05-27T00:00:00Z,440,EA,1.98,871,USD
X000101822,100,INBOUND,IND-7447,Monterro - Kyoto,Spexx - Singapore,,2023-05-15T00:00:00Z,2023-05-17T00:00:00Z,2023-05-27T00:00:00Z,2023-05-17T00:00:00Z,2023-05-27T00:00:00Z,1240,EA,2.65,3291,USD
X000101823,100,INBOUND,IND-6102,Monterro - Kyoto,Spexx - Singapore,,2023-05-15T00:00:00Z,2023-05-17T00:00:00Z,2023-05-27T00:00:00Z,2023-05-17T00:00:00Z,2023-05-27T00:00:00Z,440,EA,1.97,868,USD
X000101824,100,INBOUND,IND-7550,Monterro - Kyoto,Spexx - Singapore,,2023-05-15T00:00:00Z,2023-05-17T00:00:00Z,2023-05-27T00:00:00Z,2023-05-17T00:00:00Z,2023-05-27T00:00:00Z,440,EA,1.42,624,USD
X000101825,100,INBOUND,IND-8973,Monterro - Kyoto,Spexx - Singapore,,2023-05-15T00:00:00Z,2023-05-17T00:00:00Z,2023-05-27T00:00:00Z,2023-05-17T00:00:00Z,2023-05-27T00:00:00Z,560,EA,1.48,829,USD
X000101826,100,INBOUND,IND-9603,Monterro - Kyoto,Spexx - Singapore,,2023-05-15T00:00:00Z,2023-05-17T00:00:00Z,2023-05-27T00:00:00Z,2023-05-17T00:00:00Z,2023-05-27T00:00:00Z,560,EA,1.81,1012,USD
X000101827,100,INBOUND,IND-1554,Monterro - Kyoto,Spexx - Singapore,,2023-05-15T00:00:00Z,2023-05-17T00:00:00Z,2023-05-27T00:00:00Z,2023-05-17T00:00:00Z,2023-05-27T00:00:00Z,440,EA,1.78,784,USD
X000101828,100,INBOUND,IND-6739,Monterro - Kyoto,Spexx - Singapore,,2023-05-15T00:00:00Z,2023-05-17T00:00:00Z,2023-05-27T00:00:00Z,2023-05-17T00:00:00Z,2023-05-27T00:00:00Z,440,EA,1.12,494,USD
X000101829,100,INBOUND,IND-6878,Monterro - Kyoto,Spexx - Singapore,,2023-05-15T00:00:00Z,2023-05-17T00:00:00Z,2023-05-27T00:00:00Z,2023-05-17T00:00:00Z,2023-05-27T00:00:00Z,1240,EA,1.88,2333,USD
X000101830,100,INBOUND,IND-8458,Monterro - Kyoto,Spexx - Singapore,,2023-05-15T00:00:00Z,2023-05-17T00:00:00Z,2023-05-27T00:00:00Z,2023-05-17T00:00:00Z,2023-05-27T00:00:00Z,440,EA,2.72,1196,USD
X000101831,100,INBOUND,IND-3167,Monterro - Kyoto,Spexx - Singapore,,2023-05-15T00:00:00Z,2023-05-17T00:00:00Z,2023-05-27T00:00:00Z,2023-05-17T00:00:00Z,2023-05-27T00:00:00Z,440,EA,2.31,1018,USD
X000101832,100,INBOUND,IND-7593,Monterro - Kyoto,Spexx - Singapore,,2023-05-15T00:00:00Z,2023-05-17T00:00:00Z,2023-05-27T00:00:00Z,2023-05-17T00:00:00Z,2023-05-27T00:00:00Z,560,EA,1.60,899,USD
X000101833,100,INBOUND,IND-6782,Monterro - Kyoto,Spexx - Singapore,,2023-05-15T00:00:00Z,2023-05-17T00:00:00Z,2023-05-27T00:00:00Z,2023-05-17T00:00:00Z,2023-05-27T00:00:00Z,560,EA,2.17,1217,USD
X000101834,100,INBOUND,IND-3360,Monterro - Kyoto,Spexx - Singapore,,2023-05-15T00:00:00Z,2023-05-17T00:00:00Z,2023-05-27T00:00:00Z,2023-05-17T00:00:00Z,2023-05-27T00:00:00Z,5120,EA,2.23,11400,USD
X000101835,100,INBOUND,IND-7600,Monterro - Kyoto,Spexx - Singapore,,2023-05-15T00:00:00Z,2023-05-17T00:00:00Z,2023-05-27T00:00:00Z,2023-05-17T00:00:00Z,2023-05-27T00:00:00Z,440,EA,1.60,705,USD
X000101836,100,INBOUND,IND-6706,Monterro - Kyoto,Spexx - Singapore,,2023-05-15T00:00:00Z,2023-05-17T00:00:00Z,2023-05-27T00:00:00Z,2023-05-17T00:00:00Z,2023-05-27T00:00:00Z,5120,EA,1.10,5620,USD
X000101837,100,INBOUND,IND-4990,Monterro - Kyoto,Spexx - Singapore,,2023-05-15T00:00:00Z,2023-05-17T00:00:00Z,2023-05-27T00:00:00Z,2023-05-17T00:00:00Z,2023-05-27T00:00:00Z,560,EA,1.44,805,USD
X000101838,100,INBOUND,IND-9750,Monterro - Kyoto,Spexx - Singapore,,2023-05-15T00:00:00Z,2023-05-17T00:00:00Z,2023-05-27T00:00:00Z,2023-05-17T00:00:00Z,2023-05-27T00:00:00Z,5120,EA,1.10,5614,USD
X000101839,100,INBOUND,IND-9878,Monterro - Kyoto,Spexx - Singapore,,2023-05-15T00:00:00Z,2023-05-17T00:00:00Z,2023-05-27T00:00:00Z,2023-05-17T00:00:00Z,2023-05-27T00:00:00Z,440,EA,2.77,1219,USD
X000101840,100,INBOUND,IND-1399,Monterro - Kyoto,Spexx - Singapore,,2023-05-15T00:00:00Z,2023-05-17T00:00:00Z,2023-05-27T00:00:00Z,2023-05-17T00:00:00Z,2023-05-27T00:00:00Z,5120,EA,1.21,6184,USD
X000101878,100,INBOUND,IND-4845,Monterro - Kyoto,Spexx - Singapore,,2023-05-15T00:00:00Z,2023-05-17T00:00:00Z,2023-05-27T00:00:00Z,2023-05-17T00:00:00Z,2023-05-27T00:00:00Z,5120,EA,2.83,14511,USD
X000101879,100,INBOUND,IND-8535,Monterro - Kyoto,Spexx - Singapore,,2023-05-15T00:00:00Z,2023-05-17T00:00:00Z,2023-05-27T00:00:00Z,2023-05-17T00:00:00Z,2023-05-27T00:00:00Z,440,EA,2.29,1009,USD
X000102001,100,INBOUND,IND-7445,Monterro - Kyoto,Spexx - Singapore,,2023-05-15T00:00:00Z,2023-05-17T00:00:00Z,2023-05-27T00:00:00Z,2023-05-17T00:00:00Z,2023-05-27T00:00:00Z,1240,EA,2.25,2788,USD
X000102002,100,INBOUND,IND-8803,Monterro - Kyoto,Spexx - Singapore,,2023-05-15T00:00:00Z,2023-05-17T00:00:00Z,2023-05-27T00:00:00Z,2023-05-17T00:00:00Z,2023-05-27T00:00:00Z,1240,EA,1.14,1411,USD
X000102003,100,INBOUND,IND-5972,Monterro - Kyoto,Spexx - Singapore,,2023-05-15T00:00:00Z,2023-05-17T00:00:00Z,2023-05-27T00:00:00Z,2023-05-17T00:00:00Z,2023-05-27T00:00:00Z,1240,EA,2.00,2486,USD
X000102004,100,INBOUND,IND-6223,Monterro - Kyoto,Spexx - Singapore,,2023-05-15T00:00:00Z,2023-05-17T00:00:00Z,2023-05-27T00:00:00Z,2023-05-17T00:00:00Z,2023-05-27T00:00:00Z,1240,EA,1.22,1516,USD
X000102005,100,INBOUND,IND-4828,Monterro - Kyoto,Spexx - Singapore,,2023-05-15T00:00:00Z,2023-05-17T00:00:00Z,2023-05-27T00:00:00Z,2023-05-17T00:00:00Z,2023-05-27T00:00:00Z,3200,EA,2.59,8289,USD
X000102006,100,INBOUND,IND-2921,Monterro - Kyoto,Spexx - Singapore,,2023-05-15T00:00:00Z,2023-05-17T00:00:00Z,2023-05-27T00:00:00Z,2023-05-17T00:00:00Z,2023-05-27T00:00:00Z,3200,EA,2.90,9289,USD
X000102007,100,INBOUND,IND-6523,Monterro - Kyoto,Spexx - Singapore,,2023-05-15T00:00:00Z,2023-05-17T00:00:00Z,2023-05-27T00:00:00Z,2023-05-17T00:00:00Z,2023-05-27T00:00:00Z,3200,EA,2.40,7676,USD
X000102008,100,INBOUND,IND-4517,Monterro - Kyoto,Spexx - Singapore,,2023-05-15T00:00:00Z,2023-05-17T00:00:00Z,2023-05-27T00:00:00Z,2023-05-17T00:00:00Z,2023-05-27T00:00:00Z,3200,EA,2.59,8291,USD
X000102009,100,INBOUND,IND-7166,Monterro - Kyoto,Spexx - Singapore,,2023-05-15T00:00:00Z,2023-05-17T00:00:00Z,2023-05-27T00:00:00Z,2023-05-17T00:00:00Z,2023-05-27T00:00:00Z,1240,EA,2.27,2811,USD
X000102010,100,INBOUND,IND-2617,Monterro - Kyoto,Spexx - Singapore,,2023-05-15T00:00:00Z,2023-05-17T00:00:00Z,2023-05-27T00:00:00Z,2023-05-17T00:00:00Z,2023-05-27T00:00:00Z,1240,EA,2.05,2540,USD
X000102011,100,INBOUND,IND-8447,Monterro - Kyoto,Spexx - Singapore,,2023-05-15T00:00:00Z,2023-05-17T00:00:00Z,2023-05-27T00:00:00Z,2023-05-17T00:00:00Z,2023-05-27T00:00:00Z,1240,EA,1.22,1509,USD
X000102012,100,INBOUND,IND-7149,Monterro - Kyoto,Spexx - Singapore,,2023-05-15T00:00:00Z,2023-05-17T00:00:00Z,2023-05-27T00:00:00Z,2023-05-17T00:00:00Z,2023-05-27T00:00:00Z,1240,EA,2.55,3163,USD
X000102013,100,INBOUND,IND-3671,Monterro - Kyoto,Spexx - Singapore,,2023-05-15T00:00:00Z,2023-05-17T00:00:00Z,2023-05-27T00:00:00Z,2023-05-17T00:00:00Z,2023-05-27T00:00:00Z,3200,EA,2.03,6510,USD
X000102014,100,INBOUND,IND-1968,Monterro - Kyoto,Spexx - Singapore,,2023-05-15T00:00:00Z,2023-05-17T00:00:00Z,2023-05-27T00:00:00Z,2023-05-17T00:00:00Z,2023-05-27T00:00:00Z,1240,EA,1.63,2016,USD
X000102015,100,INBOUND,IND-1437,Monterro - Kyoto,Spexx - Singapore,,2023-05-15T00:00:00Z,2023-05-17T00:00:00Z,2023-05-27T00:00:00Z,2023-05-17T00:00:00Z,2023-05-27T00:00:00Z,3200,EA,2.78,8905,USD
X000102016,100,INBOUND,THR-3049,Monterro - Kyoto,Spexx - Singapore,,2023-05-15T00:00:00Z,2023-05-17T00:00:00Z,2023-05-27T00:00:00Z,2023-05-17T00:00:00Z,2023-05-27T00:00:00Z,1240,EA,2.46,3052,USD
X000102017,100,INBOUND,CAP-2071,Monterro - Kyoto,Spexx - Singapore,,2023-05-15T00:00:00Z,2023-05-17T00:00:00Z,2023-05-27T00:00:00Z,2023-05-17T00:00:00Z,2023-05-27T00:00:00Z,1240,EA,1.30,1611,USD
X000102018,100,INBOUND,CAP-1613,Monterro - Kyoto,Spexx - Singapore,,2023-05-15T00:00:00Z,2023-05-17T00:00:00Z,2023-05-27T00:00:00Z,2023-05-17T00:00:00Z,2023-05-27T00:00:00Z,1240,EA,1.18,1464,USD
X000102019,100,INBOUND,CAP-4362,Monterro - Kyoto,Spexx - Singapore,,2023-05-15T00:00:00Z,2023-05-17T00:00:00Z,2023-05-27T00:00:00Z,2023-05-17T00:00:00Z,2023-05-27T00:00:00Z,3200,EA,2.72,8715,USD
X000102020,100,INBOUND,CAP-4438,Monterro - Kyoto,Spexx - Singapore,,2023-05-15T00:00:00Z,2023-05-17T00:00:00Z,2023-05-27T00:00:00Z,2023-05-17T00:00:00Z,2023-05-27T00:00:00Z,1240,EA,1.14,1411,USD
X000102021,100,INBOUND,CAP-5233,Monterro - Kyoto,Spexx - Singapore,,2023-05-15T00:00:00Z,2023-05-17T00:00:00Z,2023-05-27T00:00:00Z,2023-05-17T00:00:00Z,2023-05-27T00:00:00Z,3200,EA,1.81,5800,USD
X000102022,100,INBOUND,CAP-8582,Monterro - Kyoto,Spexx - Singapore,,2023-05-15T00:00:00Z,2023-05-17T00:00:00Z,2023-05-27T00:00:00Z,2023-05-17T00:00:00Z,2023-05-27T00:00:00Z,3200,EA,1.13,3613,USD
X000102023,100,INBOUND,CAP-5148,Monterro - Kyoto,Spexx - Singapore,,2023-05-15T00:00:00Z,2023-05-17T00:00:00Z,2023-05-27T00:00:00Z,2023-05-17T00:00:00Z,2023-05-27T00:00:00Z,3200,EA,2.76,8839,USD
X000102024,100,INBOUND,CAP-8522,Monterro - Kyoto,Spexx - Singapore,,2023-05-15T00:00:00Z,2023-05-17T00:00:00Z,2023-05-27T00:00:00Z,2023-05-17T00:00:00Z,2023-05-27T00:00:00Z,1240,EA,2.19,2719,USD
X000102025,100,INBOUND,CAP-4715,Monterro - Kyoto,Spexx - Singapore,,2023-05-15T00:00:00Z,2023-05-17T00:00:00Z,2023-05-27T00:00:00Z,2023-05-17T00:00:00Z,2023-05-27T00:00:00Z,3200,EA,1.06,3376,USD
X000102026,100,INBOUND,CAP-8165,Monterro - Kyoto,Spexx - Singapore,,2023-05-15T00:00:00Z,2023-05-17T00:00:00Z,2023-05-27T00:00:00Z,2023-05-17T00:00:00Z,2023-05-27T00:00:00Z,3200,EA,1.71,5458,USD
X000102027,100,INBOUND,CAP-5090,Monterro - Kyoto,Spexx - Singapore,,2023-05-15T00:00:00Z,2023-05-17T00:00:00Z,2023-05-27T00:00:00Z,2023-05-17T00:00:00Z,2023-05-27T00:00:00Z,3200,EA,2.86,9140,USD
X000102028,100,INBOUND,CAP-4902,Monterro - Kyoto,Spexx - Singapore,,2023-05-15T00:00:00Z,2023-05-17T00:00:00Z,2023-05-27T00:00:00Z,2023-05-17T00:00:00Z,2023-05-27T00:00:00Z,3200,EA,2.98,9545,USD
X000102029,100,INBOUND,CAP-2661,Monterro - Kyoto,Spexx - Singapore,,2023-05-15T00:00:00Z,2023-05-17T00:00:00Z,2023-05-27T00:00:00Z,2023-05-17T00:00:00Z,2023-05-27T00:00:00Z,1240,EA,1.58,1956,USD
X000102030,100,INBOUND,CAP-7931,Monterro - Kyoto,Spexx - Singapore,,2023-05-15T00:00:00Z,2023-05-17T00:00:00Z,2023-05-27T00:00:00Z,2023-05-17T00:00:00Z,2023-05-27T00:00:00Z,1240,EA,1.08,1337,USD
X000102068,100,INBOUND,CAP-8130,Monterro - Kyoto,Spexx - Singapore,,2023-05-15T00:00:00Z,2023-05-17T00:00:00Z,2023-05-27T00:00:00Z,2023-05-17T00:00:00Z,2023-05-27T00:00:00Z,440,EA,2.24,984,USD
X000102069,100,INBOUND,CAP-6713,Monterro - Kyoto,Spexx - Singapore,,2023-05-15T00:00:00Z,2023-05-17T00:00:00Z,2023-05-27T00:00:00Z,2023-05-17T00:00:00Z,2023-05-27T00:00:00Z,5120,EA,1.97,10105,USD
X000102191,100,INBOUND,CAP-1851,Monterro - Kyoto,Spexx - Singapore,,2023-05-15T00:00:00Z,2023-05-17T00:00:00Z,2023-05-27T00:00:00Z,2023-05-17T00:00:00Z,2023-05-27T00:00:00Z,14000,EA,2.14,29946,USD
X000102192,100,INBOUND,CAP-8034,Monterro - Kyoto,Spexx - Singapore,,2023-05-15T00:00:00Z,2023-05-17T00:00:00Z,2023-05-27T00:00:00Z,2023-05-17T00:00:00Z,2023-05-27T00:00:00Z,3200,EA,2.20,7054,USD
X000102193,100,INBOUND,CAP-6852,Monterro - Kyoto,Spexx - Singapore,,2023-05-15T00:00:00Z,2023-05-17T00:00:00Z,2023-05-27T00:00:00Z,2023-05-17T00:00:00Z,2023-05-27T00:00:00Z,1240,EA,2.20,2722,USD
X000102194,100,INBOUND,CAP-7487,Monterro - Kyoto,Spexx - Singapore,,2023-05-15T00:00:00Z,2023-05-17T00:00:00Z,2023-05-27T00:00:00Z,2023-05-17T00:00:00Z,2023-05-27T00:00:00Z,3200,EA,2.20,7032,USD
X000102195,100,INBOUND,CAP-3302,Monterro - Kyoto,Spexx - Singapore,,2023-05-15T00:00:00Z,2023-05-17T00:00:00Z,2023-05-27T00:00:00Z,2023-05-17T00:00:00Z,2023-05-27T00:00:00Z,1240,EA,1.87,2321,USD
X000102196,100,INBOUND,CAP-3185,Monterro - Kyoto,Spexx - Singapore,,2023-05-15T00:00:00Z,2023-05-17T00:00:00Z,2023-05-27T00:00:00Z,2023-05-17T00:00:00Z,2023-05-27T00:00:00Z,3200,EA,1.23,3921,USD
X000102197,100,INBOUND,CAP-4449,Monterro - Kyoto,Spexx - Singapore,,2023-05-15T00:00:00Z,2023-05-17T00:00:00Z,2023-05-27T00:00:00Z,2023-05-17T00:00:00Z,2023-05-27T00:00:00Z,3200,EA,2.86,9163,USD
X000102198,100,INBOUND,CAP-8554,Monterro - Kyoto,Spexx - Singapore,,2023-05-15T00:00:00Z,2023-05-17T00:00:00Z,2023-05-27T00:00:00Z,2023-05-17T00:00:00Z,2023-05-27T00:00:00Z,1240,EA,1.09,1353,USD
X000102199,100,INBOUND,CAP-3871,Monterro - Kyoto,Spexx - Singapore,,2023-05-15T00:00:00Z,2023-05-17T00:00:00Z,2023-05-27T00:00:00Z,2023-05-17T00:00:00Z,2023-05-27T00:00:00Z,3200,EA,1.54,4935,USD
X000102200,100,INBOUND,CAP-1130,Monterro - Kyoto,Spexx - Singapore,,2023-05-15T00:00:00Z,2023-05-17T00:00:00Z,2023-05-27T00:00:00Z,2023-05-17T00:00:00Z,2023-05-27T00:00:00Z,3200,EA,1.86,5948,USD
X000102201,100,INBOUND,CAP-6971,Monterro - Kyoto,Spexx - Singapore,,2023-05-15T00:00:00Z,2023-05-17T00:00:00Z,2023-05-27T00:00:00Z,2023-05-17T00:00:00Z,2023-05-27T00:00:00Z,1240,EA,2.38,2947,USD
X000102202,100,INBOUND,CAP-7773,Monterro - Kyoto,Spexx - Singapore,,2023-05-15T00:00:00Z,2023-05-17T00:00:00Z,2023-05-27T00:00:00Z,2023-05-17T00:00:00Z,2023-05-27T00:00:00Z,3200,EA,1.99,6365,USD
X000102203,100,INBOUND,CAP-7697,Monterro - Kyoto,Spexx - Singapore,,2023-05-15T00:00:00Z,2023-05-17T00:00:00Z,2023-05-27T00:00:00Z,2023-05-17T00:00:00Z,2023-05-27T00:00:00Z,1240,EA,1.18,1458,USD
X000102204,100,INBOUND,CAP-1415,Monterro - Kyoto,Spexx - Singapore,,2023-05-15T00:00:00Z,2023-05-17T00:00:00Z,2023-05-27T00:00:00Z,2023-05-17T00:00:00Z,2023-05-27T00:00:00Z,1240,EA,1.72,2128,USD
X000102205,100,INBOUND,CAP-6208,Monterro - Kyoto,Spexx - Singapore,,2023-05-15T00:00:00Z,2023-05-17T00:00:00Z,2023-05-27T00:00:00Z,2023-05-17T00:00:00Z,2023-05-27T00:00:00Z,1240,EA,2.07,2569,USD
X000102206,100,INBOUND,CAP-7654,Monterro - Kyoto,Spexx - Singapore,,2023-05-15T00:00:00Z,2023-05-17T00:00:00Z,2023-05-27T00:00:00Z,2023-05-17T00:00:00Z,2023-05-27T00:00:00Z,3200,EA,2.29,7321,USD
X000102207,100,INBOUND,CAP-3996,Monterro - Kyoto,Spexx - Singapore,,2023-05-15T00:00:00Z,2023-05-17T00:00:00Z,2023-05-27T00:00:00Z,2023-05-17T00:00:00Z,2023-05-27T00:00:00Z,1240,EA,1.52,1883,USD
X000102208,100,INBOUND,CAP-9832,Monterro - Kyoto,Spexx - Singapore,,2023-05-15T00:00:00Z,2023-05-17T00:00:00Z,2023-05-27T00:00:00Z,2023-05-17T00:00:00Z,2023-05-27T00:00:00Z,3200,EA,1.65,5272,USD
X000102209,100,INBOUND,CAP-2714,Monterro - Kyoto,Spexx - Singapore,,2023-05-15T00:00:00Z,2023-05-17T00:00:00Z,2023-05-27T00:00:00Z,2023-05-17T00:00:00Z,2023-05-27T00:00:00Z,3200,EA,2.63,8415,USD
X000102210,100,INBOUND,CAP-8191,Monterro - Kyoto,Spexx - Singapore,,2023-05-15T00:00:00Z,2023-05-17T00:00:00Z,2023-05-27T00:00:00Z,2023-05-17T00:00:00Z,2023-05-27T00:00:00Z,3200,EA,1.79,5737,USD
X000102211,100,INBOUND,CAP-8865,Monterro - Kyoto,Spexx - Singapore,,2023-05-15T00:00:00Z,2023-05-17T00:00:00Z,2023-05-27T00:00:00Z,2023-05-17T00:00:00Z,2023-05-27T00:00:00Z,3200,EA,2.84,9082,USD
X000102212,100,INBOUND,CAP-5506,Monterro - Kyoto,Spexx - Singapore,,2023-05-15T00:00:00Z,2023-05-17T00:00:00Z,2023-05-27T00:00:00Z,2023-05-17T00:00:00Z,2023-05-27T00:00:00Z,3200,EA,1.59,5092,USD
X000102213,100,INBOUND,CAP-1050,Monterro - Kyoto,Spexx - Singapore,,2023-05-15T00:00:00Z,2023-05-17T00:00:00Z,2023-05-27T00:00:00Z,2023-05-17T00:00:00Z,2023-05-27T00:00:00Z,3200,EA,1.11,3551,USD
X000102214,100,INBOUND,CAP-5977,Monterro - Kyoto,Spexx - Singapore,,2023-05-15T00:00:00Z,2023-05-17T00:00:00Z,2023-05-27T00:00:00Z,2023-05-17T00:00:00Z,2023-05-27T00:00:00Z,1240,EA,1.14,1409,USD
X000102215,100,INBOUND,CAP-4796,Monterro - Kyoto,Spexx - Singapore,,2023-05-15T00:00:00Z,2023-05-17T00:00:00Z,2023-05-27T00:00:00Z,2023-05-17T00:00:00Z,2023-05-27T00:00:00Z,3200,EA,1.71,5486,USD
X000102216,100,INBOUND,CAP-1644,Monterro - Kyoto,Spexx - Singapore,,2023-05-15T00:00:00Z,2023-05-17T00:00:00Z,2023-05-27T00:00:00Z,2023-05-17T00:00:00Z,2023-05-27T00:00:00Z,3200,EA,1.44,4602,USD
X000102217,100,INBOUND,CAP-3658,Monterro - Kyoto,Spexx - Singapore,,2023-05-15T00:00:00Z,2023-05-17T00:00:00Z,2023-05-27T00:00:00Z,2023-05-17T00:00:00Z,2023-05-27T00:00:00Z,3200,EA,1.82,5827,USD
X000102218,100,INBOUND,CAP-8747,Monterro - Kyoto,Spexx - Singapore,,2023-05-15T00:00:00Z,2023-05-17T00:00:00Z,2023-05-27T00:00:00Z,2023-05-17T00:00:00Z,2023-05-27T00:00:00Z,3200,EA,2.91,9314,USD
X000102219,100,INBOUND,CAP-9438,Monterro - Kyoto,Spexx - Singapore,,2023-05-15T00:00:00Z,2023-05-17T00:00:00Z,2023-05-27T00:00:00Z,2023-05-17T00:00:00Z,2023-05-27T00:00:00Z,1240,EA,2.13,2646,USD
X000102220,100,INBOUND,CAP-2263,Monterro - Kyoto,Spexx - Singapore,,2023-05-15T00:00:00Z,2023-05-17T00:00:00Z,2023-05-27T00:00:00Z,2023-05-17T00:00:00Z,2023-05-27T00:00:00Z,1240,EA,2.20,2730,USD
X000102258,100,INBOUND,CAP-8588,Monterro - Kyoto,Spexx - Singapore,,2023-05-15T00:00:00Z,2023-05-17T00:00:00Z,2023-05-27T00:00:00Z,2023-05-17T00:00:00Z,2023-05-27T00:00:00Z,3200,EA,1.31,4187,USD
X000102259,100,INBOUND,CAP-1348,Monterro - Kyoto,Spexx - Singapore,,2023-05-15T00:00:00Z,2023-05-17T00:00:00Z,2023-05-27T00:00:00Z,2023-05-17T00:00:00Z,2023-05-27T00:00:00Z,3200,EA,1.63,5210,USD
X000102381,100,INBOUND,CAP-6181,Monterro - Kyoto,Spexx - Singapore,,2023-06-15T00:00:00Z,2023-06-17T00:00:00Z,2023-06-27T00:00:00Z,2023-06-17T00:00:00Z,2023-06-27T00:00:00Z,440,EA,2.58,1137,USD
X000102382,100,INBOUND,CAP-5001,Monterro - Kyoto,Spexx - Singapore,,2023-06-15T00:00:00Z,2023-06-17T00:00:00Z,2023-06-27T00:00:00Z,2023-06-17T00:00:00Z,2023-06-27T00:00:00Z,5120,EA,2.47,12666,USD
X000102383,100,INBOUND,CAP-2660,Monterro - Kyoto,Spexx - Singapore,,2023-06-15T00:00:00Z,2023-06-17T00:00:00Z,2023-06-27T00:00:00Z,2023-06-17T00:00:00Z,2023-06-27T00:00:00Z,560,EA,1.49,836,USD
X000102384,100,INBOUND,CAP-8251,Monterro - Kyoto,Spexx - Singapore,,2023-06-15T00:00:00Z,2023-06-17T00:00:00Z,2023-06-27T00:00:00Z,2023-06-17T00:00:00Z,2023-06-27T00:00:00Z,440,EA,1.71,750,USD
X000102385,100,INBOUND,CAP-1987,Monterro - Kyoto,Spexx - Singapore,,2023-06-15T00:00:00Z,2023-06-17T00:00:00Z,2023-06-27T00:00:00Z,2023-06-17T00:00:00Z,2023-06-27T00:00:00Z,750,EA,1.19,895,USD
X000102386,100,INBOUND,CAP-2111,Monterro - Kyoto,Spexx - Singapore,,2023-06-15T00:00:00Z,2023-06-17T00:00:00Z,2023-06-27T00:00:00Z,2023-06-17T00:00:00Z,2023-06-27T00:00:00Z,1240,EA,1.71,2122,USD
X000102387,100,INBOUND,CAP-8104,Monterro - Kyoto,Spexx - Singapore,,2023-06-15T00:00:00Z,2023-06-17T00:00:00Z,2023-06-27T00:00:00Z,2023-06-17T00:00:00Z,2023-06-27T00:00:00Z,750,EA,2.89,2164,USD
X000102388,100,INBOUND,CAP-3864,Monterro - Kyoto,Spexx - Singapore,,2023-06-15T00:00:00Z,2023-06-17T00:00:00Z,2023-06-27T00:00:00Z,2023-06-17T00:00:00Z,2023-06-27T00:00:00Z,5120,EA,1.20,6144,USD
X000102389,100,INBOUND,CAP-2313,Monterro - Kyoto,Spexx - Singapore,,2023-06-15T00:00:00Z,2023-06-17T00:00:00Z,2023-06-27T00:00:00Z,2023-06-17T00:00:00Z,2023-06-27T00:00:00Z,5120,EA,2.10,10743,USD
X000102390,100,INBOUND,CAP-9150,Monterro - Kyoto,Spexx - Singapore,,2023-06-15T00:00:00Z,2023-06-17T00:00:00Z,2023-06-27T00:00:00Z,2023-06-17T00:00:00Z,2023-06-27T00:00:00Z,440,EA,1.15,508,USD
X000102391,100,INBOUND,CAP-8039,Monterro - Kyoto,Spexx - Singapore,,2023-06-15T00:00:00Z,2023-06-17T00:00:00Z,2023-06-27T00:00:00Z,2023-06-17T00:00:00Z,2023-06-27T00:00:00Z,750,EA,2.47,1856,USD
X000102392,100,INBOUND,CAP-5383,Monterro - Kyoto,Spexx - Singapore,,2023-06-15T00:00:00Z,2023-06-17T00:00:00Z,2023-06-27T00:00:00Z,2023-06-17T00:00:00Z,2023-06-27T00:00:00Z,1240,EA,1.57,1952,USD
X000102393,100,INBOUND,CAP-3195,Monterro - Kyoto,Spexx - Singapore,,2023-06-15T00:00:00Z,2023-06-17T00:00:00Z,2023-06-27T00:00:00Z,2023-06-17T00:00:00Z,2023-06-27T00:00:00Z,440,EA,1.49,654,USD
X000102394,100,INBOUND,CAP-7757,Monterro - Kyoto,Spexx - Singapore,,2023-06-15T00:00:00Z,2023-06-17T00:00:00Z,2023-06-27T00:00:00Z,2023-06-17T00:00:00Z,2023-06-27T00:00:00Z,560,EA,2.09,1173,USD
X000102395,100,INBOUND,CAP-1357,Monterro - Kyoto,Spexx - Singapore,,2023-06-15T00:00:00Z,2023-06-17T00:00:00Z,2023-06-27T00:00:00Z,2023-06-17T00:00:00Z,2023-06-27T00:00:00Z,750,EA,1.26,942,USD
X000102396,100,INBOUND,CAP-4822,Monterro - Kyoto,Spexx - Singapore,,2023-06-15T00:00:00Z,2023-06-17T00:00:00Z,2023-06-27T00:00:00Z,2023-06-17T00:00:00Z,2023-06-27T00:00:00Z,5120,EA,2.11,10806,USD
X000102397,100,INBOUND,CAP-5663,Monterro - Kyoto,Spexx - Singapore,,2023-06-15T00:00:00Z,2023-06-17T00:00:00Z,2023-06-27T00:00:00Z,2023-06-17T00:00:00Z,2023-06-27T00:00:00Z,5120,EA,1.44,7397,USD
X000102398,100,INBOUND,CAP-6796,Monterro - Kyoto,Spexx - Singapore,,2023-06-15T00:00:00Z,2023-06-17T00:00:00Z,2023-06-27T00:00:00Z,2023-06-17T00:00:00Z,2023-06-27T00:00:00Z,440,EA,2.20,970,USD
X000102399,100,INBOUND,CAP-8410,Monterro - Kyoto,Spexx - Singapore,,2023-06-15T00:00:00Z,2023-06-17T00:00:00Z,2023-06-27T00:00:00Z,2023-06-17T00:00:00Z,2023-06-27T00:00:00Z,440,EA,2.03,892,USD
X000102400,100,INBOUND,CAP-8241,Monterro - Kyoto,Spexx - Singapore,,2023-06-15T00:00:00Z,2023-06-17T00:00:00Z,2023-06-27T00:00:00Z,2023-06-17T00:00:00Z,2023-06-27T00:00:00Z,440,EA,2.92,1284,USD
X000102401,100,INBOUND,CAP-8726,Monterro - Kyoto,Spexx - Singapore,,2023-06-15T00:00:00Z,2023-06-17T00:00:00Z,2023-06-27T00:00:00Z,2023-06-17T00:00:00Z,2023-06-27T00:00:00Z,750,EA,1.61,1207,USD
X000102402,100,INBOUND,CAP-2765,Monterro - Kyoto,Spexx - Singapore,,2023-06-15T00:00:00Z,2023-06-17T00:00:00Z,2023-06-27T00:00:00Z,2023-06-17T00:00:00Z,2023-06-27T00:00:00Z,5120,EA,1.02,5229,USD
X000102403,100,INBOUND,FIL-6243,Monterro - Kyoto,Spexx - Singapore,,2023-06-15T00:00:00Z,2023-06-17T00:00:00Z,2023-06-27T00:00:00Z,2023-06-17T00:00:00Z,2023-06-27T00:00:00Z,560,EA,2.19,1224,USD
X000102404,100,INBOUND,IND-6061,Monterro - Kyoto,Spexx - Singapore,,2023-06-15T00:00:00Z,2023-06-17T00:00:00Z,2023-06-27T00:00:00Z,2023-06-17T00:00:00Z,2023-06-27T00:00:00Z,5120,EA,2.47,12657,USD
X000102405,100,INBOUND,IND-8854,Monterro - Kyoto,Spexx - Singapore,,2023-06-15T00:00:00Z,2023-06-17T00:00:00Z,2023-06-27T00:00:00Z,2023-06-17T00:00:00Z,2023-06-27T00:00:00Z,750,EA,1.83,1370,USD
X000102406,100,INBOUND,IND-7885,Monterro - Kyoto,Spexx - Singapore,,2023-06-15T00:00:00Z,2023-06-17T00:00:00Z,2023-06-27T00:00:00Z,2023-06-17T00:00:00Z,2023-06-27T00:00:00Z,750,EA,2.82,2111,USD
X000102407,100,INBOUND,IND-8436,Monterro - Kyoto,Spexx - Singapore,,2023-06-15T00:00:00Z,2023-06-17T00:00:00Z,2023-06-27T00:00:00Z,2023-06-17T00:00:00Z,2023-06-27T00:00:00Z,560,EA,1.98,1109,USD
X000102408,100,INBOUND,IND-7447,Monterro - Kyoto,Spexx - Singapore,,2023-06-15T00:00:00Z,2023-06-17T00:00:00Z,2023-06-27T00:00:00Z,2023-06-17T00:00:00Z,2023-06-27T00:00:00Z,560,EA,2.65,1486,USD
X000102409,100,INBOUND,IND-6102,Monterro - Kyoto,Spexx - Singapore,,2023-06-15T00:00:00Z,2023-06-17T00:00:00Z,2023-06-27T00:00:00Z,2023-06-17T00:00:00Z,2023-06-27T00:00:00Z,440,EA,1.97,868,USD
X000102410,100,INBOUND,IND-7550,Monterro - Kyoto,Spexx - Singapore,,2023-06-15T00:00:00Z,2023-06-17T00:00:00Z,2023-06-27T00:00:00Z,2023-06-17T00:00:00Z,2023-06-27T00:00:00Z,1240,EA,1.42,1758,USD
X000102448,100,INBOUND,IND-8973,Monterro - Kyoto,Spexx - Singapore,,2023-06-15T00:00:00Z,2023-06-17T00:00:00Z,2023-06-27T00:00:00Z,2023-06-17T00:00:00Z,2023-06-27T00:00:00Z,3200,EA,1.48,4735,USD
X000102449,100,INBOUND,IND-9603,Monterro - Kyoto,Spexx - Singapore,,2023-06-15T00:00:00Z,2023-06-17T00:00:00Z,2023-06-27T00:00:00Z,2023-06-17T00:00:00Z,2023-06-27T00:00:00Z,3200,EA,1.81,5785,USD
X000102571,100,INBOUND,IND-1554,Monterro - Kyoto,Spexx - Singapore,,2023-06-15T00:00:00Z,2023-06-17T00:00:00Z,2023-06-27T00:00:00Z,2023-06-17T00:00:00Z,2023-06-27T00:00:00Z,560,EA,1.78,997,USD
X000102572,100,INBOUND,IND-6739,Monterro - Kyoto,Spexx - Singapore,,2023-06-15T00:00:00Z,2023-06-17T00:00:00Z,2023-06-27T00:00:00Z,2023-06-17T00:00:00Z,2023-06-27T00:00:00Z,560,EA,1.12,629,USD
X000102573,100,INBOUND,IND-6878,Monterro - Kyoto,Spexx - Singapore,,2023-06-15T00:00:00Z,2023-06-17T00:00:00Z,2023-06-27T00:00:00Z,2023-06-17T00:00:00Z,2023-06-27T00:00:00Z,5120,EA,1.88,9634,USD
X000102574,100,INBOUND,IND-8458,Monterro - Kyoto,Spexx - Singapore,,2023-06-15T00:00:00Z,2023-06-17T00:00:00Z,2023-06-27T00:00:00Z,2023-06-17T00:00:00Z,2023-06-27T00:00:00Z,440,EA,2.72,1196,USD
X000102575,100,INBOUND,IND-3167,Monterro - Kyoto,Spexx - Singapore,,2023-06-15T00:00:00Z,2023-06-17T00:00:00Z,2023-06-27T00:00:00Z,2023-06-17T00:00:00Z,2023-06-27T00:00:00Z,5120,EA,2.31,11845,USD
X000102576,100,INBOUND,IND-7593,Monterro - Kyoto,Spexx - Singapore,,2023-06-15T00:00:00Z,2023-06-17T00:00:00Z,2023-06-27T00:00:00Z,2023-06-17T00:00:00Z,2023-06-27T00:00:00Z,560,EA,1.60,899,USD
X000102577,100,INBOUND,IND-6782,Monterro - Kyoto,Spexx - Singapore,,2023-06-15T00:00:00Z,2023-06-17T00:00:00Z,2023-06-27T00:00:00Z,2023-06-17T00:00:00Z,2023-06-27T00:00:00Z,5120,EA,2.17,11125,USD
X000102578,100,INBOUND,IND-3360,Monterro - Kyoto,Spexx - Singapore,,2023-06-15T00:00:00Z,2023-06-17T00:00:00Z,2023-06-27T00:00:00Z,2023-06-17T00:00:00Z,2023-06-27T00:00:00Z,440,EA,2.23,980,USD
X000102579,100,INBOUND,IND-7600,Monterro - Kyoto,Spexx - Singapore,,2023-06-15T00:00:00Z,2023-06-17T00:00:00Z,2023-06-27T00:00:00Z,2023-06-17T00:00:00Z,2023-06-27T00:00:00Z,5120,EA,1.60,8203,USD
X000102580,100,INBOUND,IND-6706,Monterro - Kyoto,Spexx - Singapore,,2023-06-15T00:00:00Z,2023-06-17T00:00:00Z,2023-06-27T00:00:00Z,2023-06-17T00:00:00Z,2023-06-27T00:00:00Z,440,EA,1.10,483,USD
X000102581,100,INBOUND,IND-4990,Monterro - Kyoto,Spexx - Singapore,,2023-06-15T00:00:00Z,2023-06-17T00:00:00Z,2023-06-27T00:00:00Z,2023-06-17T00:00:00Z,2023-06-27T00:00:00Z,5120,EA,1.44,7361,USD
X000102582,100,INBOUND,IND-9750,Monterro - Kyoto,Spexx - Singapore,,2023-06-15T00:00:00Z,2023-06-17T00:00:00Z,2023-06-27T00:00:00Z,2023-06-17T00:00:00Z,2023-06-27T00:00:00Z,750,EA,1.10,822,USD
X000102583,100,INBOUND,IND-9878,Monterro - Kyoto,Spexx - Singapore,,2023-06-15T00:00:00Z,2023-06-17T00:00:00Z,2023-06-27T00:00:00Z,2023-06-17T00:00:00Z,2023-06-27T00:00:00Z,5120,EA,2.77,14188,USD
X000102584,100,INBOUND,IND-1399,Monterro - Kyoto,Spexx - Singapore,,2023-06-15T00:00:00Z,2023-06-17T00:00:00Z,2023-06-27T00:00:00Z,2023-06-17T00:00:00Z,2023-06-27T00:00:00Z,560,EA,1.21,676,USD
X000102585,100,INBOUND,IND-4845,Monterro - Kyoto,Spexx - Singapore,,2023-06-15T00:00:00Z,2023-06-17T00:00:00Z,2023-06-27T00:00:00Z,2023-06-17T00:00:00Z,2023-06-27T00:00:00Z,750,EA,2.83,2126,USD
X000102586,100,INBOUND,IND-8535,Monterro - Kyoto,Spexx - Singapore,,2023-06-15T00:00:00Z,2023-06-17T00:00:00Z,2023-06-27T00:00:00Z,2023-06-17T00:00:00Z,2023-06-27T00:00:00Z,5120,EA,2.29,11736,USD
X000102587,100,INBOUND,IND-7445,Monterro - Kyoto,Spexx - Singapore,,2023-06-15T00:00:00Z,2023-06-17T00:00:00Z,2023-06-27T00:00:00Z,2023-06-17T00:00:00Z,2023-06-27T00:00:00Z,560,EA,2.25,1259,USD
X000102588,100,INBOUND,IND-8803,Monterro - Kyoto,Spexx - Singapore,,2023-06-15T00:00:00Z,2023-06-17T00:00:00Z,2023-06-27T00:00:00Z,2023-06-17T00:00:00Z,2023-06-27T00:00:00Z,560,EA,1.14,637,USD
X000102589,100,INBOUND,IND-5972,Monterro - Kyoto,Spexx - Singapore,,2023-06-15T00:00:00Z,2023-06-17T00:00:00Z,2023-06-27T00:00:00Z,2023-06-17T00:00:00Z,2023-06-27T00:00:00Z,750,EA,2.00,1504,USD
X000102590,100,INBOUND,IND-6223,Monterro - Kyoto,Spexx - Singapore,,2023-06-15T00:00:00Z,2023-06-17T00:00:00Z,2023-06-27T00:00:00Z,2023-06-17T00:00:00Z,2023-06-27T00:00:00Z,750,EA,1.22,917,USD
X000102591,100,INBOUND,IND-4828,Monterro - Kyoto,Spexx - Singapore,,2023-06-15T00:00:00Z,2023-06-17T00:00:00Z,2023-06-27T00:00:00Z,2023-06-17T00:00:00Z,2023-06-27T00:00:00Z,5120,EA,2.59,13262,USD
X000102592,100,INBOUND,IND-2921,Monterro - Kyoto,Spexx - Singapore,,2023-06-15T00:00:00Z,2023-06-17T00:00:00Z,2023-06-27T00:00:00Z,2023-06-17T00:00:00Z,2023-06-27T00:00:00Z,750,EA,2.90,2177,USD
X000102593,100,INBOUND,IND-6523,Monterro - Kyoto,Spexx - Singapore,,2023-06-15T00:00:00Z,2023-06-17T00:00:00Z,2023-06-27T00:00:00Z,2023-06-17T00:00:00Z,2023-06-27T00:00:00Z,1240,EA,2.40,2975,USD
X000102594,100,INBOUND,IND-4517,Monterro - Kyoto,Spexx - Singapore,,2023-06-15T00:00:00Z,2023-06-17T00:00:00Z,2023-06-27T00:00:00Z,2023-06-17T00:00:00Z,2023-06-27T00:00:00Z,750,EA,2.59,1943,USD
X000102595,100,INBOUND,IND-7166,Monterro - Kyoto,Spexx - Singapore,,2023-06-15T00:00:00Z,2023-06-17T00:00:00Z,2023-06-27T00:00:00Z,2023-06-17T00:00:00Z,2023-06-27T00:00:00Z,5120,EA,2.27,11608,USD
X000102596,100,INBOUND,IND-2617,Monterro - Kyoto,Spexx - Singapore,,2023-06-15T00:00:00Z,2023-06-17T00:00:00Z,2023-06-27T00:00:00Z,2023-06-17T00:00:00Z,2023-06-27T00:00:00Z,5120,EA,2.05,10490,USD
X000102597,100,INBOUND,IND-8447,Monterro - Kyoto,Spexx - Singapore,,2023-06-15T00:00:00Z,2023-06-17T00:00:00Z,2023-06-27T00:00:00Z,2023-06-17T00:00:00Z,2023-06-27T00:00:00Z,560,EA,1.22,682,USD
X000102598,100,INBOUND,IND-7149,Monterro - Kyoto,Spexx - Singapore,,2023-06-15T00:00:00Z,2023-06-17T00:00:00Z,2023-06-27T00:00:00Z,2023-06-17T00:00:00Z,2023-06-27T00:00:00Z,560,EA,2.55,1428,USD
X000102599,100,INBOUND,IND-3671,Monterro - Kyoto,Spexx - Singapore,,2023-06-15T00:00:00Z,2023-06-17T00:00:00Z,2023-06-27T00:00:00Z,2023-06-17T00:00:00Z,2023-06-27T00:00:00Z,750,EA,2.03,1526,USD
X000102600,100,INBOUND,IND-1968,Monterro - Kyoto,Spexx - Singapore,,2023-06-15T00:00:00Z,2023-06-17T00:00:00Z,2023-06-27T00:00:00Z,2023-06-17T00:00:00Z,2023-06-27T00:00:00Z,440,EA,1.63,715,USD
X000102638,100,INBOUND,IND-1437,Monterro - Kyoto,Spexx - Singapore,,2023-06-15T00:00:00Z,2023-06-17T00:00:00Z,2023-06-27T00:00:00Z,2023-06-17T00:00:00Z,2023-06-27T00:00:00Z,750,EA,2.78,2087,USD
X000102639,100,INBOUND,THR-3049,Monterro - Kyoto,Spexx - Singapore,,2023-06-15T00:00:00Z,2023-06-17T00:00:00Z,2023-06-27T00:00:00Z,2023-06-17T00:00:00Z,2023-06-27T00:00:00Z,750,EA,2.46,1846,USD
X000102761,100,INBOUND,CAP-2071,Monterro - Kyoto,Spexx - Singapore,,2023-06-15T00:00:00Z,2023-06-17T00:00:00Z,2023-06-27T00:00:00Z,2023-06-17T00:00:00Z,2023-06-27T00:00:00Z,1240,EA,1.30,1611,USD
X000102762,100,INBOUND,CAP-1613,Monterro - Kyoto,Spexx - Singapore,,2023-06-15T00:00:00Z,2023-06-17T00:00:00Z,2023-06-27T00:00:00Z,2023-06-17T00:00:00Z,2023-06-27T00:00:00Z,440,EA,1.18,520,USD
X000102763,100,INBOUND,CAP-4362,Monterro - Kyoto,Spexx - Singapore,,2023-06-15T00:00:00Z,2023-06-17T00:00:00Z,2023-06-27T00:00:00Z,2023-06-17T00:00:00Z,2023-06-27T00:00:00Z,440,EA,2.72,1198,USD
X000102764,100,INBOUND,CAP-4438,Monterro - Kyoto,Spexx - Singapore,,2023-06-15T00:00:00Z,2023-06-17T00:00:00Z,2023-06-27T00:00:00Z,2023-06-17T00:00:00Z,2023-06-27T00:00:00Z,560,EA,1.14,637,USD
X000102765,100,INBOUND,CAP-5233,Monterro - Kyoto,Spexx - Singapore,,2023-06-15T00:00:00Z,2023-06-17T00:00:00Z,2023-06-27T00:00:00Z,2023-06-17T00:00:00Z,2023-06-27T00:00:00Z,560,EA,1.81,1015,USD
X000102766,100,INBOUND,CAP-8582,Monterro - Kyoto,Spexx - Singapore,,2023-06-15T00:00:00Z,2023-06-17T00:00:00Z,2023-06-27T00:00:00Z,2023-06-17T00:00:00Z,2023-06-27T00:00:00Z,5120,EA,1.13,5780,USD
X000102767,100,INBOUND,CAP-5148,Monterro - Kyoto,Spexx - Singapore,,2023-06-15T00:00:00Z,2023-06-17T00:00:00Z,2023-06-27T00:00:00Z,2023-06-17T00:00:00Z,2023-06-27T00:00:00Z,440,EA,2.76,1215,USD
X000102768,100,INBOUND,CAP-8522,Monterro - Kyoto,Spexx - Singapore,,2023-06-15T00:00:00Z,2023-06-17T00:00:00Z,2023-06-27T00:00:00Z,2023-06-17T00:00:00Z,2023-06-27T00:00:00Z,5120,EA,2.19,11225,USD
X000102769,100,INBOUND,CAP-4715,Monterro - Kyoto,Spexx - Singapore,,2023-06-15T00:00:00Z,2023-06-17T00:00:00Z,2023-06-27T00:00:00Z,2023-06-17T00:00:00Z,2023-06-27T00:00:00Z,560,EA,1.06,591,USD
X000102770,100,INBOUND,CAP-8165,Monterro - Kyoto,Spexx - Singapore,,2023-06-15T00:00:00Z,2023-06-17T00:00:00Z,2023-06-27T00:00:00Z,2023-06-17T00:00:00Z,2023-06-27T00:00:00Z,5120,EA,1.71,8733,USD
X000102771,100,INBOUND,CAP-5090,Monterro - Kyoto,Spexx - Singapore,,2023-06-15T00:00:00Z,2023-06-17T00:00:00Z,2023-06-27T00:00:00Z,2023-06-17T00:00:00Z,2023-06-27T00:00:00Z,440,EA,2.86,1257,USD
X000102772,100,INBOUND,CAP-4902,Monterro - Kyoto,Spexx - Singapore,,2023-06-15T00:00:00Z,2023-06-17T00:00:00Z,2023-06-27T00:00:00Z,2023-06-17T00:00:00Z,2023-06-27T00:00:00Z,5120,EA,2.98,15272,USD
X000102773,100,INBOUND,CAP-2661,Monterro - Kyoto,Spexx - Singapore,,2023-06-15T00:00:00Z,2023-06-17T00:00:00Z,2023-06-27T00:00:00Z,2023-06-17T00:00:00Z,2023-06-27T00:00:00Z,440,EA,1.58,694,USD
X000102774,100,INBOUND,CAP-7931,Monterro - Kyoto,Spexx - Singapore,,2023-06-15T00:00:00Z,2023-06-17T00:00:00Z,2023-06-27T00:00:00Z,2023-06-17T00:00:00Z,2023-06-27T00:00:00Z,5120,EA,1.08,5522,USD
X000102775,100,INBOUND,CAP-8130,Monterro - Kyoto,Spexx - Singapore,,2023-06-15T00:00:00Z,2023-06-17T00:00:00Z,2023-06-27T00:00:00Z,2023-06-17T00:00:00Z,2023-06-27T00:00:00Z,750,EA,2.24,1677,USD
X000102776,100,INBOUND,CAP-6713,Monterro - Kyoto,Spexx - Singapore,,2023-06-15T00:00:00Z,2023-06-17T00:00:00Z,2023-06-27T00:00:00Z,2023-06-17T00:00:00Z,2023-06-27T00:00:00Z,5120,EA,1.97,10105,USD
X000102777,100,INBOUND,CAP-1851,Monterro - Kyoto,Spexx - Singapore,,2023-06-15T00:00:00Z,2023-06-17T00:00:00Z,2023-06-27T00:00:00Z,2023-06-17T00:00:00Z,2023-06-27T00:00:00Z,560,EA,2.14,1198,USD
X000102778,100,INBOUND,CAP-8034,Monterro - Kyoto,Spexx - Singapore,,2023-06-15T00:00:00Z,2023-06-17T00:00:00Z,2023-06-27T00:00:00Z,2023-06-17T00:00:00Z,2023-06-27T00:00:00Z,750,EA,2.20,1653,USD
X000102779,100,INBOUND,CAP-6852,Monterro - Kyoto,Spexx - Singapore,,2023-06-15T00:00:00Z,2023-06-17T00:00:00Z,2023-06-27T00:00:00Z,2023-06-17T00:00:00Z,2023-06-27T00:00:00Z,5120,EA,2.20,11240,USD
X000102780,100,INBOUND,CAP-7487,Monterro - Kyoto,Spexx - Singapore,,2023-06-15T00:00:00Z,2023-06-17T00:00:00Z,2023-06-27T00:00:00Z,2023-06-17T00:00:00Z,2023-06-27T00:00:00Z,560,EA,2.20,1231,USD
X000102781,100,INBOUND,CAP-3302,Monterro - Kyoto,Spexx - Singapore,,2023-06-15T00:00:00Z,2023-06-17T00:00:00Z,2023-06-27T00:00:00Z,2023-06-17T00:00:00Z,2023-06-27T00:00:00Z,560,EA,1.87,1048,USD
X000102782,100,INBOUND,CAP-3185,Monterro - Kyoto,Spexx - Singapore,,2023-06-15T00:00:00Z,2023-06-17T00:00:00Z,2023-06-27T00:00:00Z,2023-06-17T00:00:00Z,2023-06-27T00:00:00Z,750,EA,1.23,919,USD
X000102783,100,INBOUND,CAP-4449,Monterro - Kyoto,Spexx - Singapore,,2023-06-15T00:00:00Z,2023-06-17T00:00:00Z,2023-06-27T00:00:00Z,2023-06-17T00:00:00Z,2023-06-27T00:00:00Z,750,EA,2.86,2148,USD
X000102784,100,INBOUND,CAP-8554,Monterro - Kyoto,Spexx - Singapore,,2023-06-15T00:00:00Z,2023-06-17T00:00:00Z,2023-06-27T00:00:00Z,2023-06-17T00:00:00Z,2023-06-27T00:00:00Z,5120,EA,1.09,5587,USD
X000102785,100,INBOUND,CAP-3871,Monterro - Kyoto,Spexx - Singapore,,2023-06-15T00:00:00Z,2023-06-17T00:00:00Z,2023-06-27T00:00:00Z,2023-06-17T00:00:00Z,2023-06-27T00:00:00Z,750,EA,1.54,1157,USD
X000102786,100,INBOUND,CAP-1130,Monterro - Kyoto,Spexx - Singapore,,2023-06-15T00:00:00Z,2023-06-17T00:00:00Z,2023-06-27T00:00:00Z,2023-06-17T00:00:00Z,2023-06-27T00:00:00Z,1240,EA,1.86,2305,USD
X000102787,100,INBOUND,CAP-6971,Monterro - Kyoto,Spexx - Singapore,,2023-06-15T00:00:00Z,2023-06-17T00:00:00Z,2023-06-27T00:00:00Z,2023-06-17T00:00:00Z,2023-06-27T00:00:00Z,750,EA,2.38,1782,USD
X000102788,100,INBOUND,CAP-7773,Monterro - Kyoto,Spexx - Singapore,,2023-06-15T00:00:00Z,2023-06-17T00:00:00Z,2023-06-27T00:00:00Z,2023-06-17T00:00:00Z,2023-06-27T00:00:00Z,5120,EA,1.99,10184,USD
X000102789,100,INBOUND,CAP-7697,Monterro - Kyoto,Spexx - Singapore,,2023-06-15T00:00:00Z,2023-06-17T00:00:00Z,2023-06-27T00:00:00Z,2023-06-17T00:00:00Z,2023-06-27T00:00:00Z,5120,EA,1.18,6020,USD
X000102790,100,INBOUND,CAP-1415,Monterro - Kyoto,Spexx - Singapore,,2023-06-15T00:00:00Z,2023-06-17T00:00:00Z,2023-06-27T00:00:00Z,2023-06-17T00:00:00Z,2023-06-27T00:00:00Z,560,EA,1.72,961,USD
