﻿product.partNumber,supplier.organizationIdentifier,supplierProductNumber
CAP-2071,Monterro,GRT033R60J105ME13D
CAP-1613,Monterro,GRT033R61C104KE01D
CAP-4362,Monterro,GRT033R61E104KE01D
CAP-4438,Monterro,GCJ188R72A104KA01D
CAP-5233,Monterro,GCM0335C1HR30WA16D
CAP-8582,Monterro,GCM0335C1HR50BA16D
CAP-5148,Monterro,GCM0335C1HR50WA16D
CAP-8522,Monterro,GCM0335C1HR80WA16D
CAP-4715,Monterro,GCM1555C1HR91BA16D
CAP-8165,Monterro,GCM0335C1E1R0BA16D
CAP-5090,Monterro,GCJ21BR71H105KA01L
CAP-4902,Monterro,GCM0335C1E1R8BA16D
CAP-2661,Monterro,GCJ188R71H102KA01D
CAP-7931,Monterro,GCM0335C1E101JA16D
CAP-8130,Monterro,GCM0335C1H100FA16D
CAP-6713,Monterro,GCM0335C1H100GA16D
CAP-1851,Monterro,GRT188R61C106KE13D
CAP-8034,Monterro,GCJ32EC71H106KA01L
CAP-6852,Monterro,GCM0335C1H120FA16D
CAP-7487,Monterro,GCM0335C1H130FA16D
CAP-3302,Monterro,GCM0335C1H150FA16D
CAP-3185,Monterro,GCM0335C1E180JA16D
CAP-4449,Monterro,GCM0335C1E2R0BA16D
CAP-8554,Monterro,GCE188R72A223KA01D
CAP-3871,Monterro,GRT21BR61C226ME13L
CAP-1130,Monterro,GRT188R60J226ME13D
CAP-6971,Monterro,GCM0335C1E270JA16D
CAP-7773,Monterro,GCM0335C1E3R0BA16D
CAP-7697,Monterro,GCM0335C1E3R6BA16D
CAP-1415,Monterro,GCM0335C1E4R3BA16D
CAP-6208,Monterro,GCJ188R72A472KA01D
CAP-7654,Monterro,GCM0335C1E6R2BA16D
CAP-3996,Monterro,GCM0335C1E6R8BA16D
CAP-9832,Monterro,GCM0335C1E7R5BA16D
CAP-2714,Monterro,GCM0335C1E8R2BA16D
CAP-8191,Monterro,GCM1555C1H8R2BA16D
CAP-8865,Monterro,GCM1555C1H330GA16D
CAP-5506,Monterro,GRT1555C1H470JA02D
CAP-1050,Monterro,GRT1555C1E120JA02D
CAP-5977,Monterro,GRT1555C1H220JA02D
CAP-4796,Monterro,GRT1555C1E471JA02D
CAP-1644,Monterro,GRT033C81C104KE01D
CAP-3658,Monterro,GRT033C81E104KE01D
CAP-8747,Monterro,GRT033C80G104KE01D
CAP-9438,Monterro,GRT033C80J104KE01D
CAP-2263,Monterro,GRT033C80J224KE01D
CAP-8588,Monterro,GRT155C80J334KE01D
CAP-1348,Monterro,GRT155C80J474KE01D
CAP-6181,Monterro,GRT155C81C105KE13D
CAP-5001,Monterro,GRT188C81E105KE13D
CAP-2660,Monterro,GRT188C81C106ME13D
CAP-8251,Monterro,GRT155C81A225KE13D
CAP-1987,Monterro,GRT155C80J225KE01D
CAP-2111,Monterro,GRT188C80J226ME13D
CAP-8104,Monterro,GRT21BC81A226ME13L
CAP-3864,Monterro,GRT188C81C475KE13D
CAP-2313,Monterro,GRT188C81E475KE13D
CAP-9150,Monterro,GRT155C80J475ME13D
CAP-8039,Monterro,GRT188C81E475ME13D
CAP-5383,Monterro,GRT155R70J105KE01D
CAP-3195,Monterro,GRT033R71E102KE01D
CAP-7757,Monterro,GRT155R71C224KE01D
CAP-1357,Monterro,GRT155C81C474KE01D
CAP-4822,Monterro,GRT155R71C103KE01D
CAP-5663,Monterro,GRT155R71H102KE01D
CAP-6796,Monterro,GRT155R71H332KE01D
CAP-8410,Monterro,GRT155C81E105KE13D
CAP-8241,Monterro,GRT033R71A103KE01D
CAP-8726,Monterro,GCJ32DC72A475KE01L
CAP-2765,Monterro,GRT21BR71H474KE01L
FIL-6243,Monterro,DLW43MH201XK2L
IND-6061,Monterro,DFEH7030D-2R2M=P3
IND-8854,Monterro,BLM18EG221SZ1D
IND-7885,Monterro,BLM15AG121SH1D
IND-8436,Monterro,BLM18SG121TZ1D
IND-7447,Monterro,LQP03TN1N0BZ2D
IND-6102,Monterro,LQP03TN1N2BZ2D
IND-7550,Monterro,LQP03TN1N5BZ2D
IND-8973,Monterro,DFE252012PD-1R5M=P2
IND-9603,Monterro,LQG15WZ10NH02D
IND-1554,Monterro,DFEG10040D-100M=P3
IND-6739,Monterro,LQP03TN12NHZ2D
IND-6878,Monterro,LQP03TN12NJZ2D
IND-8458,Monterro,LQP03TN15NHZ2D
IND-3167,Monterro,DFE252012PD-1R0M=P2
IND-7593,Monterro,LQP03TN2N0BZ2D
IND-6782,Monterro,DFE322520FD-2R2M=P2
IND-3360,Monterro,DFE252012PD-2R2M=P2
IND-7600,Monterro,LQP03TN2N3BZ2D
IND-6706,Monterro,LQP03TN2N5BZ2D
IND-4990,Monterro,LQP03TN2N6BZ2D
IND-9750,Monterro,LQP03TN2N7BZ2D
IND-9878,Monterro,LQP03TN2N7CZ2D
IND-1399,Monterro,LQP03TN22NHZ2D
IND-4845,Monterro,LQP03TN24NHZ2D
IND-8535,Monterro,LQP03TN3N0BZ2D
IND-7445,Monterro,LQP03TN3N2BZ2D
IND-8803,Monterro,LQP03TN3N3BZ2D
IND-5972,Monterro,LQP03TN39NHZ2D
IND-6223,Monterro,LQP03TN4N0BZ2D
IND-4828,Monterro,LQP03TN4N3HZ2D
IND-2921,Monterro,LQP03TN4N7HZ2D
IND-6523,Monterro,LQP03TN5N1HZ2D
IND-4517,Monterro,LQP03TN5N1JZ2D
IND-7166,Monterro,LQP03TN5N6HZ2D
IND-2617,Monterro,LQP03TN5N6JZ2D
IND-8447,Monterro,LQG15HZ56NH02D
IND-7149,Monterro,LQP03TN6N2HZ2D
IND-3671,Monterro,LQP03TN6N8HZ2D
IND-1968,Monterro,LQP03TN8N2HZ2D
IND-1437,Monterro,LQM2MPZ1R5MG0L
THR-3049,Monterro,NCU15WF104F6SRC
