﻿partNumber,preferredSupplier.supplier.organizationIdentifier,productType,category.code,status,value,valueCurrency,defaultQuantityUnits,name,description,plannerCode,sourceLink
CAP-2071,Monterro,ITEM,Capacitors,ACTIVE,1.30,USD,EA,1.0uF 6.3V 0201 X5R 20% AEC,Capacitors - 1.0uF 6.3V 0201 X5R 20% AEC,GRT033R60J105ME13D,https://spexx.com/catalog/CAP-2071
CAP-1613,Monterro,ITEM,Capacitors,ACTIVE,1.18,USD,EA,CAP 0.10uF 0.1 16V 0603 X5R,Capacitors - CAP 0.10uF 0.1 16V 0603 X5R,GRT033R61C104KE01D,https://spexx.com/catalog/CAP-1613
CAP-4362,Monterro,ITEM,Capacitors,ACTIVE,2.72,USD,EA,CAP 0.10uF 0.1 25V 0603 X5R,Capacitors - CAP 0.10uF 0.1 25V 0603 X5R,GRT033R61E104KE01D,https://spexx.com/catalog/CAP-4362
CAP-4438,Monterro,ITEM,Capacitors,ACTIVE,1.14,USD,EA,CAP 0.10uF 10% 100V 0603 X7R,Capacitors - CAP 0.10uF 10% 100V 0603 X7R,GCJ188R72A104KA01D,https://spexx.com/catalog/CAP-4438
CAP-5233,Monterro,ITEM,Capacitors,ACTIVE,1.81,USD,EA,CAP 0.30pF 0.05pF 50V 0603,Capacitors - CAP 0.30pF 0.05pF 50V 0603,GCM0335C1HR30WA16D,https://spexx.com/catalog/CAP-5233
CAP-8582,Monterro,ITEM,Capacitors,ACTIVE,1.13,USD,EA,CAP 0.50pF +0.1pF 50V 0603C0G,Capacitors - CAP 0.50pF +0.1pF 50V 0603C0G,GCM0335C1HR50BA16D,https://spexx.com/catalog/CAP-8582
CAP-5148,Monterro,ITEM,Capacitors,ACTIVE,2.76,USD,EA,CAP 0.50pF 0.05pF 50V 0603,Capacitors - CAP 0.50pF 0.05pF 50V 0603,GCM0335C1HR50WA16D,https://spexx.com/catalog/CAP-5148
CAP-8522,Monterro,ITEM,Capacitors,ACTIVE,2.19,USD,EA,CAP 0.80pF 0.05pF 50V 0603,Capacitors - CAP 0.80pF 0.05pF 50V 0603,GCM0335C1HR80WA16D,https://spexx.com/catalog/CAP-8522
CAP-4715,Monterro,ITEM,Capacitors,ACTIVE,1.06,USD,EA,CAP 0.91pF 0.1pF 50V 0402,Capacitors - CAP 0.91pF 0.1pF 50V 0402,GCM1555C1HR91BA16D,https://spexx.com/catalog/CAP-4715
CAP-8165,Monterro,ITEM,Capacitors,ACTIVE,1.71,USD,EA,CAP 1.0pF +0.1pF 25V 0603 C0G,Capacitors - CAP 1.0pF +0.1pF 25V 0603 C0G,GCM0335C1E1R0BA16D,https://spexx.com/catalog/CAP-8165
CAP-5090,Monterro,ITEM,Capacitors,ACTIVE,2.86,USD,EA,CAP 1.0uF 10% 50V 0805 X7R,Capacitors - CAP 1.0uF 10% 50V 0805 X7R,GCJ21BR71H105KA01L,https://spexx.com/catalog/CAP-5090
CAP-4902,Monterro,ITEM,Capacitors,ACTIVE,2.98,USD,EA,CAP 1.8pF +0.1pF 25V 0603 C0G,Capacitors - CAP 1.8pF +0.1pF 25V 0603 C0G,GCM0335C1E1R8BA16D,https://spexx.com/catalog/CAP-4902
CAP-2661,Monterro,ITEM,Capacitors,ACTIVE,1.58,USD,EA,CAP 1000pF 10% 50V 0603 X7R,Capacitors - CAP 1000pF 10% 50V 0603 X7R,GCJ188R71H102KA01D,https://spexx.com/catalog/CAP-2661
CAP-7931,Monterro,ITEM,Capacitors,ACTIVE,1.08,USD,EA,CAP 100pF 5% 25V 0603C0G,Capacitors - CAP 100pF 5% 25V 0603C0G,GCM0335C1E101JA16D,https://spexx.com/catalog/CAP-7931
CAP-8130,Monterro,ITEM,Capacitors,ACTIVE,2.24,USD,EA,CAP 10pF 1% 50V 0603C0G,Capacitors - CAP 10pF 1% 50V 0603C0G,GCM0335C1H100FA16D,https://spexx.com/catalog/CAP-8130
CAP-6713,Monterro,ITEM,Capacitors,ACTIVE,1.97,USD,EA,CAP 10pF 2% 50V 0603C0G,Capacitors - CAP 10pF 2% 50V 0603C0G,GCM0335C1H100GA16D,https://spexx.com/catalog/CAP-6713
CAP-1851,Monterro,ITEM,Capacitors,ACTIVE,2.14,USD,EA,CAP 10uF 0.1 16V 0603 X5R,Capacitors - CAP 10uF 0.1 16V 0603 X5R,GRT188R61C106KE13D,https://spexx.com/catalog/CAP-1851
CAP-8034,Monterro,ITEM,Capacitors,ACTIVE,2.20,USD,EA,CAP 10uF 10% 50V 1210 X7S 125C,Capacitors - CAP 10uF 10% 50V 1210 X7S 125C,GCJ32EC71H106KA01L,https://spexx.com/catalog/CAP-8034
CAP-6852,Monterro,ITEM,Capacitors,ACTIVE,2.20,USD,EA,CAP 12pF 1% 50V 0603C0G,Capacitors - CAP 12pF 1% 50V 0603C0G,GCM0335C1H120FA16D,https://spexx.com/catalog/CAP-6852
CAP-7487,Monterro,ITEM,Capacitors,ACTIVE,2.20,USD,EA,CAP 13pF 1% 50V 0603C0G,Capacitors - CAP 13pF 1% 50V 0603C0G,GCM0335C1H130FA16D,https://spexx.com/catalog/CAP-7487
CAP-3302,Monterro,ITEM,Capacitors,ACTIVE,1.87,USD,EA,CAP 15pF 1% 50V 0603C0G,Capacitors - CAP 15pF 1% 50V 0603C0G,GCM0335C1H150FA16D,https://spexx.com/catalog/CAP-3302
CAP-3185,Monterro,ITEM,Capacitors,ACTIVE,1.23,USD,EA,CAP 18pF 5% 25V 0603C0G,Capacitors - CAP 18pF 5% 25V 0603C0G,GCM0335C1E180JA16D,https://spexx.com/catalog/CAP-3185
CAP-4449,Monterro,ITEM,Capacitors,ACTIVE,2.86,USD,EA,CAP 2.0pF +0.1pF 25V 0603 C0G,Capacitors - CAP 2.0pF +0.1pF 25V 0603 C0G,GCM0335C1E2R0BA16D,https://spexx.com/catalog/CAP-4449
CAP-8554,Monterro,ITEM,Capacitors,ACTIVE,1.09,USD,EA,CAP 22000pF 10% 100V 0603 X7R,Capacitors - CAP 22000pF 10% 100V 0603 X7R,GCE188R72A223KA01D,https://spexx.com/catalog/CAP-8554
CAP-3871,Monterro,ITEM,Capacitors,ACTIVE,1.54,USD,EA,CAP 22uF 0.2 16V 0805 X5R,Capacitors - CAP 22uF 0.2 16V 0805 X5R,GRT21BR61C226ME13L,https://spexx.com/catalog/CAP-3871
CAP-1130,Monterro,ITEM,Capacitors,ACTIVE,1.86,USD,EA,CAP 22uF 0.2 6.3V 0603 X5R,Capacitors - CAP 22uF 0.2 6.3V 0603 X5R,GRT188R60J226ME13D,https://spexx.com/catalog/CAP-1130
CAP-6971,Monterro,ITEM,Capacitors,ACTIVE,2.38,USD,EA,CAP 27pF 5% 25V 0603C0G,Capacitors - CAP 27pF 5% 25V 0603C0G,GCM0335C1E270JA16D,https://spexx.com/catalog/CAP-6971
CAP-7773,Monterro,ITEM,Capacitors,ACTIVE,1.99,USD,EA,CAP 3.0pF +0.1pF 25V 0603 C0G,Capacitors - CAP 3.0pF +0.1pF 25V 0603 C0G,GCM0335C1E3R0BA16D,https://spexx.com/catalog/CAP-7773
CAP-7697,Monterro,ITEM,Capacitors,ACTIVE,1.18,USD,EA,CAP 3.6pF +0.1pF 25V 0603 C0G,Capacitors - CAP 3.6pF +0.1pF 25V 0603 C0G,GCM0335C1E3R6BA16D,https://spexx.com/catalog/CAP-7697
CAP-1415,Monterro,ITEM,Capacitors,ACTIVE,1.72,USD,EA,CAP 4.3pF +0.1pF 25V 0603 C0G,Capacitors - CAP 4.3pF +0.1pF 25V 0603 C0G,GCM0335C1E4R3BA16D,https://spexx.com/catalog/CAP-1415
CAP-6208,Monterro,ITEM,Capacitors,ACTIVE,2.07,USD,EA,CAP 4700pF 10% 100V 0603 X7R,Capacitors - CAP 4700pF 10% 100V 0603 X7R,GCJ188R72A472KA01D,https://spexx.com/catalog/CAP-6208
CAP-7654,Monterro,ITEM,Capacitors,ACTIVE,2.29,USD,EA,CAP 6.2pF +0.1pF 25V 0603 C0G,Capacitors - CAP 6.2pF +0.1pF 25V 0603 C0G,GCM0335C1E6R2BA16D,https://spexx.com/catalog/CAP-7654
CAP-3996,Monterro,ITEM,Capacitors,ACTIVE,1.52,USD,EA,CAP 6.8pF +0.1pF 25V 0603 C0G,Capacitors - CAP 6.8pF +0.1pF 25V 0603 C0G,GCM0335C1E6R8BA16D,https://spexx.com/catalog/CAP-3996
CAP-9832,Monterro,ITEM,Capacitors,ACTIVE,1.65,USD,EA,CAP 7.5pF +0.1pF 25V 0603 C0G,Capacitors - CAP 7.5pF +0.1pF 25V 0603 C0G,GCM0335C1E7R5BA16D,https://spexx.com/catalog/CAP-9832
CAP-2714,Monterro,ITEM,Capacitors,ACTIVE,2.63,USD,EA,CAP 8.2pF +0.1pF 25V 0603 C0G,Capacitors - CAP 8.2pF +0.1pF 25V 0603 C0G,GCM0335C1E8R2BA16D,https://spexx.com/catalog/CAP-2714
CAP-8191,Monterro,ITEM,Capacitors,ACTIVE,1.79,USD,EA,CAP 8.2pF +0.1pF 50V 0402 C0G,Capacitors - CAP 8.2pF +0.1pF 50V 0402 C0G,GCM1555C1H8R2BA16D,https://spexx.com/catalog/CAP-8191
CAP-8865,Monterro,ITEM,Capacitors,ACTIVE,2.84,USD,EA,CAP MLCC 33pF 2% 50V C0G 0402,Capacitors - CAP MLCC 33pF 2% 50V C0G 0402,GCM1555C1H330GA16D,https://spexx.com/catalog/CAP-8865
CAP-5506,Monterro,ITEM,Capacitors,ACTIVE,1.59,USD,EA,CAP MLCC 47pF 5% 50V C0G 0402,Capacitors - CAP MLCC 47pF 5% 50V C0G 0402,GRT1555C1H470JA02D,https://spexx.com/catalog/CAP-5506
CAP-1050,Monterro,ITEM,Capacitors,ACTIVE,1.11,USD,EA,CAP MLCC C0G 12pF 5% 0402,Capacitors - CAP MLCC C0G 12pF 5% 0402,GRT1555C1E120JA02D,https://spexx.com/catalog/CAP-1050
CAP-5977,Monterro,ITEM,Capacitors,ACTIVE,1.14,USD,EA,CAP MLCC C0G 22pF 5% 0402,Capacitors - CAP MLCC C0G 22pF 5% 0402,GRT1555C1H220JA02D,https://spexx.com/catalog/CAP-5977
CAP-4796,Monterro,ITEM,Capacitors,ACTIVE,1.71,USD,EA,CAP MLCC C0G 470pF 5% 0402,Capacitors - CAP MLCC C0G 470pF 5% 0402,GRT1555C1E471JA02D,https://spexx.com/catalog/CAP-4796
CAP-1644,Monterro,ITEM,Capacitors,ACTIVE,1.44,USD,EA,CAP MLCC X6S 0.10uF 10% 0201,Capacitors - CAP MLCC X6S 0.10uF 10% 0201,GRT033C81C104KE01D,https://spexx.com/catalog/CAP-1644
CAP-3658,Monterro,ITEM,Capacitors,ACTIVE,1.82,USD,EA,CAP MLCC X6S 0.10uF 10% 0201,Capacitors - CAP MLCC X6S 0.10uF 10% 0201,GRT033C81E104KE01D,https://spexx.com/catalog/CAP-3658
CAP-8747,Monterro,ITEM,Capacitors,ACTIVE,2.91,USD,EA,CAP MLCC X6S 0.10uF 10% 0201,Capacitors - CAP MLCC X6S 0.10uF 10% 0201,GRT033C80G104KE01D,https://spexx.com/catalog/CAP-8747
CAP-9438,Monterro,ITEM,Capacitors,ACTIVE,2.13,USD,EA,CAP MLCC X6S 0.10uF 10% 0201,Capacitors - CAP MLCC X6S 0.10uF 10% 0201,GRT033C80J104KE01D,https://spexx.com/catalog/CAP-9438
CAP-2263,Monterro,ITEM,Capacitors,ACTIVE,2.20,USD,EA,CAP MLCC X6S 0.22uF 10% 0201,Capacitors - CAP MLCC X6S 0.22uF 10% 0201,GRT033C80J224KE01D,https://spexx.com/catalog/CAP-2263
CAP-8588,Monterro,ITEM,Capacitors,ACTIVE,1.31,USD,EA,CAP MLCC X6S 0.33uF 10% 0402,Capacitors - CAP MLCC X6S 0.33uF 10% 0402,GRT155C80J334KE01D,https://spexx.com/catalog/CAP-8588
CAP-1348,Monterro,ITEM,Capacitors,ACTIVE,1.63,USD,EA,CAP MLCC X6S 0.47uF 10% 0402,Capacitors - CAP MLCC X6S 0.47uF 10% 0402,GRT155C80J474KE01D,https://spexx.com/catalog/CAP-1348
CAP-6181,Monterro,ITEM,Capacitors,ACTIVE,2.58,USD,EA,CAP MLCC X6S 1.0uF 10% 0402,Capacitors - CAP MLCC X6S 1.0uF 10% 0402,GRT155C81C105KE13D,https://spexx.com/catalog/CAP-6181
CAP-5001,Monterro,ITEM,Capacitors,ACTIVE,2.47,USD,EA,CAP MLCC X6S 1.0uF 10% 0603,Capacitors - CAP MLCC X6S 1.0uF 10% 0603,GRT188C81E105KE13D,https://spexx.com/catalog/CAP-5001
CAP-2660,Monterro,ITEM,Capacitors,ACTIVE,1.49,USD,EA,CAP MLCC X6S 10uF 20% 0603,Capacitors - CAP MLCC X6S 10uF 20% 0603,GRT188C81C106ME13D,https://spexx.com/catalog/CAP-2660
CAP-8251,Monterro,ITEM,Capacitors,ACTIVE,1.71,USD,EA,CAP MLCC X6S 2.2uF 10% 0402,Capacitors - CAP MLCC X6S 2.2uF 10% 0402,GRT155C81A225KE13D,https://spexx.com/catalog/CAP-8251
CAP-1987,Monterro,ITEM,Capacitors,ACTIVE,1.19,USD,EA,CAP MLCC X6S 2.2uF 10% 0402,Capacitors - CAP MLCC X6S 2.2uF 10% 0402,GRT155C80J225KE01D,https://spexx.com/catalog/CAP-1987
CAP-2111,Monterro,ITEM,Capacitors,ACTIVE,1.71,USD,EA,CAP MLCC X6S 22uF 20% 0603,Capacitors - CAP MLCC X6S 22uF 20% 0603,GRT188C80J226ME13D,https://spexx.com/catalog/CAP-2111
CAP-8104,Monterro,ITEM,Capacitors,ACTIVE,2.89,USD,EA,CAP MLCC X6S 22uF 20% 0805,Capacitors - CAP MLCC X6S 22uF 20% 0805,GRT21BC81A226ME13L,https://spexx.com/catalog/CAP-8104
CAP-3864,Monterro,ITEM,Capacitors,ACTIVE,1.20,USD,EA,CAP MLCC X6S 4.7uF 10% 0603,Capacitors - CAP MLCC X6S 4.7uF 10% 0603,GRT188C81C475KE13D,https://spexx.com/catalog/CAP-3864
CAP-2313,Monterro,ITEM,Capacitors,ACTIVE,2.10,USD,EA,CAP MLCC X6S 4.7uF 10% 0603,Capacitors - CAP MLCC X6S 4.7uF 10% 0603,GRT188C81E475KE13D,https://spexx.com/catalog/CAP-2313
CAP-9150,Monterro,ITEM,Capacitors,ACTIVE,1.15,USD,EA,CAP MLCC X6S 4.7uF 20% 0402,Capacitors - CAP MLCC X6S 4.7uF 20% 0402,GRT155C80J475ME13D,https://spexx.com/catalog/CAP-9150
CAP-8039,Monterro,ITEM,Capacitors,ACTIVE,2.47,USD,EA,CAP MLCC X6S 4.7uF 20% 0603,Capacitors - CAP MLCC X6S 4.7uF 20% 0603,GRT188C81E475ME13D,https://spexx.com/catalog/CAP-8039
CAP-5383,Monterro,ITEM,Capacitors,ACTIVE,1.57,USD,EA,CAP MLCC X7R 1.0uF 10% 0402,Capacitors - CAP MLCC X7R 1.0uF 10% 0402,GRT155R70J105KE01D,https://spexx.com/catalog/CAP-5383
CAP-3195,Monterro,ITEM,Capacitors,ACTIVE,1.49,USD,EA,CAP MLCC X7R 1000pF 10% 0201,Capacitors - CAP MLCC X7R 1000pF 10% 0201,GRT033R71E102KE01D,https://spexx.com/catalog/CAP-3195
CAP-7757,Monterro,ITEM,Capacitors,ACTIVE,2.09,USD,EA,CAP 0.22uF 10% 16V X7R 0402,Capacitors - CAP 0.22uF 10% 16V X7R 0402,GRT155R71C224KE01D,https://spexx.com/catalog/CAP-7757
CAP-1357,Monterro,ITEM,Capacitors,ACTIVE,1.26,USD,EA,CAP 0.47uF 10% 16V X6S 0402,Capacitors - CAP 0.47uF 10% 16V X6S 0402,GRT155C81C474KE01D,https://spexx.com/catalog/CAP-1357
CAP-4822,Monterro,ITEM,Capacitors,ACTIVE,2.11,USD,EA,CAP 10000pF 10% 16V X7R 0402,Capacitors - CAP 10000pF 10% 16V X7R 0402,GRT155R71C103KE01D,https://spexx.com/catalog/CAP-4822
CAP-5663,Monterro,ITEM,Capacitors,ACTIVE,1.44,USD,EA,CAP 1000pF 10% 50V X7R 0402,Capacitors - CAP 1000pF 10% 50V X7R 0402,GRT155R71H102KE01D,https://spexx.com/catalog/CAP-5663
CAP-6796,Monterro,ITEM,Capacitors,ACTIVE,2.20,USD,EA,CAP 3300pF 10% 50V X7R 0402,Capacitors - CAP 3300pF 10% 50V X7R 0402,GRT155R71H332KE01D,https://spexx.com/catalog/CAP-6796
CAP-8410,Monterro,ITEM,Capacitors,ACTIVE,2.03,USD,EA,CAP X6S 1.0uF 10% 25V 0402,Capacitors - CAP X6S 1.0uF 10% 25V 0402,GRT155C81E105KE13D,https://spexx.com/catalog/CAP-8410
CAP-8241,Monterro,ITEM,Capacitors,ACTIVE,2.92,USD,EA,CAP X7R 10000pF 10% 10V 0201,Capacitors - CAP X7R 10000pF 10% 10V 0201,GRT033R71A103KE01D,https://spexx.com/catalog/CAP-8241
CAP-8726,Monterro,ITEM,Capacitors,ACTIVE,1.61,USD,EA,MLCC 4.7uF 10% 100V X7S 1210,Capacitors - MLCC 4.7uF 10% 100V X7S 1210,GCJ32DC72A475KE01L,https://spexx.com/catalog/CAP-8726
CAP-2765,Monterro,ITEM,Capacitors,ACTIVE,1.02,USD,EA,MLCC X7R 0.47uF 50V 10% 0805,Capacitors - MLCC X7R 0.47uF 50V 10% 0805,GRT21BR71H474KE01L,https://spexx.com/catalog/CAP-2765
FIL-6243,Monterro,ITEM,Filters,ACTIVE,2.19,USD,EA,200uH Common Mode Filters,Filters - 200uH Common Mode Filters,DLW43MH201XK2L,https://spexx.com/catalog/FIL-6243
IND-6061,Monterro,ITEM,Inductors,ACTIVE,2.47,USD,EA,2.2UH Inductor,Inductors - 2.2UH Inductor,DFEH7030D-2R2M=P3,https://spexx.com/catalog/IND-6061
IND-8854,Monterro,ITEM,Inductors,ACTIVE,1.83,USD,EA,FerBead 220Ohms100MHz 2A 0603,Inductors - FerBead 220Ohms100MHz 2A 0603,BLM18EG221SZ1D,https://spexx.com/catalog/IND-8854
IND-7885,Monterro,ITEM,Inductors,ACTIVE,2.82,USD,EA,FERCHIP120OHM-100MHZ 0.5A 0402,Inductors - FERCHIP120OHM-100MHZ 0.5A 0402,BLM15AG121SH1D,https://spexx.com/catalog/IND-7885
IND-8436,Monterro,ITEM,Inductors,ACTIVE,1.98,USD,EA,Ferrite0603 120OHMS-55Cto흮,Inductors - Ferrite0603 120OHMS-55Cto흮,BLM18SG121TZ1D,https://spexx.com/catalog/IND-8436
IND-7447,Monterro,ITEM,Inductors,ACTIVE,2.65,USD,EA,IND 1.0nH0.1nH750mA17000MHz,Inductors - IND 1.0nH0.1nH750mA17000MHz,LQP03TN1N0BZ2D,https://spexx.com/catalog/IND-7447
IND-6102,Monterro,ITEM,Inductors,ACTIVE,1.97,USD,EA,IND 1.2nH0.1nH750mA17000MHz,Inductors - IND 1.2nH0.1nH750mA17000MHz,LQP03TN1N2BZ2D,https://spexx.com/catalog/IND-6102
IND-7550,Monterro,ITEM,Inductors,ACTIVE,1.42,USD,EA,IND 1.5nH0.1nH600mA15000MHz,Inductors - IND 1.5nH0.1nH600mA15000MHz,LQP03TN1N5BZ2D,https://spexx.com/catalog/IND-7550
IND-8973,Monterro,ITEM,Inductors,ACTIVE,1.48,USD,EA,IND 1008 1.5uH20%3.3A0.060ohms,Inductors - IND 1008 1.5uH20%3.3A0.060ohms,DFE252012PD-1R5M=P2,https://spexx.com/catalog/IND-8973
IND-9603,Monterro,ITEM,Inductors,ACTIVE,1.81,USD,EA,IND 10nH3%500mA0.19ohm 3300MHz,Inductors - IND 10nH3%500mA0.19ohm 3300MHz,LQG15WZ10NH02D,https://spexx.com/catalog/IND-9603
IND-1554,Monterro,ITEM,Inductors,ACTIVE,1.78,USD,EA,IND 10uH +20% 0.1MHz 50V DC,Inductors - IND 10uH +20% 0.1MHz 50V DC,DFEG10040D-100M=P3,https://spexx.com/catalog/IND-1554
IND-6739,Monterro,ITEM,Inductors,ACTIVE,1.12,USD,EA,IND 12nH 3% 250mA 2900MHz,Inductors - IND 12nH 3% 250mA 2900MHz,LQP03TN12NHZ2D,https://spexx.com/catalog/IND-6739
IND-6878,Monterro,ITEM,Inductors,ACTIVE,1.88,USD,EA,IND 12nH 5% 250mA 2900MHz,Inductors - IND 12nH 5% 250mA 2900MHz,LQP03TN12NJZ2D,https://spexx.com/catalog/IND-6878
IND-8458,Monterro,ITEM,Inductors,ACTIVE,2.72,USD,EA,IND 15nH 3% 250mA 2600MHz,Inductors - IND 15nH 3% 250mA 2600MHz,LQP03TN15NHZ2D,https://spexx.com/catalog/IND-8458
IND-3167,Monterro,ITEM,Inductors,ACTIVE,2.31,USD,EA,IND 1uH 20% 3.8A ISAT 0.042Ohm,Inductors - IND 1uH 20% 3.8A ISAT 0.042Ohm,DFE252012PD-1R0M=P2,https://spexx.com/catalog/IND-3167
IND-7593,Monterro,ITEM,Inductors,ACTIVE,1.60,USD,EA,IND 2.0nH0.1nH600mA12500MHz,Inductors - IND 2.0nH0.1nH600mA12500MHz,LQP03TN2N0BZ2D,https://spexx.com/catalog/IND-7593
IND-6782,Monterro,ITEM,Inductors,ACTIVE,2.17,USD,EA,IND 2.2uH 20% 46mOhms AEC-Q200,Inductors - IND 2.2uH 20% 46mOhms AEC-Q200,DFE322520FD-2R2M=P2,https://spexx.com/catalog/IND-6782
IND-3360,Monterro,ITEM,Inductors,ACTIVE,2.23,USD,EA,IND 2.2uH20%2.8A ISAT 0.084Ohm,Inductors - IND 2.2uH20%2.8A ISAT 0.084Ohm,DFE252012PD-2R2M=P2,https://spexx.com/catalog/IND-3360
IND-7600,Monterro,ITEM,Inductors,ACTIVE,1.60,USD,EA,IND 2.3nH0.1nH500mA10000MHz,Inductors - IND 2.3nH0.1nH500mA10000MHz,LQP03TN2N3BZ2D,https://spexx.com/catalog/IND-7600
IND-6706,Monterro,ITEM,Inductors,ACTIVE,1.10,USD,EA,IND 2.5nH0.1nH500mA10000MHz,Inductors - IND 2.5nH0.1nH500mA10000MHz,LQP03TN2N5BZ2D,https://spexx.com/catalog/IND-6706
IND-4990,Monterro,ITEM,Inductors,ACTIVE,1.44,USD,EA,IND 2.6nH0.1nH500mA10000MHz,Inductors - IND 2.6nH0.1nH500mA10000MHz,LQP03TN2N6BZ2D,https://spexx.com/catalog/IND-4990
IND-9750,Monterro,ITEM,Inductors,ACTIVE,1.10,USD,EA,IND 2.7nH0.1nH500mA10000MHz,Inductors - IND 2.7nH0.1nH500mA10000MHz,LQP03TN2N7BZ2D,https://spexx.com/catalog/IND-9750
IND-9878,Monterro,ITEM,Inductors,ACTIVE,2.77,USD,EA,IND 2.7nH0.2nH500mA10000MHz,Inductors - IND 2.7nH0.2nH500mA10000MHz,LQP03TN2N7CZ2D,https://spexx.com/catalog/IND-9878
IND-1399,Monterro,ITEM,Inductors,ACTIVE,1.21,USD,EA,IND 22nH 3% 150mA 2200MHz,Inductors - IND 22nH 3% 150mA 2200MHz,LQP03TN22NHZ2D,https://spexx.com/catalog/IND-1399
IND-4845,Monterro,ITEM,Inductors,ACTIVE,2.83,USD,EA,IND 24nH 3% 140mA 2000MHz,Inductors - IND 24nH 3% 140mA 2000MHz,LQP03TN24NHZ2D,https://spexx.com/catalog/IND-4845
IND-8535,Monterro,ITEM,Inductors,ACTIVE,2.29,USD,EA,IND 3.0nH 0.1nH450mA9500MHz,Inductors - IND 3.0nH 0.1nH450mA9500MHz,LQP03TN3N0BZ2D,https://spexx.com/catalog/IND-8535
IND-7445,Monterro,ITEM,Inductors,ACTIVE,2.25,USD,EA,IND 3.2nH 0.1nH450mA8000MHz,Inductors - IND 3.2nH 0.1nH450mA8000MHz,LQP03TN3N2BZ2D,https://spexx.com/catalog/IND-7445
IND-8803,Monterro,ITEM,Inductors,ACTIVE,1.14,USD,EA,IND 3.3nH 0.1nH450mA8000MHz,Inductors - IND 3.3nH 0.1nH450mA8000MHz,LQP03TN3N3BZ2D,https://spexx.com/catalog/IND-8803
IND-5972,Monterro,ITEM,Inductors,ACTIVE,2.00,USD,EA,IND 39nH 3% 120mA 1500MHz,Inductors - IND 39nH 3% 120mA 1500MHz,LQP03TN39NHZ2D,https://spexx.com/catalog/IND-5972
IND-6223,Monterro,ITEM,Inductors,ACTIVE,1.22,USD,EA,IND 4.0nH 0.1nH350mA5300MHz,Inductors - IND 4.0nH 0.1nH350mA5300MHz,LQP03TN4N0BZ2D,https://spexx.com/catalog/IND-6223
IND-4828,Monterro,ITEM,Inductors,ACTIVE,2.59,USD,EA,IND 4.3nH 3% 350mA5300MHz,Inductors - IND 4.3nH 3% 350mA5300MHz,LQP03TN4N3HZ2D,https://spexx.com/catalog/IND-4828
IND-2921,Monterro,ITEM,Inductors,ACTIVE,2.90,USD,EA,IND 4.7nH 3% 350mA4400MHz,Inductors - IND 4.7nH 3% 350mA4400MHz,LQP03TN4N7HZ2D,https://spexx.com/catalog/IND-2921
IND-6523,Monterro,ITEM,Inductors,ACTIVE,2.40,USD,EA,IND 5.1nH 3% 350mA4200MHz,Inductors - IND 5.1nH 3% 350mA4200MHz,LQP03TN5N1HZ2D,https://spexx.com/catalog/IND-6523
IND-4517,Monterro,ITEM,Inductors,ACTIVE,2.59,USD,EA,IND 5.1nH 5% 350mA4200MHz,Inductors - IND 5.1nH 5% 350mA4200MHz,LQP03TN5N1JZ2D,https://spexx.com/catalog/IND-4517
IND-7166,Monterro,ITEM,Inductors,ACTIVE,2.27,USD,EA,IND 5.6nH 3% 350mA4000MHz,Inductors - IND 5.6nH 3% 350mA4000MHz,LQP03TN5N6HZ2D,https://spexx.com/catalog/IND-7166
IND-2617,Monterro,ITEM,Inductors,ACTIVE,2.05,USD,EA,IND 5.6nH 5% 350mA4000MHz,Inductors - IND 5.6nH 5% 350mA4000MHz,LQP03TN5N6JZ2D,https://spexx.com/catalog/IND-2617
IND-8447,Monterro,ITEM,Inductors,ACTIVE,1.22,USD,EA,IND 56nH 3%250mA0.82ohm 800MHz,Inductors - IND 56nH 3%250mA0.82ohm 800MHz,LQG15HZ56NH02D,https://spexx.com/catalog/IND-8447
IND-7149,Monterro,ITEM,Inductors,ACTIVE,2.55,USD,EA,IND 6.2nH 3% 300mA4000MHz,Inductors - IND 6.2nH 3% 300mA4000MHz,LQP03TN6N2HZ2D,https://spexx.com/catalog/IND-7149
IND-3671,Monterro,ITEM,Inductors,ACTIVE,2.03,USD,EA,IND 6.8nH 3% 300mA3900MHz,Inductors - IND 6.8nH 3% 300mA3900MHz,LQP03TN6N8HZ2D,https://spexx.com/catalog/IND-3671
IND-1968,Monterro,ITEM,Inductors,ACTIVE,1.63,USD,EA,IND 8.2nH 3% 250mA3600MHz,Inductors - IND 8.2nH 3% 250mA3600MHz,LQP03TN8N2HZ2D,https://spexx.com/catalog/IND-1968
IND-1437,Monterro,ITEM,Inductors,ACTIVE,2.78,USD,EA,INDUCTOR CHIP 1.5uH 20% 50MHz,Inductors - INDUCTOR CHIP 1.5uH 20% 50MHz,LQM2MPZ1R5MG0L,https://spexx.com/catalog/IND-1437
THR-3049,Monterro,ITEM,Thermistors,ACTIVE,2.46,USD,EA,NTC Therm 100K 1% AEC-Q200,Thermistors - NTC Therm 100K 1% AEC-Q200,NCU15WF104F6SRC,https://spexx.com/catalog/THR-3049
